Workbook
Name HHD_MC: 'Tổng hợp'!$B$33

Sheet Dữ liệu nguồn
C4: CÔNG TY TNHH NEPO
A5: Số 26/63/36 đường Vạn Mỹ, Phường Vạn Mỹ, Quận Ngô Quyền, TP. Hải Phòng
A6: MST: 0201588208 | C6: ĐT: 031.6.260956 / Fax: 0313753956
A7: CÔNG NỢ PHẢI THU KHÁCH HÀNG T6.2019
A8: STT | B8: KHÁCH HÀNG | C8: NỢ CŨ | D8: PHÁT SINH TRONG THÁNG | F8: THANH TOÁN | H8: SỐ TIỀN CÒN NỢ | I8: GHI CHÚ
D9: SỐ TIỀN | E9: GBN | F9: SỐ TIỀN | G9: NGÀY THÁNG
A11: 1 | B11: MỘC SƯƠNG | C11: 950 | H11: =C11+SUM(D11:D13)-SUM(F11:F13) -> 950
A14: 2 | B14: LIGARDEN | C14: 0 | D14: 30308850 | E14: LG19003 | F14: 30308850 | G14: 43612 | H14: =C14+SUM(D14:D16)-SUM(F14:F16) -> 0
A17: 3 | B17: ĐẠI LỘC | C17: 0 | H17: =C17+SUM(D17:D19)-SUM(F17:F19) -> 0
A20: 4 | B20: TÂN LẬP MC | C20: 15446000 | D20: 46338000 | E20: TLMC1905001 | F20: 15446000 | G20: 43605 | H20: =C20+D20-F20-F21-F22 -> 0
F21: 36338000 | G21: 43629
F22: 10000000 | G22: 43629
A23: 5 | B23: VISTA | C23: 45867037 | D23: 7903000 | E23: BKT5 | F23: 45867037 | G23: 43605 | H23: =C23+SUM(D23:D28)-SUM(F23:F28) -> 7903000
A29: 6 | B29: VINATEA MỘC CHÂU | C29: 104524650 | F29: 100000000 | G29: 43601 | H29: =C29+SUM(D29:D36)-SUM(F29:F36) -> 4524650 | I29: nợ t4
L35: 1375000
L36: 783000
A37: 7 | B37: VIỆT PHÁT | L37: 1100000
L38: =SUM(L35:L37) -> 3258000
A40: 8 | B40: TRÀ THU ĐAN | C40: 35553 | H40: =C40+SUM(D40:D41)-SUM(F40:F41) -> 35553
A42: 9 | B42: SATOEN | C42: 0 | H42: =C42+SUM(D42:D43)-SUM(F42:F43) -> 0
A44: 10 | B44: KHÍ VINA | C44: 2888300 | D44: 2958200 | E44: VNG1905001 | F44: 2888900 | G44: 43602 | H44: =C44+SUM(D44:D45)-SUM(F44:F45) -> -600
F45: 2958200 | G45: 43634
A46: 11 | B46: CỜ ĐỎ MỘC CHÂU | C46: 26586000 | F46: 26586000 | G46: 43626 | H46: =C46+SUM(D46:D50)-SUM(F46:F50) -> 0
L49: =250000+31461+176300 -> 457761
L50: =25*250000 -> 6250000
A51: 12 | B51: QUỐC CƯỜNG | C51: 0 | H51: =C51+SUM(D51:D57)-SUM(F51:F57) -> 0 | L51: =+L50*0.1 -> 625000
L52: =+L50+L51 -> 6875000
A58: 13 | B58: EIDAI | C58: -20000 | H58: =C58+SUM(D58:D68)-SUM(F58:F68) -> -20000
A69: 14 | B69: NGÔ PHÚ THỌ | C69: 0 | H69: =C69+SUM(D69:D73)-SUM(F69:F73) -> 0
A74: 15 | B74: SAO VÀNG | C74: 0 | H74: =C74+D74-F74 -> 0
A75: 16 | B75: VIETSUN | C75: 71330000 | D75: 21970000 | E75: BKT5 | F75: 25380000 | G75: 43595 | H75: =C75+SUM(D75:D77)-SUM(F75:F77) -> 21970000
F76: 45950000 | G76: 43630
A78: 17 | B78: TÂN VIỆT HƯNG | C78: 256280000 | D78: 197600000 | E78: BKT5 | F78: 70040000 | G78: 43595 | H78: =C78+SUM(D78:D83)-SUM(F78:F83) -> 233840000 | I78: NỢ PHẦN T4
F80: 50000000 | G80: 43621
F81: 100000000 | G81: 43631 | J81: =+C78+D78-F78 -> 383840000
A84: 18 | B84: TOÀN CẦU | C84: 0 | H84: =C84+D84-F84 -> 0
A85: 19 | B85: TRƯỜNG PHÁT | C85: 0 | H85: =C85+D85+D86-F85-F86 -> 0
A87: 20 | B87: LỢI SƠN ĐIỀN | C87: 0 | H87: =C87+D87-F87 -> 0
A88: 21 | B88: SAO Á | C88: 0 | H88: =C88+D88-F88 -> 0
A89: 22 | B89: DŨNG DMC | C89: 0 | H89: =C89+D89-F89 -> 0
A90: 23 | B90: MR THÀNH | C90: 0 | H90: =C90+D90-F90 -> 0
A91: 24 | B91: CHÈ MỸ LÂM | C91: 32058000 | D91: =54096000+2500000 -> 56596000 | E91: BKT5 | F91: 32058000 | G91: 43630 | H91: =C91+SUM(D91:D95)-SUM(F91:F95) -> 56596000 | I91: nợ t4 32.058.000, nợ T5 54.096.000
A96: 25 | B96: HOÀNG TRUNG DŨNG | C96: 0 | H96: =C96+C97+D96+D97-F96-F97 -> 0
A98: 26 | B98: CHÈ VIỆT NAM | C98: 0 | H98: =C98+C99+D98+D99-F98-F99 -> 0
A100: 27 | B100: KHẢI SKY | C100: 0 | H100: =C100+D100-F100 -> 0 | K100: =6807368-7113700 -> -306332
A101: 28 | B101: CHỊ HUYỀN | C101: 0 | H101: =C101+D101-F101 -> 0
A102: 29 | B102: HAVICO | C102: 0 | H102: =C102+D102-F102 -> 0
A103: 30 | B103: PHÚ TÀI | C103: 0 | D103: 23056450 | E103: PTF19008 | F103: 25956400 | G103: 43593 | H103: =C104+SUM(D103:D107)-SUM(F103:F107) -> 0
C104: 25956400 | F104: 23056450 | G104: 43619
A108: 30 | B108: AN THY
A110: 32 | B110: AN HƯNG MỘC CHÂU | C110: 51923500 | H110: =C110+C111+D110+D111-F110-F111 -> 51923500 | I110: công nợ treo trên sổ sách | J110: ĐỐI TRỪ CÔNG NỢ CHO NHAU
A112: 33 | B112: CHÈ TÔ MÚA | C112: -51923350 | D112: 44323272 | E112: CTM19004 | H112: =C112+SUM(D112:D113)-SUM(F112:F113) -> -7600078 | I112: CTM19004 đã tt vào TK cá nhân. Công nơ trên sổ sách còn ck thừa 7.600.078
A115: 34 | B115: SAO THÁI DƯƠNG | C115: 350 | H115: =C115+D115-F115 -> 350
A116: 35 | B116: CHÈ THÀNH CÔNG | C116: 0 | H116: =C116+D116-F116 -> 0
A117: 36 | B117: LATCA JSC | C117: 0 | H117: =C117+D117-F117 -> 0
A118: 37 | B118: AN PHÁT | C118: 0 | H118: =C118+D118-F118 -> 0
A119: 38 | B119: QUÁN ANH | C119: 0 | H119: =C119+D119-F119 -> 0
A120: 39 | B120: QUẢNG BÌNH | C120: 0 | H120: =C120+D120-F120 -> 0
A121: 40 | B121: A KHÁNH APL | C121: 0 | H121: =C121+D121-F121 -> 0
A122: 41 | B122: NHẬT NAM | C122: 0 | H122: =C122+D122-F122 -> 0
A123: 42 | B123: BÁCH AN | C123: 0 | H123: =C123+D123-F123 -> 0
A124: 43 | B124: ANH TRÍ HQ | C124: 0 | H124: =C124+D124-F124 -> 0
A125: 44 | B125: MR. HÁU | C125: 0 | H125: =C125+D125-F125-F126 -> 0
A127: 45 | B127: HORY - MINH PHƯƠNG | C127: 500 | H127: =C127+D127+D128-F127-F128 -> 500
A129: 46 | B129: VẬT TƯ NÔNG NGHIỆP | C129: 0 | H129: =C129+SUM(D129:D132)-SUM(F129:F132) -> 0
A133: 47 | B133: HẢI NINH | C133: 0
A134: 48 | B134: ĐẠI PHÚC LỘC | C134: 0 | H134: =C134+D134-F134 -> 0
A135: 49 | B135: KNL | C135: 0 | H135: =C135+SUM(D135:D136)-SUM(F135:F136) -> 0
A137: 50 | B137: TRANSCON- AEGLE SHIPPING | C137: 0 | H137: =C137+SUM(D137:D138)-SUM(F137:F138) -> 0
A139: 51 | B139: NAM CHÂM | C139: 0 | H139: =C139+SUM(D139:D140)-SUM(F139:F140) -> 0
A141: 52 | B141: HHA | C141: 1572925 | H141: =C141+D141-F141 -> 1572925
A142: 53 | B142: SOTRANS HN | C142: 0 | H142: =C142+SUM(D142:D144)-SUM(F142:F144) -> 0
A145: 54 | B145: GLS | C145: 0 | H145: =C145+SUM(D145:D147)-SUM(F145:F147) -> 0
A149: 55 | B149: HẢI ĐĂNG | C149: 21859090 | D149: 46800000 | E149: BK T5/2019 | F149: 21859090 | G149: 43598 | H149: =C149+D149-F149 -> 46800000
A150: 56 | B150: GNVT HONG HAI | C150: 0 | H150: =C150+D150-F150 -> 0
A151: 57 | B151: ACC10 | C151: 0 | H151: =C151+D151-F151 -> 0
A152: 58 | B152: TECHCONVINA | C152: 0 | H152: =C152+D152-F152 -> 0
A153: 59 | B153: XÂY DỰNG 556 | C153: 0 | H153: =C153+SUM(D153)-SUM(F153) -> 0
A154: 60 | B154: LOGISTICS CHÂU Á | C154: 0 | H154: =C154+SUM(D154:D155)-SUM(F154:F155) -> 0
A156: 61 | B156: SDCC | C156: 0 | H156: =C156+D156-F156 -> 0
A157: 62 | B157: AN KHÁNH | C157: 0 | D157: 60600000 | E157: BK T5/2019 | H157: =C157+D157-F157 -> 60600000
A158: 63 | B158: ANH ĐOÀN | D158: 6540000 | E158: BK T5/2019 | H158: =C158+SUM(D158:D159)-SUM(F158:F159) -> 6540000
A160: 64 | B160: DMC | C160: 0 | D160: 3400000 | E160: DMC9001 | H160: =C160+D160-F160 -> 3400000
A161: 65 | B161: GIZA | C161: -20000 | H161: =C161+SUM(D161:D162)-SUM(F161:F162) -> -20000
A163: 66 | B163: NGUỒN SAO XANH | C163: 0 | H163: =C163+D163-F163 -> 0
A164: 67 | B164: CHỊ THOA | C164: 142880000 | D164: 11580000 | E164: BK T5/2019 | F164: 67760000 | G164: 43613 | H164: =C164+SUM(D164:D165)-SUM(F164:F165) -> 86700000 | I164: nợ t4
A166: 68 | B166: PHÂN NINH BÌNH | C166: 0 | H166: =C166+SUM(D166:D170)-SUM(F166:F170) -> 0
A171: 69 | B171: TRÀ LV | C171: 0 | H171: =C171+SUM(D171:D172)-SUM(F171:F172) -> 0
A173: 70 | B173: VIETSKY | C173: 0 | H173: =C173+D173-F173 -> 0
A174: 71 | B174: BÁCH AN | C174: 0 | H174: =C174+D174-F174 -> 0
A175: 72 | B175: TRANG THÀNH | C175: 0 | H175: =C175+D175-F175 -> 0
A176: 73 | B176: LÊ MINH | C176: 0 | H176: =C176+SUM(D176:D177)-SUM(F176:F177) -> 0
A178: 74 | B178: MINH BẮC GIANG | C178: 0 | H178: =C178+SUM(D178:D179)-SUM(F178:F179) -> 0
A180: 75 | B180: YI JIIN | C180: 0 | H180: =C180+D180-F180 -> 0
A181: 76 | B181: LONG HOÀNG ANH | C181: 0
B182: TUÂN THÀNH PHÁT | C182: 0 | H182: =C182+D182-F182 -> 0
A183: 77 | B183: TRE CN MỘC CHÂU | C183: 0 | H183: =C183+D183-F183 -> 0
A184: 78 | B184: VIETIMEX | C184: 140000000 | D184: 46200000 | E184: BK T5/2019 | F184: 10000000 | G184: 43587 | H184: =C184+SUM(D184:D188)-SUM(F184:F188) -> 46200000
F185: 90000000 | G185: 43587
F186: 40000000 | G186: 43619
...

Sheet Tổng hợp
A1: CÔNG NỢ PHẢI THU, PHẢI TRẢ 2024-2025
F2: Ngày tháng | G2: =TODAY() -> 45784
A3: STT | B3: Tên đơn vị | C3: Phải thu | D3: Phải trả | E3: Ghi chú
A4: 1 | B4: ='Mộc Sương'!D3 -> Mộc Sương | C4: ='Mộc Sương'!F7 -> 0
A5: 2 | B5: =Ligarden!D3 -> Ligarden | C5: =Ligarden!F7 -> 0
A6: 3 | B6: ='Tan Lap MC'!D3 -> Tân Lập MC | C6: ='Tan Lap MC'!F7 -> 27330030 | E6: Nợ T4
A7: 4 | B7: =Vista!D3 -> Vista | C7: =Vista!F7 -> 25988000 | E7: Nợ T4
A8: 5 | B8: ='Vinatea MC'!D3 -> Vinatea MC | C8: ='Vinatea MC'!F7 -> 76640050 | E8: Nợ T3,4
A9: 6 | B9: ='Tra Thu Dan'!D3 -> Trà Thu Đan | C9: ='Tra Thu Dan'!F7 -> 240291120 | E9: Nợ T1,2,3,4
A10: 7 | B10: ='Khi Vina'!D3 -> Khí Vina | C10: ='Khi Vina'!F7 -> 800
A11: 8 | B11: ='Codo MC'!D3 -> Cờ đỏ Mộc Châu | C11: ='Codo MC'!F7 -> 0
A12: 9 | B12: ='Hải Nam'!D3 -> Hải Nam | C12: ='Hải Nam'!F7 -> 0
A13: 10 | B13: =Vietsun!D3 -> Vietsun | C13: =Vietsun!F7 -> 1.750924e+08 | E13: Nợ T3,4
A14: 11 | B14: ='Tan Viet Hung'!D3 -> Tân Việt Hưng | C14: ='Tan Viet Hung'!F7 -> 256338000 | E14: Nợ T2, T3,4
A15: 12 | B15: ='Che My Lam'!D3 -> Chè Mỹ Lâm | C15: ='Che My Lam'!F7 -> 107972800 | E15: Nợ T3,4
A16: 13 | B16: ='Phu Tai'!D3 -> Phú Tài | C16: ='Phu Tai'!F7 -> 43740800 | E16: Nợ T3,4
A17: 14 | B17: ='Hai Dang'!D3 -> Hải Đăng | C17: ='Hai Dang'!F7 -> 79308000 | E17: Nợ T1,2,3,4
A18: 15 | B18: An Khánh | D18: ='An Khanh'!F7 -> -6696000 | E18: Trả T4
A19: 16 | B19: ='Hong Anh Phat'!D3 -> Anh Đoàn (Hồng Anh Phát) | C19: ='Hong Anh Phat'!F7 -> 41151200 | E19: Nợ T2,T3 Trả T4
A20: 17 | B20: ='Anh Phương VS'!D3 -> Anh Phương Vietsun | C20: ='Anh Phương VS'!F7 -> 1700000 | E20: Nợ T2
A21: 18 | B21: =Vietimex!D3 -> Vietimex | C21: =Vietimex!F7 -> 0
A22: 19 | B22: ='Hùng Thuận'!D3 -> Hùng Thuận | C22: ='Hùng Thuận'!F7 -> 14862400 | E22: Nợ T12,2,4
A23: 20 | B23: =Satoen!D3 -> Fire Phoenix | C23: =Satoen!F7 -> 0
A24: 21 | B24: ='KHÁCH LẺ'!D3 -> Khách lẻ | D24: ='KHÁCH LẺ'!F7 -> 0
A25: 22 | B25: ='Vượng Phát'!D3 -> Vượng Phát | D25: ='Vượng Phát'!F7 -> -42660000 | E25: Trả T4
A26: 23 | B26: ='Anh Hiệp'!D3 -> Anh Hiệp | C26: ='Anh Hiệp'!F7 -> 0
A27: 24 | B27: CTY Hân Trang | D27: ='Hân Trang'!F7 -> 0
A28: 25 | B28: Chè Mường Hoa' | D28: ='Chè Mường Hoa'!F7 -> 0
A29: 26 | B29: Chè Tô Múa | C29: ='Chè Tô Múa'!F7 -> 0
A30: 27 | B30: TUÂN THÀNH PHÁT | D30: ='TUÂN THÀNH PHÁT'!F7 -> 0
A31: 28 | B31: ='VIỆT VƯƠNG'!D3 -> VIỆT VƯƠNG | C31: ='VIỆT VƯƠNG'!F7 -> 23400000 | E31: Nợ T7.20
A32: 29 | B32: CTY AT-AT | C32: ='CTY AT-AT'!F7 -> 0
A33: 30 | B33: HHD MC | C33: ='HHD MC'!F7 -> 0
A34: 31 | B34: TỔNG CTY CHÈ' | C34: ='TỔNG CTY CHÈ'!F7 -> 0
A35: 32 | B35: LÊ MINH | C35: ='LÊ MINH'!F7 -> 0
A36: 33 | B36: Mr Huy VS | C36: ='Mr Huy VS'!F7 -> 0
A37: 34 | B37: Mr Huấn VS | C37: ='Mr Huấn VS'!F7 -> 0
A38: 35 | B38: Chè Nà Tân | C38: ='Chè Nà Tân'!F7 -> 0
A39: 36 | B39: Cty Thuận Vũ | C39: ='Cty Thuận Vũ'!F7 -> 4428000 | E39: Nợ T2
A40: 37 | B40: Nam Tùng' | D40: ='Nam Tùng'!F7 -> -5832000 | E40: Trả T4
A41: 38 | B41: Indigo | C41: =Indigo!F7 -> 76080800 | E41: Nợ T3, T4
A42: 39 | B42: ARI | C42: ='ARI+ SONATA'!F7 -> 0
A43: 40 | B43: Nitoda | C43: =Nitoda!F7 -> 6.78092e+08 | E43: Nợ T4
A44: 41 | B44: Công nghệ cao Hòa Bình | C44: ='CN Cao HB'!F7 -> 0
A45: 42 | B45: Cty Phúc An | C45: ='Phúc An'!F7 -> 0
A46: 43 | B46: Bông sen vàng | C46: ='Bông sen vàng'!F7 -> 14310000 | E46: Nợ 2
A47: 44 | B47: Vinatea F&B | C47: ='Vinatea F&B'!F7 -> 0
B49: TỔNG CỘNG | C49: =SUM(C4:C46) -> 1.8867264e+09 | D49: =SUM(D4:D46) -> -55188000
P54: =SUM(P41:P51) -> 0

Sheet Mộc Sương
G1: TH
A2: BẢNG KÊ CHI TIẾT CÔNG NỢ
A3: Khách hàng | D3: Mộc Sương
E4: Số dư đầu kỳ | F4: 950
A5: Ngày tháng | D5: =+'Tổng hợp'!$G$2 -> 45784 | E5: Phát sinh Nợ | F5: =SUM(D10:D68) -> 490979150
E6: Phát sinh Có | F6: =SUM(E10:E68) -> 490980100
E7: Số dư cuối kỳ | F7: =+F4+F5-F6 -> 0
A8: STT | B8: Ngày tháng | C8: Diễn giải | D8: Phát sinh | F8: Lũy kế | G8: Ghi chú
D9: Nợ | E9: Có
A10: 1 | B10: 43622 | C10: Giấy báo nợ số MS19001 | D10: 26567900 | F10: =D10+F4 -> 26568850
A11: 2 | B11: 43654 | C11: Công ty chè Mộc Sương thanh toán tiền MS19001 | E11: 26567000 | F11: =F10+D11-E11 -> 1850
A12: 3 | B12: 43677 | C12: Giấy báo nợ số MS19002 | D12: 26819450 | F12: =F11+D12-E12 -> 26821300
A13: 4 | B13: 43704 | C13: Công ty chè Mộc Sương thanh toán tiền MS19002 | E13: 26819450 | F13: =F12+D13-E13 -> 1850
A14: 5 | B14: 26/9/2019 | C14: GBN MS19003 | D14: 26819450 | F14: =F13+D14-E14 -> 26821300
A15: 6 | B15: 21/10/2019 | C15: GBN MS19004 | D15: 22069750 | F15: =F14+D15-E15 -> 48891050
A16: 7 | B16: 43776 | C16: MS thanh toán | E16: =48890100+950 -> 48891050 | F16: =F15+D16-E16 -> 0
A17: 8 | B17: 28/4/2020 | C17: GBN MS20001 | D17: 26687400 | F17: =F16+D17-E17 -> 26687400
A18: 9 | B18: 43983 | C18: MS thanh toán | E18: 26687400 | F18: =F17+D18-E18 -> 0
A19: 10 | B19: 43991 | C19: GBN MS20002 | D19: 24650550 | F19: =F18+D19-E19 -> 24650550
A20: 11 | B20: 44028 | C20: GBN MS20003 | D20: 23813950 | F20: =F19+D20-E20 -> 48464500
A21: 12 | B21: 44035 | C21: MS thanh toán | E21: 48464950 | F21: =F20+D21-E21 -> -450
A22: 13 | B22: 44321 | C22: GBN MS21001 | D22: 40225450 | F22: =F21+D22-E22 -> 40225000
A23: 14 | B23: 44336 | C23: MS thanh toán | E23: 40225450 | F23: =F22+D23-E23 -> -450
A24: 15 | B24: 44398 | C24: GBN MS21002 | D24: 40442950 | F24: =F23+D24-E24 -> 40442500
A25: 16 | B25: 44428 | C25: GBN MS21003 | D25: 46254400 | F25: =F24+D25-E25 -> 86696900
A26: 17 | B26: 44447 | C26: MS thanh toán | E26: =86697350-450 -> 86696900 | H26: xử lý 450 chênh lệch
A27: 18 | B27: 44803 | C27: GBN MS22001 | D27: 57276950
A28: 19 | B28: 44827 | C28: MS thanh toán | E28: 57276950
A29: 20 | B29: 45182 | C29: GBN MS23001 | D29: 43241200
A30: 21 | B30: 45229 | C30: GBN MS23002 | D30: 34352550
A31: 22 | B31: 45245 | C31: GBN MS23003 | D31: 28352800
A32: 23 | B32: 45257 | C32: MS thanh toán | E32: 105946550
A33: 24 | B33: 45541 | C33: GBN MS24001 | D33: 23404400
B34: 45560 | C34: MS thanh toán | E34: 23404400

Sheet Ligarden
G1: TH
A2: BẢNG KÊ CHI TIẾT CÔNG NỢ
A3: Khách hàng | D3: Ligarden
E4: Số dư đầu kỳ | F4: 0
A5: Ngày tháng | D5: =+'Tổng hợp'!$G$2 -> 45784 | E5: Phát sinh Nợ | F5: =SUM(D10:D68) -> 601493208
E6: Phát sinh Có | F6: =SUM(E10:E68) -> 601493208
E7: Số dư cuối kỳ | F7: =+F4+F5-F6 -> 0
A8: STT | B8: Ngày tháng | C8: Diễn giải | D8: Phát sinh | F8: Ghi chú
D9: Nợ | E9: Có
A10: 1 | B10: 43778 | C10: GBN LG19004 | D10: 31282450
A11: 2 | B11: 43656 | C11: Ligarden thanh toán | E11: 31282450
A12: 3 | B12: 26/12/2019 | C12: GBN LG19005 | D12: 34553550
A13: 4 | B13: 44044 | C13: GBN LG19006 | D13: 31258150
A14: 5 | B14: 16/1/2019 | C14: Ligarden thanh toán | E14: 65811700
A15: 6 | B15: 14/3/2020 | C15: LG20001NK | D15: 38734500
A16: 7 | B16: 25/3/2020 | C16: Ligarden thanh toán | E16: 38734500
A17: 8 | B17: 44124 | C17: LG20002 | D17: 25569950
A18: 9 | B18: 44140 | C18: Ligarden thanh toán | E18: 25569950
A19: 10 | B19: 44352 | C19: LG21001NK | D19: 5021006
A20: 11 | B20: 44354 | C20: Tiền thuế HĐ | D20: 200000
A21: 12 | B21: 44354 | C21: Ligarden thanh toán | E21: 5221006
A22: 13 | B22: 44615 | C22: LG22001 | D22: 66037200
A23: 14 | B23: 44650 | C23: Ligarden thanh toán | E23: 66037200
A24: 15 | B24: 44705 | C24: LG22003 | D24: 43148450
A25: 16 | B25: 44714 | C25: GBN LG22001NK | D25: 23174604
A26: 17 | B26: 44718 | C26: Ligarden thanh toán | E26: 66323054
A27: 18 | B27: 44747 | C27: LG22004 | D27: 62029950
A28: 19 | B28: 44761 | C28: Ligarden thanh toán | E28: 62029950
A29: 20 | B29: 44848 | C29: LG22005 | D29: 41442383
A30: 21 | B30: 44872 | C30: Ligarden thanh toán | E30: 41442383
A31: 22 | B31: 45022 | C31: LG23001NK | D31: 42730460
A32: 23 | C32: Ligarden thanh toán | E32: 42730460
A33: 24 | B33: 45068 | C33: LG23002 | D33: 43448895
A34: 25 | B34: 45072 | C34: Ligarden thanh toán | E34: 43448895
A35: 26 | B35: 45377 | C35: LG24001 | D35: 37182300
A36: 27 | B36: 45387 | C36: Ligarden thanh toán | E36: 37182300
A37: 28 | B37: 45405 | C37: LG24002 | D37: 31460160
A38: 29 | B38: 45414 | C38: Ligarden thanh toán | E38: 31460160
A39: 30 | B39: 45553 | C39: LG24003 | D39: 44219200
A40: 31 | B40: 45573 | C40: Ligarden thanh toán | E40: 44219200
A41: 32
A42: 33
A43: 34
A44: 35

Sheet Tan Lap MC
G1: TH
A2: BẢNG KÊ CHI TIẾT CÔNG NỢ
A3: Khách hàng | D3: Tân Lập MC
E4: Số dư đầu kỳ | F4: 46338000
A5: Ngày tháng | D5: =+'Tổng hợp'!$G$2 -> 45784 | E5: Phát sinh Nợ | F5: =SUM(D10:D200) -> 1489489210
E6: Phát sinh Có | F6: =SUM(E10:E200) -> 1508497180
E7: Số dư cuối kỳ | F7: =+F4+F5-F6 -> 27330030
A8: STT | B8: Ngày tháng | C8: Diễn giải | D8: Phát sinh | F8: Lũy kế | G8: Ghi chú
D9: Nợ | E9: Có
A10: 1 | B10: 43629 | C10: Tân Lập MC thanh toán tiền | E10: 36338000 | F10: =F4-E10 -> 10000000
A11: 2 | B11: 43629 | C11: Tân Lập MC thanh toán tiền | E11: 10000000 | F11: =F10+D11-E11 -> 0
A12: 3 | B12: 43645 | C12: Công nợ phát sinh trong T6/2019 | D12: 30932000 | F12: =F11+D12-E12 -> 30932000
A13: 4 | B13: 43656 | C13: Tân Lập MC thanh toán tiền | E13: 30932000 | F13: =F12+D13-E13 -> 0
A14: 5 | B14: 43677 | C14: Công nợ phát sinh trong T7/2019 | D14: 32270000 | F14: =F13+D14-E14 -> 32270000
A15: 6 | B15: 30/8/2019 | C15: Tân Lập MC thanh toán tiền | E15: 32270000 | F15: =F14+D15-E15 -> 0
A16: 7 | B16: 31/10/2019 | C16: Công nợ phát sinh T10 | D16: 10722000 | F16: =F15+D16-E16 -> 10722000
A17: 8 | B17: 24/11/2019 | C17: GBN TLMC1911001 | D17: 32270000 | F17: =F16+D17-E17 -> 42992000
A18: 9 | B18: 13/12/2019 | C18: TLMC thanh toán | E18: 42992000 | F18: =F17+D18-E18 -> 0
A19: 10 | B19: 31/3/2020 | C19: GBN TLMC2003001 | D19: 16916000 | F19: =F18+D19-E19 -> 16916000
A20: 11 | B20: 14/4/2020 | C20: TLMC thanh toán | E20: 16916000 | F20: =F19+D20-E20 -> 0
A21: 12 | B21: 29/4/2020 | C21: GBN TLMC2004001 | D21: 44988000 | F21: =F20+D21-E21 -> 44988000
A22: 13 | B22: 44048 | C22: TLMC thanh toán | E22: 44988000 | F22: =F21+D22-E22 -> 0
A23: 14 | B23: 30/5/2020 | C23: GBN TLC2005001 | D23: 46368000 | F23: =F22+D23-E23 -> 46368000
A24: 15 | B24: 17/6/2020 | C24: TLMC thanh toán | E24: 46368000 | F24: =F23+D24-E24 -> 0
A25: 16 | B25: 30/6/2020 | C25: GBN TLMC2006001 | D25: 23822000 | F25: =F24+D25-E25 -> 23822000
A26: 17 | B26: 44021 | C26: TLMC thanh toán | E26: 23822000 | F26: =F25+D26-E26 -> 0
A27: 18 | B27: 44043 | C27: GBN TLMC2007001 | D27: 29072000 | F27: =F26+D27-E27 -> 29072000
A28: 19 | B28: 44064 | C28: TLMC thanh toán | E28: 29072000 | F28: =F27+D28-E28 -> 0
A29: 20 | B29: 44074 | C29: GBN TLMC2008001 | D29: 25202000 | F29: =F28+D29-E29 -> 25202000
A30: 21 | B30: 44092 | C30: TLMC thanh toán | E30: 25202000 | F30: =F29+D30-E30 -> 0
A31: 22 | B31: 44104 | C31: GBN TLMC 2009001 | D31: 43728000 | F31: =F30+D31-E31 -> 43728000
A32: 23 | B32: 44135 | C32: GBN TLMC 2010001 | D32: 29172000 | F32: =F31+D32-E32 -> 72900000
A33: 24 | B33: 44137 | C33: TLMC thanh toán | E33: 43728000 | F33: =F32+D33-E33 -> 29172000
A34: 25 | B34: 44167 | C34: TLMC thanh toán | E34: 29172000 | F34: =F33+D34-E34 -> 0
A35: 26 | B35: 44165 | C35: GBN TLMC 20110001 | D35: 14580000 | F35: =F34+D35-E35 -> 14580000
A36: 27 | B36: 44229 | C36: TLMC thanh toán | E36: 14580000 | F36: =F35+D36-E36 -> 0
A37: 28 | B37: 44284 | C37: GBN CTL21001 | D37: 11968950 | F37: =F36+D37-E37 -> 11968950
A38: 29 | B38: 44284 | C38: TLMC thanh toán | E38: 11968950 | F38: =F37+D38-E38 -> 0 | G38: TM
A39: 30 | B39: 44286 | C39: GBN TLMC2103001 | D39: 29338000 | F39: =F38+D39-E39 -> 29338000
A40: 31 | B40: 44309 | C40: TLMC thanh toán | E40: 29338000 | F40: =F39+D40-E40 -> 0
A41: 32 | B41: 44315 | C41: GBN TLMC2104001 | D41: 30429000 | F41: =F40+D41-E41 -> 30429000
A42: 33 | B42: 44340 | C42: TLMC thanh toán | E42: 30429000 | F42: =F41+D42-E42 -> 0
A43: 34 | B43: 44347 | C43: GBN TLMC2105001 | D43: 47278000 | F43: =F42+D43-E43 -> 47278000
A44: 35 | B44: 44354 | C44: GBN TLMC2106001 | D44: 8394000 | F44: =F43+D44-E44 -> 55672000
A45: 36 | B45: 44354 | C45: TLMC thanh toán | E45: 8394000 | F45: =F44+D45-E45 -> 47278000
A46: 37 | B46: 44365 | C46: TLMC thanh toán | E46: 47278000 | F46: =F45+D46-E46 -> 0
A47: 38 | B47: 44377 | C47: GBN TLMC2106002 | D47: 47288000 | F47: =F46+D47-E47 -> 47288000
A48: 39 | B48: 44407 | C48: GBN TLMC2107001 | D48: 31971900 | F48: =F47+D48-E48 -> 79259900
A49: 40 | B49: 44426 | C49: TLMC thanh toán | E49: 47288000 | F49: =F48+D49-E49 -> 31971900
A50: 41 | B50: 44439 | C50: GBN TLMC2108001 | D50: 15478000 | F50: =F49+D50-E50 -> 47449900
A51: 42 | B51: 44462 | C51: TLMC thanh toán | E51: 31971900 | F51: =F50+D51-E51 -> 15478000
A52: 43 | B52: 44468 | C52: GBN CTL21002 | D52: 22694950 | F52: =F51+D52-E52 -> 38172950
A53: 44 | B53: 44469 | C53: GBN TLMC 2109001 | D53: 16912800 | F53: =F52+D53-E53 -> 55085750
A54: 45 | B54: 44491 | C54: TLMC thanh toán | E54: 38172950 | F54: =F53+D54-E54 -> 16912800
A55: 46 | B55: 44509 | C55: GBN CTL21003 | D55: 17083750 | F55: =F54+D55-E55 -> 33996550
A56: 47 | B56: 44515 | C56: GBN TLMC 2111001 | D56: 16012000 | F56: =F55+D56-E56 -> 50008550
A57: 48 | B57: 44539 | C57: TLMC thanh toán | E57: 50008550 | F57: =F56+D57-E57 -> 0
A58: 49 | B58: 44650 | C58: GBN TLMC2203001 | D58: 17930400 | F58: =F57+D58-E58 -> 17930400
A59: 50 | B59: 44663 | C59: GBN TLMC22001NK | D59: 25983305 | F59: =F58+D59-E59 -> 43913705
A60: 51 | B60: 44669 | C60: TLMC thanh toán | E60: 43913705 | F60: =F59+D60-E60 -> 0
A61: 52 | B61: 44680 | C61: GBN TLMC2204001 | D61: 62464400 | F61: =F60+D61-E61 -> 62464400
A62: 53 | B62: 44700 | C62: GBN CTL22002 | D62: 18997950 | F62: =F61+D62-E62 -> 81462350
A63: 54 | B63: 44701 | C63: TLMC thanh toán | E63: 62464400 | F63: =F62+D63-E63 -> 18997950
A64: 55 | B64: 44708 | C64: GBN TLMC2205001 | D64: 50381200 | F64: =F63+D64-E64 -> 69379150
A65: 56 | B65: 44727 | C65: TLMC thanh toán | E65: 50381200 | F65: =F64+D65-E65 -> 18997950
A66: 57 | B66: 44741 | C66: GBN TLMC2206001 | D66: 71076800 | F66: =F65+D66-E66 -> 90074750
A67: 58 | B67: 44741 | C67: TLMC thanh toán | E67: 18997950 | F67: =F66+D67-E67 -> 71076800 | G67: CK anh Phụng
A68: 59 | B68: 44767 | C68: TLMC thanh toán | E68: 71076800 | F68: =F67+D68-E68 -> 0
A69: 60 | B69: 44769 | C69: GBN CTL22004 | D69: 20292700 | F69: =F68+D69-E69 -> 20292700
A70: 61 | B70: 44770 | C70: GBN TLMC2207001 | D70: 36478000 | F70: =F69+D70-E70 -> 56770700
A71: 62 | B71: 44792 | C71: TLMC thanh toán | E71: 56770700 | F71: =F70+D71-E71 -> 0
A72: 63 | B72: 44803 | C72: GBN TLMC2208001 | D72: 36017200 | F72: =F71+D72-E72 -> 36017200
A73: 64 | B73: 44833 | C73: GBN TLMC2209001 | D73: 16784400 | F73: =F72+D73-E73 -> 52801600
A74: 65 | B74: 44859 | C74: TLMC thanh toán | E74: 52801600 | F74: =F73+D74-E74 -> 0
A75: 66 | B75: 44865 | C75: GBn TLMC2210001 | D75: 16534400 | F75: =F74+D75-E75 -> 16534400
A76: 67 | B76: 44932 | C76: TLMC thanh toán | E76: 16534400 | F76: =F75+D76-E76 -> 0 | G76: CK anh Phụng
A77: 68 | B77: 45044 | C77: TLMC2304001 | D77: 15595000 | F77: =F76+D77-E77 -> 15595000
A78: 69 | B78: 45074 | C78: TLMC thanh toán | E78: 15595000 | F78: =F77+D78-E78 -> 0 | G78: Ck Anh Phụng
A79: 70 | B79: 45106 | C79: TLMC2306001 | D79: 27440000 | F79: =F78+D79-E79 -> 27440000
A80: 71 | B80: 45113 | C80: TLMC thanh toán | E80: 27440000 | F80: =F79+D80-E80 -> 0
A81: 72 | B81: 45138 | C81: TLMC2307001 | D81: 15330000 | F81: =F80+D81-E81 -> 15330000
A82: 73 | B82: 45167 | C82: TLMC thanh toán | E82: 15330000 | F82: =F81+D82-E82 -> 0 | G82: CK anh Phụng
A83: 74 | B83: 45213 | C83: TLMC2310001 | D83: 19582800 | F83: =F82+D83-E83 -> 19582800
A84: 75 | B84: 45223 | C84: TLMC2310002 | D84: 17079100 | F84: =F83+D84-E84 -> 36661900
A85: 76 | B85: 45245 | C85: TLMC thanh toán | E85: =D83+D84 -> 36661900 | F85: =F84+D85-E85 -> 0 | G85: Ck anh Phụng | J85: =E78+E82+E85 -> 67586900
A86: 77 | B86: 45281 | C86: TLMC2312001 | D86: 16207400 | F86: =F85+D86-E86 -> 16207400
A87: 78 | B87: 45306 | C87: TLMC thanh toán | E87: 16207400 | F87: =F86+D87-E87 -> 0
A88: 79 | B88: 45385 | C88: TLMC2404001 | D88: 16974000 | F88: =F87+D88-E88 -> 16974000
A89: 80 | B89: 45402 | C89: TLMC2404002 | D89: 40980600 | F89: =F88+D89-E89 -> 57954600
A90: 81 | B90: 45404 | C90: TLMC thanh toán | E90: 16974000 | F90: =F89+D90-E90 -> 40980600 | G90: Ck anh Phụng
A91: 82 | B91: 45415 | C91: TLMC2405001 | D91: 24071100 | F91: =F90+D91-E91 -> 65051700
A92: 83 | B92: 45425 | C92: TLMC thanh toán | E92: 40980600 | F92: =F91+D92-E92 -> 24071100
A93: 84 | B93: 45440 | C93: TLMC 2405002 | D93: 24456115 | F93: =F92+D93-E93 -> 48527215
A94: 85 | B94: 45478 | C94: TLMC thanh toán | E94: 48527215 | F94: =F93+D94-E94 -> 0
A95: 86 | B95: 45481 | C95: TLMC240701 | D95: 33331200 | F95: =F94+D95-E95 -> 33331200
A96: 87 | B96: 45492 | C96: TLMC240702 | D96: 62614160 | F96: =F95+D96-E96 -> 95945360
A97: 88 | B97: 45517 | C97: TLMC thanh toán | E97: 62614160 | F97: =F96+D97-E97 -> 33331200
A98: 89 | B98: 45531 | C98: TLMC2408001 | D98: 27364300 | F98: =F97+D98-E98 -> 60695500
A99: 90 | B99: 45541 | C99: TLMC thanh toán | E99: 33331200 | F99: =F98+D99-E99 -> 27364300
A100: 91 | B100: 45553 | C100: TLMC2409001 | D100: 27295300 | F100: =F99+D100-E100 -> 54659600
...

Sheet Vista
G1: TH
A2: BẢNG KÊ CHI TIẾT CÔNG NỢ
A3: Khách hàng | D3: Vista
E4: Số dư đầu kỳ | F4: 7903000 | K4: Đã gửi lại HĐ nguyên tắc, sau đó sẽ email đề nghị thanh toán nốt T5/2019
A5: Ngày tháng | D5: =+'Tổng hợp'!$G$2 -> 45784 | E5: Phát sinh Nợ | F5: =SUM(D10:D200) -> 1778700998
E6: Phát sinh Có | F6: =SUM(E10:E200) -> 1760615998
E7: Số dư cuối kỳ | F7: =+F4+F5-F6 -> 25988000
A8: STT | B8: Ngày tháng | C8: Diễn giải | D8: Phát sinh | F8: Ghi chú
D9: Nợ | E9: Có
A10: 1 | B10: 43645 | C10: Công nợ T6/2019 | D10: 21061200 | H10: =F4+D10-E10 -> 28964200
A11: 2 | B11: 43663 | C11: Vista thanh toán công nợ T6/2019 | E11: 21061200 | H11: =H10+D11-E11 -> 7903000
A12: 3 | B12: 43693 | C12: Vista thanh toán công nợ T5/2019 | E12: 7903000 | H12: =H11+D12-E12 -> 0
A13: 4 | B13: 30/9/2019 | C13: GBN VTA1909001 | D13: 12017700 | H13: =H12+D13-E13 -> 12017700
A14: 5 | B14: 43745 | C14: Vista thanh toán công nợ T9 | E14: 12017700 | H14: =H13+D14-E14 -> 0
A15: 6 | B15: 29/10/2019 | C15: VTA19002NK | D15: 1988892 | H15: =H14+D15-E15 -> 1988892
A16: 7 | B16: 31/10/2019 | C16: Công nợ phát sinh T10 | D16: 9800000 | H16: =H15+D16-E16 -> 11788892
A17: 8 | B17: 19/11/2019 | C17: Vista thanh toán công nợ T10 | E17: 11788892 | H17: =H16+D17-E17 -> 0
A18: 9 | B18: 30/11/2019 | C18: Phát sinh công nợ T11 | D18: =25421000+5775610 -> 31196610 | H18: =H17+D18-E18 -> 31196610
A19: 10 | B19: 16/12/2019 | C19: Vista thanh toán | E19: 31196610 | H19: =H18+D19-E19 -> 0
A20: 11 | B20: 31/12/2019 | C20: Phát sinh công nợ T12 | D20: 35109000 | H20: =H19+D20-E20 -> 35109000
A21: 12 | B21: 15/1/2019 | C21: Vista thanh toán | E21: 35109000 | H21: =H20+D21-E21 -> 0
A22: 13 | B22: 31/1/2020 | C22: VTA2001001 | D22: 35853000 | H22: =H21+D22-E22 -> 35853000
A23: 14 | B23: 29/2/2020 | C23: VTA2002001 | D23: 6492000 | H23: =H22+D23-E23 -> 42345000
A24: 15 | B24: 44138 | C24: Vista thanh toán | E24: 35853000 | H24: =H23+D24-E24 -> 6492000
A25: 16 | B25: 15/4/2020 | C25: Vista thanh toán | E25: 6492000 | H25: =H24+D25-E25 -> 0
A26: 17 | B26: 43927 | C26: VTA20001NK | D26: 5221060 | H26: =H25+D26-E26 -> 5221060
A27: 18 | B27: 30/6/2020 | C27: Phát sinh công nợ T6 | D27: 39602000 | H27: =H26+D27-E27 -> 44823060
A28: 19 | B28: 44021 | C28: Vista thanh toán | E28: 44823060 | H28: =H27+D28-E28 -> 0
A29: 20 | B29: 44043 | C29: Phát sinh công nợ T7 | D29: 25392000 | H29: =H28+D29-E29 -> 25392000
A30: 21 | B30: 44057 | C30: Vista thanh toán | E30: 25392000 | H30: =H29+D30-E30 -> 0
A31: 22 | B31: 44074 | C31: Phát sinh công nợ T8 | D31: 20039000 | H31: =H30+D31-E31 -> 20039000
A32: 23 | B32: 44083 | C32: Vista thanh toán | E32: 20039000 | H32: =H31+D32-E32 -> 0
A33: 24 | B33: 44104 | C33: Phát sinh công nợ T9 | D33: 19063000 | H33: =H32+D33-E33 -> 19063000
A34: 25 | B34: 44116 | C34: Vista thanh toán | E34: 19063000 | H34: =H33+D34-E34 -> 0
A35: 26 | B35: 44135 | C35: Phát sinh công nợ T10 | D35: 12738000 | H35: =H34+D35-E35 -> 12738000
A36: 27 | B36: 44155 | C36: Vista thanh toán | E36: 12738000 | H36: =H35+D36-E36 -> 0
A37: 28 | B37: 44165 | C37: Phát sinh công nợ T11 | D37: 6163000 | H37: =H36+D37-E37 -> 6163000
A38: 29 | B38: 44172 | C38: Vista thanh toán | E38: 6163000 | H38: =H37+D38-E38 -> 0
A39: 30 | B39: 44196 | C39: Phát sinh công nợ T12.20 | D39: 18695000 | H39: =H38+D39-E39 -> 18695000
A40: 31 | B40: 44209 | C40: Vista thanh toán | E40: 18695000 | H40: =H39+D40-E40 -> 0
A41: 32 | B41: 44227 | C41: Phát sinh công nợ T1.21 | D41: 6411000 | H41: =H40+D41-E41 -> 6411000
A42: 33 | B42: 44231 | C42: Vista thanh toán | E42: 6411000 | H42: =H41+D42-E42 -> 0
A43: 34 | B43: 44315 | C43: Phát sinh công nợ T04.21 | D43: 14762000 | H43: =H42+D43-E43 -> 14762000
A44: 35 | B44: 44327 | C44: Vista thanh toán | E44: 14762000 | H44: =H43+D44-E44 -> 0
A45: 36 | B45: 44375 | C45: Phát sinh công nợ T06.21 | D45: 14841000 | H45: =H44+D45-E45 -> 14841000
A46: 37 | B46: 44377 | C46: Vista thanh toán | E46: 14841000 | H46: =H45+D46-E46 -> 0
A47: 38 | B47: 44407 | C47: Phát sinh công nợ T07.21 | D47: 20525500 | H47: =H46+D47-E47 -> 20525500
A48: 39 | B48: 44420 | C48: Vista thanh toán | E48: 20525500 | H48: =H47+D48-E48 -> 0
A49: 40 | B49: 44438 | C49: Phát sinh công nợ T08.21 | D49: 6764000 | H49: =H48+D49-E49 -> 6764000
A50: 41 | B50: 44455 | C50: Vista thanh toán | E50: 6764000 | H50: =H49+D50-E50 -> 0
A51: 42 | B51: 44469 | C51: Phát sinh công nợ t09.21 | D51: 15392790 | H51: =H50+D51-E51 -> 15392790
A52: 43 | B52: 44470 | C52: GBN VTA21001NK | D52: 7084116 | H52: =H51+D52-E52 -> 22476906
A53: 44 | B53: 44488 | C53: Vista thanh toán | E53: 15392790 | H53: =H52+D53-E53 -> 7084116
A54: 45 | B54: 44494 | C54: Vista thanh toán | E54: 7084116 | H54: =H53+D54-E54 -> 0
A55: 46 | B55: 44499 | C55: GBN VTA2110001 | D55: 40743672 | H55: =H54+D55-E55 -> 40743672
A56: 47 | B56: 44510 | C56: Vista thanh toán | E56: 40743672 | H56: =H55+D56-E56 -> 0
A57: 48 | B57: 44531 | C57: GBN VTA211101 | D57: 7131000 | H57: =H56+D57-E57 -> 7131000
A58: 49 | B58: 44543 | C58: Vista thanh toán | E58: 7131000 | H58: =H57+D58-E58 -> 0
A59: 50 | B59: 44560 | C59: GBN VTA211201 | D59: 7274000 | H59: =H58+D59-E59 -> 7274000
A60: 51 | B60: 44578 | C60: Vista thanh toán | E60: 7274000 | H60: =H59+D60-E60 -> 0
A61: 52 | B61: 44589 | C61: GBN VTA2201001 | D61: 14937000 | H61: =H60+D61-E61 -> 14937000
A62: 53 | B62: 44620 | C62: GBN VTA2202001 | D62: 7488450 | H62: =H61+D62-E62 -> 22425450
A63: 54 | B63: 44636 | C63: Vista thanh toán | E63: 22425450 | H63: =H62+D63-E63 -> 0
A64: 55 | B64: 44650 | C64: GBN VAT2203001 | D64: 15740800 | H64: =H63+D64-E64 -> 15740800
A65: 56 | B65: 44669 | C65: Vista thanh toán | E65: 15740800 | H65: =H64+D65-E65 -> 0
A66: 57 | B66: 44680 | C66: GBN VAT2204001 | D66: 24421200 | H66: =H65+D66-E66 -> 24421200
A67: 58 | B67: 44690 | C67: Vista thanh toán | E67: 24421200 | H67: =H66+D67-E67 -> 0
A68: 59 | B68: 44711 | C68: GBN VTA2205001 | D68: 44375600 | H68: =H67+D68-E68 -> 44375600
A69: 60 | B69: 44729 | C69: Vista thanh toán | E69: 44375600 | H69: =H68+D69-E69 -> 0
A70: 61 | B70: 44742 | C70: GBN VTA2206001 | D70: 22632400 | H70: =H69+D70-E70 -> 22632400
A71: 62 | B71: 44754 | C71: Vista thanh toán | E71: 22632400 | H71: =H70+D71-E71 -> 0
A72: 63 | B72: 44771 | C72: GBN VTA2207001 | D72: 25834400 | H72: =H71+D72-E72 -> 25834400
A73: 64 | B73: 44785 | C73: Vista thanh toán | E73: 25834400 | H73: =H72+D73-E73 -> 0
A74: 65 | B74: 44833 | C74: GBN VTA2209001 | D74: 57912800 | H74: =H73+D74-E74 -> 57912800
A75: 66 | B75: 44837 | C75: Vista thanh toán | E75: 57912800 | H75: =H74+D75-E75 -> 0
A76: 67 | B76: 44864 | C76: GBN VTA2210001 | D76: 49383200 | H76: =H75+D76-E76 -> 49383200
A77: 68 | B77: 44879 | C77: Vista thanh toán | E77: 49383200 | H77: =H76+D77-E77 -> 0
A78: 69 | B78: 44895 | C78: GBN VAT2211001 | D78: 17132800 | H78: =H77+D78-E78 -> 17132800
A79: 70 | B79: 44925 | C79: GBN VTA2212001 | D79: 73513200 | H79: =H78+D79-E79 -> 90646000
A80: 71 | B80: 44925 | C80: Vista thanh toán | E80: 90646000 | H80: =H79+D80-E80 -> 0
A81: 72 | B81: 44957 | C81: GBN VTA2301001 | D81: 16593408 | H81: =H80+D81-E81 -> 16593408
A82: 73 | B82: 44973 | C82: Vista thanh toán | E82: 16593408 | H82: =H81+D82-E82 -> 0
A83: 74 | B83: 45015 | C83: GBN VTA2303001 | D83: 73635000 | H83: =H82+D83-E83 -> 73635000
A84: 75 | B84: 45029 | C84: Vista thanh toán | E84: 73635000 | H84: =H83+D84-E84 -> 0
A85: 76 | B85: 45044 | C85: GBN VTA2304001 | D85: 17871000 | H85: =H84+D85-E85 -> 17871000
A86: 77 | B86: 45056 | C86: Vista thanh toán | E86: 17871000 | H86: =H85+D86-E86 -> 0
A87: 78 | B87: 45076 | C87: GBN VTA2305001 | D87: 33947000 | H87: =H86+D87-E87 -> 33947000
A88: 79 | B88: 45086 | C88: Vista thanh toán | E88: 33947000 | H88: =H87+D88-E88 -> 0
A89: 80 | B89: 45107 | C89: GBN VTA2306001 | D89: 17384000 | H89: =H88+D89-E89 -> 17384000
A90: 81 | B90: 45112 | C90: Vista thanh toán | E90: 17384000 | H90: =H89+D90-E90 -> 0
A91: 82 | B91: 45138 | C91: GBN VTA2307001 | D91: 31112000 | H91: =H90+D91-E91 -> 31112000
A92: 83 | B92: 45149 | C92: Vista thanh toán | E92: 31112000 | H92: =H91+D92-E92 -> 0
A93: 84 | B93: 45169 | C93: GBN VTA2308001 | D93: 75461000 | H93: =H92+D93-E93 -> 75461000
A94: 85 | B94: 45180 | C94: Vista thanh toán | E94: 75461000 | H94: =H93+D94-E94 -> 0
A95: 86 | B95: 45199 | C95: GBN VTA2309001 | D95: 34248800 | H95: =H94+D95-E95 -> 34248800
A96: 87 | B96: 45216 | C96: Vista thanh toán | E96: 34248800 | H96: =H95+D96-E96 -> 0
A97: 88 | B97: 45230 | C97: GBN VTA2310001 | D97: 27450000 | H97: =H96+D97-E97 -> 27450000
A98: 89 | B98: 45236 | C98: Vista thanh toán | E98: 27450000 | H98: =H97+D98-E98 -> 0
A99: 90 | B99: 45260 | C99: GBN VTA2311001 | D99: 16601200 | H99: =H98+D99-E99 -> 16601200
A100: 91 | B100: 45271 | C100: Vista thanh toán | E100: 16601200 | H100: =H99+D100-E100 -> 0
...

Sheet Vinatea MC
G1: TH
A2: BẢNG KÊ CHI TIẾT CÔNG NỢ
A3: Khách hàng | D3: Vinatea MC
E4: Số dư đầu kỳ | F4: 4524650
A5: Ngày tháng | D5: =+'Tổng hợp'!$G$2 -> 45784 | E5: Phát sinh Nợ | F5: =SUM(D10:D500) -> 5486142741
E6: Phát sinh Có | F6: =SUM(E10:E500) -> 5414027341
E7: Số dư cuối kỳ | F7: =+F4+F5-F6 -> 76640050
A8: STT | B8: Ngày tháng | C8: Diễn giải | D8: Phát sinh | F8: Ghi chú
D9: Nợ | E9: Có
A10: 1 | B10: 43629 | C10: Giấy báo nợ số MCT19005 | D10: 37251250 | F10: =F4+D10-E10 -> 41775900
A11: 2 | B11: 43640 | C11: Giấy báo nợ số MCT19006 | D11: 28163450 | F11: =F10+D11-E11 -> 69939350
A12: 3 | B12: 43677 | C12: Giấy báo nợ số MCT19007 | D12: 128682564 | F12: =F11+D12-E12 -> 198621914
A13: 4 | B13: 43677 | C13: Giấy báo nợ số MCT19008 | D13: 45895233 | F13: =F12+D13-E13 -> 244517147
A14: 5 | B14: 43683 | C14: Vinatea MC thanh toán | E14: 100000000 | F14: =F13+D14-E14 -> 144517147
A15: 6 | B15: 43696 | C15: Vinatea MC thanh toán | E15: 100000000 | F15: =F14+D15-E15 -> 44517147
A16: 7 | B16: 43717 | C16: Vinatea MC thanh toán | E16: 40000000 | F16: =F15+D16-E16 -> 4517147
A17: 8 | B17: 18/9/2019 | C17: Giấy báo nợ số MCT19009 | D17: 42915864 | F17: =F16+D17-E17 -> 47433011
A18: 9 | B18: 18/9/2019 | C18: Giấy báo nợ số MCT19010 | D18: 28160850 | F18: =F17+D18-E18 -> 75593861
A19: 10 | B19: 19/9/2019 | C19: Vinatea MC thanh toán | E19: 50000000 | F19: =F18+D19-E19 -> 25593861
A20: 11 | B20: 43506 | C20: Giấy báo nợ số MCT19011 | D20: 85788376 | F20: =F19+D20-E20 -> 111382237
A21: 12 | B21: 16/10/2019 | C21: Vinatea MC thanh toán | E21: 25593861 | F21: =F20+D21-E21 -> 85788376
A22: 13 | B22: 18/10/2019 | C22: Vinatea MC thanh toán | E22: 50000000 | F22: =F21+D22-E22 -> 35788376
A23: 14 | B23: 43596 | C23: GBN MCT19012 | D23: 82110376 | F23: =F22+D23-E23 -> 117898752
A24: 15 | B24: 43781 | C24: GBN MCT19013 | D24: 28649550 | F24: =F23+D24-E24 -> 146548302
A25: 16 | B25: 43720 | C25: Vinatea MC thanh toán | E25: 120000000 | F25: =F24+D25-E25 -> 26548302
A26: 17 | B26: 30/12/2019 | C26: MCT 19014 | D26: 93522400 | F26: =F25+D26-E26 -> 120070702
A27: 18 | B27: 13/1/2020 | C27: Vinatea MC thanh toán | E27: 120070702 | F27: =F26+D27-E27 -> 0
A28: 19 | B28: 21/4/2020 | C28: GBN MCT20001 | D28: 52269000 | F28: =F27+D28-E28 -> 52269000
A29: 20 | B29: 21/4/2020 | C29: GBN MCT20002 | D29: 96787000 | F29: =F28+D29-E29 -> 149056000
A30: 21 | B30: 21/4/2020 | C30: GBN MCT20003 | D30: 96632000 | F30: =F29+D30-E30 -> 245688000
A31: 22 | B31: 28/4/2020 | C31: GBN MCT20004 | D31: 30366200 | F31: =F30+D31-E31 -> 276054200
A32: 23 | B32: 44017 | C32: Vinatea MC thanh toán | E32: 150000000 | F32: =F31+D32-E32 -> 126054200
A33: 24 | B33: 43895 | C33: Vinatea MC thanh toán | E33: 50000000 | F33: =F32+D33-E33 -> 76054200
A34: 25 | B34: 27/5/2020 | C34: BS phí gia hạn freetime cho 2 lô MCT20002+003 | D34: 9420000 | F34: =F33+D34-E34 -> 85474200
A35: 26 | B35: 15/6/2020 | C35: GBN MCT20006 | D35: 25067450 | F35: =F34+D35-E35 -> 110541650
A36: 27 | B36: 17/6/2020 | C36: Vinatea MC thanh toán | E36: 85474200 | F36: =F35+D36-E36 -> 25067450
A37: 28 | B37: 18/6/2020 | C37: GBN MCT20005 | D37: 90184000 | F37: =F36+D37-E37 -> 115251450
A38: 29 | B38: 24/06/2020 | C38: GBN MCT20005-1 | D38: 6993000 | F38: =F37+D38-E38 -> 122244450
A39: 30 | B39: 29/6/2020 | C39: Vinatea MC thanh toán | E39: 100000000 | F39: =F38+D39-E39 -> 22244450
A40: 31 | B40: 44019 | C40: GBN MCT20007 | D40: 97148000 | F40: =F39+D40-E40 -> 119392450
A41: 32 | B41: 44020 | C41: Vinatea MC thanh toán | E41: 117000000 | F41: =F40+D41-E41 -> 2392450
A42: 33 | B42: 44040 | C42: GBN MCT20008 | D42: 54016000 | F42: =F41+D42-E42 -> 56408450
A43: 34 | B43: 44047 | C43: GBN MCT20009 | D43: 155034000 | F43: =F42+D43-E43 -> 211442450
A44: 35 | B44: 44053 | C44: GBN MCT20010 | D44: 18621850 | F44: =F43+D44-E44 -> 230064300
A45: 36 | B45: 44064 | C45: Vinatea MC thanh toán | E45: 50000000 | F45: =F44+D45-E45 -> 180064300
A46: 37 | B46: 44067 | C46: GBN MCT20005-2 | D46: 6981000 | F46: =F45+D46-E46 -> 187045300
A47: 38 | B47: 44069 | C47: GBN MCT20011 | D47: 104076000 | F47: =F46+D47-E47 -> 291121300
A48: 39 | B48: 44070 | C48: Vinatea MC thanh toán | E48: 291121300 | F48: =F47+D48-E48 -> 0
A49: 40 | B49: 44117 | C49: GBN MCT20013 | D49: 18973550 | F49: =F48+D49-E49 -> 18973550
A50: 41 | B50: 44126 | C50: GBN MCT20012 | D50: 115711000 | F50: =F49+D50-E50 -> 134684550
A51: 42 | B51: 44138 | C51: Vinatea MC thanh toán | E51: 134684550 | F51: =F50+D51-E51 -> 0
A52: 43 | B52: 44210 | C52: GBN MCT20014 | D52: 262587680 | F52: =F51+D52-E52 -> 262587680
A53: 44 | B53: 44217 | C53: Vinatea MC thanh toán | E53: 200000000 | F53: =F52+D53-E53 -> 62587680
A54: 45 | B54: 44218 | C54: GBN MCT21001 | D54: 441734840 | F54: =F53+D54-E54 -> 504322520
A55: 46 | B55: 44229 | C55: Vinatea MC thanh toán | E55: 350000000 | F55: =F54+D55-E55 -> 154322520
A56: 47 | B56: 44305 | C56: Vinatea MC thanh toán | E56: 154322520 | F56: =F55+D56-E56 -> 0
A57: 48 | B57: 44305 | C57: GBN MCT21002 | D57: 72300900 | F57: =F56+D57-E57 -> 72300900
A58: 49 | B58: 44305 | C58: GBN MCT21003 | D58: 25870450 | F58: =F57+D58-E58 -> 98171350
A59: 50 | B59: 44334 | C59: Vinatea MC thanh toán | E59: 70000000 | F59: =F58+D59-E59 -> 28171350
A60: 51 | B60: 44342 | C60: Vinatea MC thanh toán | E60: 28171350 | F60: =F59+D60-E60 -> 0
A61: 52 | B61: 44343 | C61: GBN MCT21004 | D61: 210220000 | F61: =F60+D61-E61 -> 210220000
A62: 53 | B62: 44350 | C62: Vinatea MC thanh toán | E62: 100000000 | F62: =F61+D62-E62 -> 110220000
A63: 54 | B63: 44361 | C63: Vinatea MC thanh toán | E63: 100000000 | F63: =F62+D63-E63 -> 10220000
A64: 55 | B64: 44361 | C64: GBN MCT21005 | D64: 64289900 | F64: =F63+D64-E64 -> 74509900
A65: 56 | B65: 44391 | C65: Vinatea MC thanh toán | E65: 40000000 | F65: =F64+D65-E65 -> 34509900
A66: 57 | B66: 44405 | C66: Vinatea MC thanh toán | E66: 34509900 | F66: =F65+D66-E66 -> 0
A67: 58 | B67: 44446 | C67: GBN MCT21006 | D67: 26366950 | F67: =F66+D67-E67 -> 26366950
A68: 59 | B68: 44461 | C68: GBN MCT21007 | D68: 32506950 | F68: =F67+D68-E68 -> 58873900
A69: 60 | B69: 44495 | C69: Vinatea MC thanh toán | E69: 58873900 | F69: =F68+D69-E69 -> 0
A70: 61 | B70: 44495 | C70: GBN MCT21008 | D70: 411630800 | F70: =F69+D70-E70 -> 411630800
A71: 62 | B71: 44512 | C71: Vinatea MC thanh toán | E71: 411630800 | F71: =F70+D71-E71 -> 0
A72: 63 | B72: 44543 | C72: GBN MCT21009 | D72: 384064800 | F72: =F71+D72-E72 -> 384064800
A73: 64 | B73: 44554 | C73: Vinatea MC thanh toán | E73: 150000000 | F73: =F72+D73-E73 -> 234064800
A74: 65 | B74: 44568 | C74: Vinatea MC thanh toán | E74: 234064800 | F74: =F73+D74-E74 -> 0
A75: 66 | B75: 44646 | C75: GBN MCT22001NK | D75: 26959828 | F75: =F74+D75-E75 -> 26959828
A76: 67 | B76: 44673 | C76: Vinatea MC thanh toán | E76: 26959828 | F76: =F75+D76-E76 -> 0
A77: 68 | B77: 44690 | C77: GBN MCT22002 | D77: 33878000 | F77: =F76+D77-E77 -> 33878000
A78: 69 | B78: 44729 | C78: Vinatea MC thanh toán | E78: 33878000 | F78: =F77+D78-E78 -> 0
A79: 70 | B79: 44729 | C79: GBN MCT22003 | D79: 22850000 | F79: =F78+D79-E79 -> 22850000
A80: 71 | B80: 44757 | C80: Vinatea MC thanh toán | E80: 22850000 | F80: =F79+D80-E80 -> 0
A81: 72 | B81: 44775 | C81: GBN MCT22004 | D81: =40958000 -> 40958000 | F81: =F80+D81-E81 -> 40958000
A82: 73 | B82: 44791 | C82: GBN MCT22005 | D82: 20050000 | F82: =F81+D82-E82 -> 61008000
A83: 74 | B83: 44804 | C83: Vinatea MC thanh toán | E83: 40958000 | F83: =F82+D83-E83 -> 20050000
A84: 75 | B84: 44819 | C84: Vinatea MC thanh toán | E84: 20050000 | F84: =F83+D84-E84 -> 0
A85: 76 | B85: 44838 | C85: GBN MCT22006 | D85: 82053000 | F85: =F84+D85-E85 -> 82053000
A86: 77 | B86: 44844 | C86: GBN MCT22007 | D86: 90229318 | F86: =F85+D86-E86 -> 172282318
A87: 78 | B87: 44866 | C87: GBN MCT22008 | D87: 19850000 | F87: =F86+D87-E87 -> 192132318
A88: 79 | B88: 44869 | C88: Vinatea MC thanh toán | E88: 172282318 | F88: =F87+D88-E88 -> 19850000
A89: 80 | B89: 44886 | C89: GBN MCT22009 | D89: 33690200 | F89: =F88+D89-E89 -> 53540200
A90: 81 | B90: 44895 | C90: Vinatea MC thanh toán | E90: 19850000 | F90: =F89+D90-E90 -> 33690200
A91: 82 | B91: 44886 | C91: GBN MCT22010 | D91: 29147350 | F91: =F90+D91-E91 -> 62837550
A92: 83 | B92: 44910 | C92: Vinatea MC thanh toán | E92: 62837550 | F92: =F91+D92-E92 -> 0
A93: 84 | B93: 44925 | C93: GBN MCT22011 | D93: 39093480 | F93: =F92+D93-E93 -> 39093480
A94: 85 | B94: 44939 | C94: Vinatea MC thanh toán | E94: 39093480 | F94: =F93+D94-E94 -> 0
A95: 86 | B95: 44956 | C95: GBN MCT23001 | D95: 53365000 | F95: =F94+D95-E95 -> 53365000
A96: 87 | B96: 44977 | C96: Vinatea MC thanh toán | E96: 53365000 | F96: =F95+D96-E96 -> 0
A97: 88 | B97: 45040 | C97: GBN MCT23002 | D97: 39021500 | F97: =F96+D97-E97 -> 39021500
A98: 89 | B98: 45062 | C98: GBN MCT23003 | D98: 30579000 | F98: =F97+D98-E98 -> 69600500
A99: 90 | B99: 45072 | C99: Vinatea MC thanh toán | E99: 39021500 | F99: =F98+D99-E99 -> 30579000
A100: 91 | B100: 45093 | C100: Vinatea MC thanh toán | E100: 30579000 | F100: =F99+D100-E100 -> 0
...

Sheet Tra Thu Dan
G1: TH
A2: BẢNG KÊ CHI TIẾT CÔNG NỢ
A3: Khách hàng | D3: Trà Thu Đan
E4: Số dư đầu kỳ | F4: 35553
A5: Ngày tháng | D5: =+'Tổng hợp'!$G$2 -> 45784 | E5: Phát sinh Nợ | F5: =SUM(D10:D500) -> 3402431793
E6: Phát sinh Có | F6: =SUM(E10:E500) -> 3162176226
E7: Số dư cuối kỳ | F7: =+F4+F5-F6 -> 240291120
A8: STT | B8: Ngày tháng | C8: Diễn giải | D8: Phát sinh | F8: Ghi chú
D9: Nợ | E9: Có
A10: 1 | B10: 43629 | C10: Giay báo nợ số TD19004 | D10: 36747315 | I10: =F4+D10-E10 -> 36782868
A11: 2 | B11: 43630 | C11: Giay báo nợ số TD19005 | D11: 32957050 | I11: =I10+D11-E11 -> 69739918
A12: 3 | B12: 43643 | C12: Thu Đan thanh toán tiền GBN TD19004 | E12: 36747315 | I12: =I11+D12-E12 -> 32992603
A13: 4 | B13: 43670 | C13: Thu Đan thanh toán tiền GBN TD19005 | E13: 32957050 | I13: =I12+D13-E13 -> 35553
A14: 5 | B14: 43779 | C14: GBN TD19006 | D14: 36356650 | I14: =I13+D14-E14 -> 36392203
A15: 6 | B15: 21/10/2019 | C15: GBN TD19007 | D15: 36123150 | I15: =I14+D15-E15 -> 72515353
A16: 7 | B16: 43536 | C16: Thu Đan thanh toán | E16: =72479800+35553 -> 72515353 | I16: =I15+D16-E16 -> 0
A17: 8 | B17: 19/2/2020 | C17: GBN TD20001 | D17: 37930050 | I17: =I16+D17-E17 -> 37930050
A18: 9 | B18: 24/3/2020 | C18: GBN TD20002NK | D18: 36808240 | I18: =I17+D18-E18 -> 74738290
A19: 10 | B19: 15/4/2020 | C19: Thu Đan thanh toán tiền | E19: 74738290 | I19: =I18+D19-E19 -> 0
A20: 11 | B20: 21/4/2020 | C20: GBN TD20003 | D20: 64277600 | I20: =I19+D20-E20 -> 64277600
A21: 12 | B21: 43963 | C21: GBN TD20004 | D21: 36001250 | I21: =I20+D21-E21 -> 100278850
A22: 13 | B22: 29/5/2020 | C22: Thu Đan thanh toán tiền | E22: 100278850 | I22: =I21+D22-E22 -> 0
A23: 14 | B23: 43991 | C23: GBN TD20005 | D23: 30500550 | I23: =I22+D23-E23 -> 30500550
A24: 15 | B24: 29/06/2020 | C24: GBN TD20006TT | D24: 15463950 | F24: Theo TD 20006: 29.463.950 đ | I24: =I23+29463950-E24 -> 59964500
A25: 16 | B25: 44049 | C25: GBN TD20007NK | D25: 36065880 | I25: =I24+D25-E25 -> 96030380
A26: 17 | B26: 44054 | C26: GBN TD20008 | D26: 14479150 | I26: =I25+D26-E26 -> 110509530
A27: 18 | B27: 44068 | C27: GBN TD20009 | D27: 31515350 | I27: =I26+D27-E27 -> 142024880
A28: 19 | B28: 44078 | C28: Thu Đan thanh toán tiền NK | E28: 36065880 | I28: =I27+D28-E28 -> 105959000
A29: 20 | B29: 44081 | C29: GBN TD20010 | D29: 14089150 | I29: =I28+D29-E29 -> 120048150
A30: 21 | B30: 44089 | C30: GBN TD20011 | D30: 14529150 | I30: =I29+D30-E30 -> 134577300
A31: 22 | B31: 44095 | C31: GBN TD20012 | D31: 31515350 | I31: =I30+D31-E31 -> 166092650
A32: 23 | B32: 44102 | C32: Thu Đan thanh toán tiền | E32: 59964500 | I32: =I31+D32-E32 -> 106128150
A33: 24 | B33: 44124 | C33: GBN TD20013 | D33: 40978300 | I33: =I32+D33-E33 -> 147106450
A34: 25 | B34: 44130 | C34: GBN TD20015 | D34: 14089150 | I34: =I33+D34-E34 -> 161195600
A35: 26 | B35: 44141 | C35: GBN TD20014TNK | D35: 10072950 | I35: =I34+D35-E35 -> 171268550
A36: 27 | B36: 44148 | C36: GBN TD20016 | D36: 32678850 | I36: =I35+D36-E36 -> 203947400
A37: 28 | B37: 44176 | C37: Thu Đan thanh toán tiền | E37: 106128150 | I37: =I36+D37-E37 -> 97819250
A38: 29 | B38: 44179 | C38: GBN TD20017 | D38: 38608100 | F38: Chưa TT | I38: =I37+D38-E38 -> 136427350 | J38: =132252150 -> 132252150
A39: 30 | B39: 44221 | C39: Thu Đan thanh toán tiền | E39: 80000000 | I39: =I38+D39-E39 -> 56427350 | J39: =I38-J38 -> 4175200
A40: 31 | B40: 44222 | C40: GBN TD21001 | D40: 44000300 | I40: =I39+D40-E40 -> 100427650
A41: 32 | B41: 44246 | C41: Thu Đan thanh toán tiền | E41: 86427650 | F41: Chênh lệch 14 triệu chuyển tk anh Doanh | I41: 0
A42: 33 | B42: 44300 | C42: GBN TD21002 | D42: 35530000 | I42: =I41+D42-E42 -> 35530000
A43: 34 | B43: 44300 | C43: GBN TD21003 | D43: 35618950 | I43: =I42+D43-E43 -> 71148950
A44: 35 | B44: 44305 | C44: GBN TD21004-1 | D44: 20720450 | I44: =I43+D44-E44 -> 91869400
A45: 36 | B45: 44305 | C45: GBN TD21004-2 | D45: 35920450 | I45: =I44+D45-E45 -> 127789850
A46: 37 | B46: 44315 | C46: Thu Đan thanh toán tiền GBN TD21002, TD21003 | E46: 71148950 | I46: =I45+D46-E46 -> 56640900
A47: 38 | B47: 44336 | C47: GBN TD21005 | D47: 21042950 | I47: =I46+D47-E47 -> 77683850
A48: 39 | B48: 44362 | C48: GBN TD21006 | D48: 55171900 | I48: =I47+D48-E48 -> 132855750
A49: 40 | B49: 44412 | C49: GBN TD21007 | D49: 92288850 | I49: =I48+D49-E49 -> 225144600
A50: 41 | B50: 44414 | C50: Thu Đan thanh toán tiền | E50: 100000000 | I50: =I49+D50-E50 -> 125144600
A51: 42 | B51: 44428 | C51: GBN TD21008+9 | D51: 99508800 | I51: =I50+D51-E51 -> 224653400
A52: 43 | B52: 44438 | C52: Thu Đan thanh toán tiền | E52: 100000000 | I52: =I51+D52-E52 -> 124653400
A53: 44 | B53: 44446 | C53: GBN TD21010 | D53: 84593900 | I53: =I52+D53-E53 -> 209247300
A54: 45 | B54: 44459 | C54: GBN TD21011 | D54: 37767850 | I54: =I53+D54-E54 -> 247015150
A55: 46 | B55: 44487 | C55: Thu Đan thanh toán tiền | E55: 100000000 | I55: =I54+D55-E55 -> 147015150
A56: 47 | B56: 44495 | C56: GBN TD21012 | D56: 39133600 | I56: =I55+D56-E56 -> 186148750
A57: 48 | B57: 44502 | C57: GBN TD21013 | D57: 61227900 | I57: =I56+D57-E57 -> 247376650
A58: 49 | B58: 44523 | C58: GBN TD21014 | D58: 55497550 | I58: =I57+D58-E58 -> 302874200
A59: 50 | B59: 44530 | C59: GBN TD21015 | D59: 55527950 | I59: =I58+D59-E59 -> 358402150
A60: 51 | B60: 44547 | C60: Thu Đan thanh toán tiền | E60: 200000000 | I60: =I59+D60-E60 -> 158402150
A61: 52 | B61: 44560 | C61: Thu Đan thanh toán tiền | E61: 158402150 | I61: =I60+D61-E61 -> 0
A62: 53 | B62: 44579 | C62: GBN TD22001 | D62: 64905950 | I62: =I61+D62-E62 -> 64905950
A63: 54 | B63: 44615 | C63: GBN TD22002 | D63: 48118950 | I63: =I62+D63-E63 -> 113024900
A64: 55 | B64: 44651 | C64: GBN TD22003 | D64: 68623586 | I64: =I63+D64-E64 -> 181648486
A65: 56 | B65: 44656 | C65: GBN TD22004 | D65: 112121400 | I65: =I64+D65-E65 -> 293769886
A66: 57 | B66: 44672 | C66: Thu Đan thanh toán tiền | E66: 150000000 | I66: =I65+D66-E66 -> 143769886
A67: 58 | B67: 44679 | C67: GBN TD22005 | D67: 59943450 | I67: =I66+D67-E67 -> 203713336
A68: 59 | B68: 44686 | C68: GBN TD22006 | D68: 60291950 | I68: =I67+D68-E68 -> 264005286
A69: 60 | B69: 44686 | C69: GBN TD22007 | D69: 45374950 | I69: =I68+D69-E69 -> 309380236
A70: 61 | B70: 44691 | C70: Thu Đan thanh toán tiền | E70: 150000000 | I70: =I69+D70-E70 -> 159380236
A71: 63 | B71: 44701 | C71: GBN TD22009 | D71: 48187950 | I71: =I70+D71-E71 -> 207568186
A72: 64 | B72: 44711 | C72: GBN TD22008 | D72: 46853572 | I72: =I71+D72-E72 -> 254421758
A73: 65 | B73: 44726 | C73: GBN TD22010 | D73: 45542950 | I73: =I72+D73-E73 -> 299964708
A74: 66 | B74: 44726 | C74: GBN TD22011 | D74: 60949950 | I74: =I73+D74-E74 -> 360914658
A75: 67 | B75: 44728 | C75: Thu Đan thanh toán tiền | E75: 100000000 | I75: =I74+D75-E75 -> 260914658
A76: 68 | B76: 44775 | C76: GBN TD22012NK | D76: 32859600 | I76: =I75+D76-E76 -> 293774258
A77: 69 | B77: 44791 | C77: GBN TD22013 | D77: 46075200 | I77: =I76+D77-E77 -> 339849458
A78: 70 | B78: 44795 | C78: Thu đan thanh toán tiền | E78: 100000000 | I78: =I77+D78-E78 -> 239849458
A79: 71 | B79: 44820 | C79: Thu đan thanh toán tiền | E79: 100000000 | I79: =I78+D79-E79 -> 139849458
A80: 72 | B80: 44848 | C80: GBN TD22014 | D80: 43137450 | I80: =I79+D80-E80 -> 182986908
A81: 73 | B81: 44879 | C81: GBN TD22015 | D81: 40923500 | I81: =I80+D81-E81 -> 223910408
A82: 74 | B82: 44886 | C82: GBN TD22016 | D82: 39870950 | I82: =I81+D82-E82 -> 263781358
A83: 75 | B83: 44895 | C83: Thu Đan thanh toán tiền | E83: 100000000 | I83: =I82+D83-E83 -> 163781358
A84: 76 | B84: 44915 | C84: GBN TD22017 | D84: 34582000 | I84: =I83+D84-E84 -> 198363358
A85: 77 | B85: 44942 | C85: Thu Đan thanh toán tiền | E85: 198360358 | I85: =I84+D85-E85 -> 3000
A86: 78 | B86: 44964 | C86: GBN TD23001 | D86: 38720950 | I86: =I85+D86-E86 -> 38723950
A87: 79 | B87: 45037 | C87: GBN TD23002 | D87: 21161400 | I87: =I86+D87-E87 -> 59885350
A88: 80 | B88: 45037 | C88: GBN TD23003 | D88: 29296950 | I88: =I87+D88-E88 -> 89182300
A89: 81 | B89: 45040 | C89: GBN TD23004 | D89: 44667950 | I89: =I88+D89-E89 -> 133850250
A90: 82 | B90: 45043 | C90: Thu Đan thanh toán tiền | E90: 100000000 | I90: =I89+D90-E90 -> 33850250
A91: 83 | B91: 45044 | C91: GBN TD23005 | D91: 29362200 | I91: =I90+D91-E91 -> 63212450
A92: 84 | B92: 45061 | C92: GBN TD23006 | D92: 28510800 | I92: =I91+D92-E92 -> 91723250
A93: 85 | B93: 45072 | C93: Thu Đan thanh toán tiền | E93: 50000000 | I93: =I92+D93-E93 -> 41723250
A94: 86 | B94: 45097 | C94: GBN TD23007 | D94: 28483000 | I94: =I93+D94-E94 -> 70206250
A95: 87 | B95: 45104 | C95: GBN TD23008 | D95: 28884400 | I95: =I94+D95-E95 -> 99090650
A96: 88 | B96: 45118 | C96: Thu Đan thanh toán tiền | E96: 20000000 | I96: =I95+D96-E96 -> 79090650
A97: 89 | B97: 45147 | C97: Thu Đan thanh toán tiền | E97: 30000000 | I97: =I96+D97-E97 -> 49090650
A98: 90 | B98: 45149 | C98: GBN TD23009 | D98: 28616000 | I98: =I97+D98-E98 -> 77706650
A99: 91 | B99: 45159 | C99: GBN TD23010 | D99: 22492800 | I99: =I98+D99-E99 -> 100199450
A100: 92 | B100: 45169 | C100: GBN TD23011 | D100: 28653000 | I100: =I99+D100-E100 -> 128852450
...

Sheet Khi Vina
G1: TH
A2: BẢNG KÊ CHI TIẾT CÔNG NỢ
A3: Khách hàng | D3: Khí Vina
E4: Số dư đầu kỳ | F4: 2958200 | K4: Điều chỉnh lại số dư đầu kỳ cho khớp với GBN gửi khách
A5: Ngày tháng | D5: =+'Tổng hợp'!$G$2 -> 45784 | E5: Phát sinh Nợ | F5: =SUM(D10:D200) -> 1228709441
E6: Phát sinh Có | F6: =SUM(E10:E200) -> 1231666841
E7: Số dư cuối kỳ | F7: =+F4+F5-F6 -> 800
A8: STT | B8: Ngày tháng | C8: Diễn giải | D8: Phát sinh | F8: Ghi chú
D9: Nợ | E9: Có
A10: 1 | B10: 43634 | C10: Công ty Khí Vina thanh toán tiền | E10: 2958200
A11: 2 | B11: 43645 | C11: Công nợ Khí VINA T6/2019 | D11: 7377000 | H11: =D11-E11 -> 7377000
A12: 3 | B12: 43656 | C12: Công ty Khí Vina thanh toán tiền | E12: 7377000 | H12: =H11+D12-E12 -> 0
A13: 4 | B13: 43677 | C13: Công nợ Khí VINA T7/2019 | D13: 3940000 | H13: =H12+D13-E13 -> 3940000
A14: 5 | B14: 43689 | C14: Công ty Khí Vina thanh toán tiền | E14: 3940000 | H14: =H13+D14-E14 -> 0
A15: 6 | B15: 43701 | C15: GBN VNG1908001 | D15: 15705278 | H15: =H14+D15-E15 -> 15705278
A16: 7 | B16: 43708 | C16: GBN VNG1908002 | D16: 1800000 | H16: =H15+D16-E16 -> 17505278
A17: 8 | B17: 43625 | C17: Công ty Khí Vina thanh toán tiền | E17: 15705278 | H17: =H16+D17-E17 -> 1800000
A18: 9 | B18: 43778 | C18: Công ty Khí Vina thanh toán tiền | E18: 1800000 | H18: =H17+D18-E18 -> 0
A19: 10 | B19: 19/9/2019 | C19: GBN VNG1909001 | D19: 23226820 | H19: =H18+D19-E19 -> 23226820
A20: 11 | B20: 25/9/2019 | C20: Công ty Khí Vina thanh toán tiền | E20: 23226820 | H20: =H19+D20-E20 -> 0
A21: 12 | B21: 30/9/2019 | C21: GBN VNG1909002 | D21: 10160000 | H21: =H20+D21-E21 -> 10160000
A22: 13 | B22: 14/10/2019 | C22: Công ty Khí Vina thanh toán tiền | E22: 10160000 | H22: =H21+D22-E22 -> 0
A23: 14 | B23: 31/10/2019 | C23: GBN VNG1910001 | D23: 18720000 | H23: =H22+D23-E23 -> 18720000
A24: 15 | B24: 43780 | C24: Công ty Khí Vina thanh toán tiền | E24: 18720000 | H24: =H23+D24-E24 -> 0
A25: 16 | B25: 30/11/2019 | C25: GBN VNG1911001 | D25: 5750000 | H25: =H24+D25-E25 -> 5750000
A26: 17 | B26: 43750 | C26: Công ty Khí Vina thanh toán tiền | E26: 5750000 | H26: =H25+D26-E26 -> 0
A27: 18 | B27: 31/12/2019 | C27: GBN VNG1912001 | D27: 57980000 | H27: =H26+D27-E27 -> 57980000
A28: 19 | B28: 44044 | C28: Công ty Khí Vina thanh toán tiền | E28: 57980000 | H28: =H27+D28-E28 -> 0
A29: 20 | B29: 31/1/2020 | C29: GBN VNG2001001 | D29: 2815000 | H29: =H28+D29-E29 -> 2815000
A30: 21 | B30: 43984 | C30: Công ty Khí Vina thanh toán tiền | E30: 2815000 | H30: =H29+D30-E30 -> 0
A31: 22 | B31: 29/2/2020 | C31: VNG2002001 | D31: 5510000 | H31: =H30+D31-E31 -> 5510000
A32: 23 | B32: 43954 | C32: Công ty Khí Vina thanh toán tiền | E32: 5510000 | H32: =H31+D32-E32 -> 0
A33: 24 | B33: 31/3/2020 | C33: GBN VNG2003001 | D33: 24990000 | H33: =H32+D33-E33 -> 24990000
A34: 25 | B34: 31/3/2020 | C34: GBN VNG2003002 | D34: 750000 | H34: =H33+D34-E34 -> 25740000
A35: 26 | B35: 44016 | C35: VNG thanh toán | E35: 24990000 | H35: =H34+D35-E35 -> 750000
A36: 27 | B36: 21/4/2020 | C36: VNG thanh toán | E36: 750000 | H36: =H35+D36-E36 -> 0
A37: 28 | B37: 29/4/2020 | C37: VNG2004001 | D37: 16800000 | H37: =H36+D37-E37 -> 16800000
A38: 29 | B38: 29/4/2020 | C38: VNG2004002 | D38: 2150000 | H38: =H37+D38-E38 -> 18950000
A39: 30 | B39: 44140 | C39: VNG thanh toán | E39: 18950000 | H39: =H38+D39-E39 -> 0
A40: 31 | B40: 30/5/2020 | C40: VNG2005001 | D40: 5710000 | H40: =H39+D40-E40 -> 5710000
A41: 32 | B41: 43957 | C41: VNG thanh toán | E41: 5710000 | H41: =H40+D41-E41 -> 0
A42: 33 | B42: 30/06/2020 | C42: VNG2006001 | D42: 3930000 | H42: =H41+D42-E42 -> 3930000
A43: 34 | B43: 44021 | C43: VNG thanh toán | E43: 3930000 | H43: =H42+D43-E43 -> 0
A44: 35 | B44: 44043 | C44: VNG2007001 | D44: 34496000 | H44: =H43+D44-E44 -> 34496000
A45: 36 | B45: 44053 | C45: VNG thanh toán | E45: 34496000 | H45: =H44+D45-E45 -> 0
A46: 37 | B46: 44074 | C46: VNG2007001 | D46: 3825000 | H46: =H45+D46-E46 -> 3825000
A47: 38 | B47: 44090 | C47: VNG2009001 | D47: 17445120 | H47: =H46+D47-E47 -> 21270120
A48: 39 | B48: 44097 | C48: VNG thanh toán | E48: 21270120 | H48: =H47+D48-E48 -> 0
A49: 40 | B49: 44104 | C49: VNG2009002 | D49: 6920000 | H49: =H48+D49-E49 -> 6920000
A50: 41 | B50: 44116 | C50: VNG thanh toán | E50: 6920000 | H50: =H49+D50-E50 -> 0
A51: 42 | B51: 44116 | C51: VNG2010001 | D51: 18000000 | H51: =H50+D51-E51 -> 18000000
A52: 43 | B52: 44120 | C52: VNG thanh toán | E52: 18000000 | H52: =H51+D52-E52 -> 0
A53: 44 | B53: 44130 | C53: VNG2010002 | D53: 9200000 | H53: =H52+D53-E53 -> 9200000
A54: 45 | B54: 44135 | C54: VNG2010003 | D54: 7940000 | H54: =H53+D54-E54 -> 17140000
A55: 46 | B55: 44141 | C55: VNG thanh toán | E55: 17140000 | H55: =H54+D55-E55 -> 0
A56: 47 | B56: 44156 | C56: VNG2011001 | D56: 19000000 | H56: =H55+D56-E56 -> 19000000
A57: 48 | B57: 44166 | C57: VNG thanh toán | E57: 19000000 | H57: =H56+D57-E57 -> 0
A58: 49 | B58: 44166 | C58: VNG thanh toán | E58: 19000000 | H58: =H57+D58-E58 -> -19000000
A59: 50 | B59: 44165 | C59: VNG2011002 | D59: 36285000 | H59: =H58+D59-E59 -> 17285000
A60: 51 | B60: 44179 | C60: VNG thanh toán | E60: 36285000 | H60: =H59+D60-E60 -> -19000000
A61: 52 | B61: 44196 | C61: VNG2012001 | D61: 45020000 | H61: =H60+D61-E61 -> 26020000
A62: 53 | B62: 44210 | C62: VNG thanh toán | E62: 26020000 | H62: =H61+D62-E62 -> 0
A63: 54 | B63: 44227 | C63: VNG2101001 | D63: 6870000 | H63: =H62+D63-E63 -> 6870000
A64: 55 | B64: 44232 | C64: VNG thanh toán | E64: 6870000 | H64: =H63+D64-E64 -> 0
A65: 56 | B65: 44255 | C65: VNG2102001 | D65: 6910000 | H65: =H64+D65-E65 -> 6910000
A66: 57 | B66: 44274 | C66: VNG thanh toán | E66: 6910000 | H66: =H65+D66-E66 -> 0
A67: 58 | B67: 44286 | C67: VNG2103001 | D67: 42020000 | H67: =H66+D67-E67 -> 42020000
A68: 59 | B68: 44288 | C68: VNG thanh toán | E68: 42020000 | H68: =H67+D68-E68 -> 0
A69: 60 | B69: 44315 | C69: VNG2104001 | D69: 6570000 | H69: =H68+D69-E69 -> 6570000
A70: 61 | B70: 44329 | C70: VNG thanh toán | E70: 6570000 | H70: =H69+D70-E70 -> 0
A71: 62 | B71: 44331 | C71: VNG2105001 | D71: 11500000 | H71: =H70+D71-E71 -> 11500000
A72: 63 | B72: 44340 | C72: VNG thanh toán | E72: 11500000 | H72: =H71+D72-E72 -> 0
A73: 64 | B73: 44345 | C73: VNG2105002 | D73: 43903680 | H73: =H72+D73-E73 -> 43903680
A74: 65 | B74: 44347 | C74: VNG2105003 | D74: 11270000 | H74: =H73+D74-E74 -> 55173680
A75: 66 | B75: 44357 | C75: VNG thanh toán | E75: 55173680 | H75: =H74+D75-E75 -> 0
A76: 67 | B76: 44377 | C76: VNG2106001 | D76: 5350000 | H76: =H75+D76-E76 -> 5350000
A77: 68 | B77: 44390 | C77: VNG thanh toán | E77: 5350000 | H77: =H76+D77-E77 -> 0
A78: 69 | B78: 44408 | C78: VNG2107001 | D78: 6705000 | H78: =H77+D78-E78 -> 6705000
A79: 70 | B79: 44421 | C79: VNG thanh toán | E79: 6705000 | H79: =H78+D79-E79 -> 0
A80: 71 | B80: 44439 | C80: VNG2108001 | D80: 7175000 | H80: =H79+D80-E80 -> 7175000
A81: 72 | B81: 44469 | C81: VNG2109001 | D81: 7155000 | H81: =H80+D81-E81 -> 14330000
A82: 73 | B82: 44480 | C82: VNG thanh toán | E82: 14330000 | H82: =H81+D82-E82 -> 0
A83: 74 | B83: 44499 | C83: VNG 2110001 | D83: 3000000 | H83: =H82+D83-E83 -> 3000000
A84: 75 | B84: 44530 | C84: VNG2111001 | D84: 4890000 | H84: =H83+D84-E84 -> 7890000
A85: 76 | B85: 44533 | C85: VNG thanh toán | E85: 3000000 | H85: =H84+D85-E85 -> 4890000
A86: 77 | B86: 44536 | C86: VNG thanh toán | E86: 4120000 | H86: =H85+D86-E86 -> 770000
A87: 78 | B87: 44560 | C87: VNG2112001 | D87: 9435000 | H87: =H86+D87-E87 -> 10205000
A88: 79 | B88: 44561 | C88: VNG thanh toán | E88: 9435000 | H88: =H87+D88-E88 -> 770000
A89: 80 | B89: 44581 | C89: VNG thanh toán | E89: 770000 | H89: =H88+D89-E89 -> 0
A90: 81 | B90: 44588 | C90: VNG2201001 | D90: 7010000 | H90: =H89+D90-E90 -> 7010000
A91: 82 | B91: 44620 | C91: VNG2202001 | D91: 6060000 | H91: =H90+D91-E91 -> 13070000
A92: 83 | B92: 44615 | C92: VNG thanh toán | E92: 7010000 | H92: =H91+D92-E92 -> 6060000
A93: 84 | B93: 44624 | C93: VNG thanh toán | E93: 6060000 | H93: =H92+D93-E93 -> 0
A94: 85 | B94: 44651 | C94: Giảm thuế | D94: -54545 | H94: =H93+D94-E94 -> -54545
A95: 86 | B95: 44651 | C95: VNG2203001 | D95: 10686455 | H95: =H94+D95-E95 -> 10631910
A96: 87 | B96: 44658 | C96: VNG thanh toán | E96: 10631910 | H96: =H95+D96-E96 -> 0
A97: 88 | B97: 44679 | C97: VNG2204001 | D97: 5255455 | H97: =H96+D97-E97 -> 5255455
A98: 89 | B98: 44699 | C98: VNG thanh toán | E98: 5255455 | H98: =H97+D98-E98 -> 0
A99: 90 | B99: 44712 | C99: VNG2205001 | D99: 9177455 | H99: =H98+D99-E99 -> 9177455
A100: 91 | B100: 44715 | C100: VNG thanh toán | E100: 9177455 | H100: =H99+D100-E100 -> 0
...

Sheet Codo MC
G1: TH
A2: BẢNG KÊ CHI TIẾT CÔNG NỢ
A3: Khách hàng | D3: Cờ đỏ Mộc Châu | L3: 0982112120
E4: Số dư đầu kỳ | F4: 26586000
A5: Ngày tháng | D5: =+'Tổng hợp'!$G$2 -> 45784 | E5: Phát sinh Nợ | F5: =SUM(D10:D69) -> 580039130
E6: Phát sinh Có | F6: =SUM(E10:E69) -> 606625130
E7: Số dư cuối kỳ | F7: =+F4+F5-F6 -> 0
A8: STT | B8: Ngày tháng | C8: Diễn giải | D8: Phát sinh | F8: Lũy kế | G8: Ghi chú
D9: Nợ | E9: Có
A10: 1 | B10: 43626 | C10: Cờ Đỏ Mộc Châu thanh toán tiền | E10: 26586000 | F10: =F4+D10-E10 -> 0
A11: 2 | B11: 43645 | C11: Công nợ T6/2019 | D11: 15309000 | F11: =F10+D11-E11 -> 15309000
A12: 3 | B12: 43677 | C12: Công nợ T7/2019 | D12: 14461000 | F12: =F11+D12-E12 -> 29770000
A13: 4 | B13: 43708 | C13: Công nợ T8/2019 | D13: 15309000 | F13: =F12+D13-E13 -> 45079000
A14: 5 | B14: 43747 | C14: Cờ Đỏ Mộc Châu thanh toán hết công nợ T7/2019 | E14: 29770000 | F14: =F13+D14-E14 -> 15309000
A15: 6 | B15: 30/9/2019 | C15: Công nợ T9/2019 | D15: 15309000 | F15: =F14+D15-E15 -> 30618000
A16: 7 | B16: 31/10/2019 | C16: Công nợ T10/2019 | D16: 15309000 | F16: =F15+D16-E16 -> 45927000
A17: 8 | B17: 43628 | C17: Cờ đỏ mộc châu thanh toán | E17: 23927000 | F17: =F16+D17-E17 -> 22000000
A18: 9 | B18: 43808 | C18: GBN CDMC1912001 | D18: 6159000 | F18: =F17+D18-E18 -> 28159000
A19: 10 | B19: 26/12/2019 | C19: CĐMC thanh toán | E19: 28159000 | F19: =F18+D19-E19 -> 0
A20: 11 | B20: 31/1/2020 | C20: CĐMC2001001 | D20: 15386000 | F20: =F19+D20-E20 -> 15386000
A21: 12 | B21: 30/5/2020 | C21: CĐMC2005001 | D21: 28832000 | F21: =F20+D21-E21 -> 44218000
A22: 13 | B22: 43957 | C22: CĐMC thanh toán | E22: 15386000 | F22: =F21+D22-E22 -> 28832000
A23: 14 | B23: 44025 | C23: CĐMC thanh toán | E23: 28832000 | F23: =F22+D23-E23 -> 0
A24: 15 | B24: 44043 | C24: CDMC2007001 | D24: 14416000 | F24: =F23+D24-E24 -> 14416000
A25: 16 | B25: 44074 | C25: CDMC2008001 | D25: 14416000 | F25: =F24+D25-E25 -> 28832000
A26: 17 | B26: 44104 | C26: CDMC2009001 | D26: 14464400 | F26: =F25+D26-E26 -> 43296400
A27: 18 | B27: 44134 | C27: CĐMC thanh toán | E27: 14464400 | F27: =F26+D27-E27 -> 28832000
A28: 19 | B28: 44135 | C28: CDMC2010001 | D28: 14484400 | F28: =F27+D28-E28 -> 43316400
A29: 20 | B29: 44165 | C29: CDMC2011001 | D29: 14484400 | F29: =F28+D29-E29 -> 57800800
A30: 21 | B30: 44190 | C30: CĐMC thanh toán | E30: 28968800 | F30: =F29+D30-E30 -> 28832000
A31: 22 | B31: 44196 | C31: CDMC2012001 | D31: 14484400 | F31: =F30+D31-E31 -> 43316400
A32: 23 | B32: 44230 | C32: CĐMC thanh toán | E32: 43316400 | F32: =F31+D32-E32 -> 0
A33: 24 | B33: 44255 | C33: CDMC2102001 | D33: 14900000 | F33: =F32+D33-E33 -> 14900000
A34: 25 | B34: 44313 | C34: CDMC thanh toán | E34: 14900000 | F34: =F33+D34-E34 -> 0
A35: 26 | B35: 44315 | C35: CDMC2104001 | D35: 15140000 | F35: =F34+D35-E35 -> 15140000
A36: 27 | B36: 44377 | C36: CDMC2106001 | D36: 45672000 | F36: =F35+D36-E36 -> 60812000
A37: 28 | B37: 44354 | C37: CDMC thanh toán | E37: 15140000 | F37: =F36+D37-E37 -> 45672000
A38: 29 | B38: 44410 | C38: CDMC thanh toán | E38: 45672000 | F38: =F37+D38-E38 -> 0
A39: 30 | B39: 44439 | C39: CDMC2108001 | D39: 30864000 | F39: =F38+D39-E39 -> 30864000
A40: 31 | B40: 44456 | C40: CDMC thanh toán | E40: 30864000 | F40: =F39+D40-E40 -> 0
A41: 32 | B41: 44469 | C41: CDMC2109001 | D41: 15410000 | F41: =F40+D41-E41 -> 15410000
A42: 33 | B42: 44499 | C42: CDMC2110001 | D42: 16154000 | F42: =F41+D42-E42 -> 31564000
A43: 34 | B43: 44505 | C43: CDMC thanh toán | E43: 31564000 | F43: =F42+D43-E43 -> 0
A44: 35 | B44: 44561 | C44: CDMC2112001 | D44: 16224000 | F44: =F43+D44-E44 -> 16224000
A45: 36 | B45: 44561 | C45: CDMC thanh toán | E45: 16224000 | F45: =F44+D45-E45 -> 0
A46: 37 | B46: 44679 | C46: CDMC2204001 | D46: 18172000 | F46: =F45+D46-E46 -> 18172000
A47: 38 | B47: 44712 | C47: CDMC thanh toán | E47: 18172000 | F47: =F46+D47-E47 -> 0
A48: 39 | B48: 44737 | C48: CDMC2206001 | D48: 38138000 | F48: =F47+D48-E48 -> 38138000
A49: 40 | B49: 44748 | C49: CDMC thanh toán | E49: 38138000 | F49: =F48+D49-E49 -> 0
A50: 41 | B50: 45307 | C50: CDMC24001 | D50: 27399000 | F50: =F49+D50-E50 -> 27399000
A51: 42 | B51: 45316 | C51: CDMC thanh toán | E51: 27399000 | F51: =F50+D51-E51 -> 0
A52: 43 | B52: 45479 | C52: CDMC24002 | D52: 28285360 | F52: =F51+D52-E52 -> 28285360
A53: 44 | B53: 45484 | C53: CDMC thanh toán | E53: 28285360 | F53: =F52+D53-E53 -> 0
A54: 45 | B54: 45496 | C54: CDMC24003 | D54: 36055920 | F54: =F53+D54-E54 -> 36055920
A55: 46 | B55: 45503 | C55: CDMC thanh toán | E55: 36055920 | F55: =F54+D55-E55 -> 0
A56: 47 | B56: 45552 | C56: CDMC24004 | D56: 32960300 | F56: =F55+D56-E56 -> 32960300
A57: 48 | B57: 45560 | C57: CDMC thanh toán | E57: 32960300 | F57: =F56+D57-E57 -> 0
A58: 49 | B58: 45643 | C58: CDMC24005 | D58: 31840950 | F58: =F57+D58-E58 -> 31840950
A59: 50 | B59: 45644 | C59: CDMC thanh toán | E59: 31840950
A60: 51
A61: 52
A62: 53
A63: 54
A64: 55

Sheet Hải Nam
G1: TH
A2: BẢNG KÊ CHI TIẾT CÔNG NỢ
A3: Khách hàng | D3: Hải Nam
E4: Số dư đầu kỳ
A5: Ngày tháng | D5: =+'Tổng hợp'!$G$2 -> 45784 | E5: Phát sinh Nợ | F5: =SUM(D10:D68) -> 42200000
E6: Phát sinh Có | F6: =SUM(E10:E68) -> 42200000
E7: Số dư cuối kỳ | F7: =+F4+F5-F6 -> 0
A8: STT | B8: Ngày tháng | C8: Diễn giải | D8: Phát sinh | F8: Ghi chú
D9: Nợ | E9: Có
A10: 1 | B10: 44803 | C10: Phát sinh công nợ phải thu | D10: 4400000 | G10: =D10-E10 -> 4400000
A11: 2 | B11: 44895 | C11: Phát sinh công nợ phải thu tháng 11 | D11: 8700000 | G11: =G10+D11-E11 -> 13100000
A12: 3 | B12: 44944 | C12: Hải Nam thanh toán tiền cước tháng 8 | E12: 4400000 | G12: =G11+D12-E12 -> 8700000
A13: 4 | B13: 44985 | C13: Phát sinh công nợ phải trả tháng 2 | E13: 12600000 | G13: =G12+D13-E13 -> -3900000
A14: 5 | B14: 45015 | C14: Phát sinh công nợ phải thu tháng 3 | D14: 24950000 | G14: =G13+D14-E14 -> 21050000
A15: 6 | B15: 45035 | C15: Hải Nam thanh toán tiền cước tháng 11 | E15: 8700000 | G15: =G14+D15-E15 -> 12350000
A16: 7 | B16: 45046 | C16: Phát sinh công nợ phải thu tháng 4 | D16: 4150000 | G16: =G15+D16-E16 -> 16500000
A17: 8 | B17: 45150 | C17: Hải Nam thanh toán tiền cước tháng 3 đói trừ tháng 2 | E17: =D14-E13 -> 12350000
A18: 9 | B18: 45202 | C18: Hải Nam thanh toán tiền | E18: 4150000
A19: 10
A20: 11
A21: 12
A22: 13
A23: 14
A24: 15
A25: 16
A26: 17
A27: 18
A28: 19
A29: 20
A30: 21
... A34: 25

Sheet Vietsun
G1: TH
A2: BẢNG KÊ CHI TIẾT CÔNG NỢ
A3: Khách hàng | D3: Vietsun
E4: Số dư đầu kỳ | F4: 67920000
A5: Ngày tháng | D5: =+'Tổng hợp'!$G$2 -> 45784 | E5: Phát sinh Nợ | F5: =SUM(D10:D201) -> 5.2656716e+09
E6: Phát sinh Có | F6: =SUM(E10:E201) -> 5158499198
E7: Số dư cuối kỳ | F7: =+F4+F5-F6 -> 1.750924e+08
A8: STT | B8: Ngày tháng | C8: Diễn giải | D8: Phát sinh | F8: Ghi chú
D9: Nợ | E9: Có
A10: 1 | B10: 43630 | C10: Vietsun thanh toán CN T4/2019 | E10: 45950000 | F10: =F4+D10-E10 -> 21970000
A11: 2 | B11: 43645 | C11: Phát sinh công nợ T6 | D11: 23880000 | F11: =F10+D11-E11 -> 45850000
A12: 3 | B12: 43658 | C12: Vietsun thanh toán CN T5/2019 | E12: 21970000 | F12: =F11+D12-E12 -> 23880000
A13: 4 | B13: 43677 | C13: Phát sinh công nợ T7 | D13: 70380000 | F13: =F12+D13-E13 -> 94260000 | H13: Vietsun chốt số T7 theo số Nepo, thừa thiếu sẽ chuyển sang T8
A14: 5 | B14: 43686 | C14: Vietsun thanh toán tiền công nợ T6 | E14: 23880000 | F14: =F13+D14-E14 -> 70380000
A15: 6 | B15: 31/8/2019 | C15: Phát sinh công nợ T8 | D15: 46949000 | F15: =F14+D15-E15 -> 117329000 | H15: 460k thiếu của T8 sẽ chuyển sang BK T9
A16: 7 | B16: 43625 | C16: Vietsun thanh toán tiền công nợ T7 | E16: 70380000 | F16: =F15+D16-E16 -> 46949000
A17: 8 | B17: 30/9/2019 | C17: Phát sinh công nợ T9 | D17: 32730000 | F17: =F16+D17-E17 -> 79679000
A18: 9 | B18: 43742 | C18: Vietsun thanh toán cước T8 | E18: 46949000 | F18: =F17+D18-E18 -> 32730000
A19: 10 | B19: 31/10/2019 | C19: Phát sinh công nợ T10 | D19: 74220000 | F19: =F18+D19-E19 -> 106950000
A20: 11 | B20: 43775 | C20: Vietsun thanh toán cước T9 | E20: 32730000 | F20: =F19+D20-E20 -> 74220000
A21: 12 | B21: 30/11/2019 | C21: Phát sinh công nợ T11 | D21: 55840000 | F21: =F20+D21-E21 -> 130060000
A22: 13 | B22: 30/11/2019 | C22: Phát sinh công nợ T11 không lấy hóa đơn | D22: 1300000 | F22: =F21+D22-E22 -> 131360000
A23: 14 | B23: 43628 | C23: Vietsun thanh toán cước T10 | E23: 74220000 | F23: =F22+D23-E23 -> 57140000
A24: 15 | B24: 31/12/2019 | C24: Phát sinh công nợ T12 | D24: 48680000 | F24: =F23+D24-E24 -> 105820000
A25: 16 | B25: 43891 | C25: Vietsun thanh toán | E25: 55840000 | F25: =F24+D25-E25 -> 49980000
A26: 17 | B26: 15/1/2020 | C26: Viet sun thanh toán công nợ T11 không lấy hóa đơn (cont DRYU9590030 ngày 28/10) | E26: 1300000 | F26: =F25+D26-E26 -> 48680000
A27: 18 | B27: 44014 | C27: Vietsun thanh toán | E27: 48680000 | F27: =F26+D27-E27 -> 0
A28: 19 | B28: 31/1/2020 | C28: Phát sinh công nợ T1/2020 | D28: =43006000+3450000 -> 46456000 | F28: =F27+D28-E28 -> 46456000
A29: 20 | B29: 43985 | C29: Vietsun thanh toán | E29: 46456000 | F29: =F28+D29-E29 -> 0
A30: 21 | B30: 29/2/2020 | C30: Phát sinh công nợ T2/2020 | D30: 47420000 | F30: =F29+D30-E30 -> 47420000
A31: 22 | B31: 31/3/2020 | C31: Phát sinh công nợ T3/2020 | D31: 70280000 | F31: =F30+D31-E31 -> 117700000
A32: 23 | B32: 43894 | C32: Vietsun thanh toán cước T2/2020 | E32: 47420000 | F32: =F31+D32-E32 -> 70280000
A33: 24 | B33: 29/4/2020 | C33: Phát sinh công nợ T4/2020 | D33: 42720000 | F33: =F32+D33-E33 -> 113000000
A34: 25 | B34: 44048 | C34: Vietsun thanh toán | E34: 70280000 | F34: =F33+D34-E34 -> 42720000
A35: 26 | B35: 30/5/2020 | C35: Phát sinh công nợ T5/2020 xuất hóa đơn | D35: 30300000 | F35: =F34+D35-E35 -> 73020000
A36: 27 | B36: 30/5/2020 | C36: Phát sinh công nợ T5/2020 TT tiền mặt | D36: 2100000 | F36: =F35+D36-E36 -> 75120000
A37: 28 | B37: 30/5/2020 | C37: Phát sinh công nợ T5/2020 anh Huy TT ngoài cont TCNU4973297, TCNU4834861 | D37: =6400000/1.1 -> 5818181.8 | F37: =F36+D37-E37 -> 80938182
A38: 29 | B38: 43957 | C38: Vietsun thanh toán | E38: 42720000 | F38: =F37+D38-E38 -> 38218182
A39: 30 | B39: 43897 | C39: Vietsun thanh toán | E39: 30300000 | F39: =F38+D39-E39 -> 7918181.8
A40: 31 | B40: 44012 | C40: Phát sinh công nợ T6/2020 | D40: 72250000 | F40: =F39+D40-E40 -> 80168182
A41: 32 | B41: 44036 | C41: Vietsun thanh toán tiền mặt | E41: 2100000 | F41: =F40+D41-E41 -> 78068182
A42: 33 | B42: 44050 | C42: Viet sun thanh toán | E42: 72250000 | F42: =F41+D42-E42 -> 5818181.8
A43: 34 | B43: 44043 | C43: Phát sinh công nợ T7/2020 | D43: 44374000 | F43: =F42+D43-E43 -> 50192182
A44: 35 | B44: 44068 | C44: Anh Huy thanh toán công nợ T5/2020 | E44: 5818182 | F44: =F43+D44-E44 -> 44374000
A45: 36 | B45: 44074 | C45: Phát sinh công nợ T8/2020 | D45: 73697000 | F45: =F44+D45-E45 -> 1.18071e+08
A46: 37 | B46: 44099 | C46: Viet sun thanh toán T7/2020 | E46: 44374000 | F46: =F45+D46-E46 -> 73697000
A47: 38 | B47: 44104 | C47: Phát sinh công nợ T9/2020 | D47: 92330000 | F47: =F46+D47-E47 -> 1.66027e+08
A48: 39 | B48: 44120 | C48: Vietsun thanh toán T8/2020 | E48: 73697000 | F48: =F47+D48-E48 -> 92330000
A49: 40 | B49: 44135 | C49: Phát sinh công nợ T10/2020 | D49: 82040000 | F49: =F48+D49-E49 -> 1.7437e+08
A50: 41 | B50: 44148 | C50: Vietsun thanh toán T9/2020 | E50: 92330000 | F50: =F49+D50-E50 -> 82040000
A51: 42 | B51: 44165 | C51: Phát sinh công nợ T11/2020 | D51: 88782000 | F51: =F50+D51-E51 -> 1.70822e+08
A52: 43 | B52: 44176 | C52: Vietsun thanh toán T10/2020 | E52: 82040000 | F52: =F51+D52-E52 -> 88782000
A53: 44 | B53: 44196 | C53: Phát sinh công nợ T12/2020 | D53: 227345000 | F53: =F52+D53-E53 -> 3.16127e+08
A54: 45 | B54: 44204 | C54: Vietsun thanh toán T11/2020 | E54: 88782000 | F54: =F53+D54-E54 -> 2.27345e+08
A55: 47 | B55: 44227 | C55: Phát sinh công nợ T01/2021 | D55: 154806000 | F55: =F54+D55-E55 -> 3.82151e+08
A56: 48 | B56: 44232 | C56: Vietsun thanh toán 1 phần công nợ T12 | E56: 100000000 | F56: =F55+D56-E56 -> 2.82151e+08
A57: 49 | B57: 44235 | C57: Vietsun thanh toán nốt công nợ T12 | E57: 127345000 | F57: =F56+D57-E57 -> 1.54806e+08
A58: 51 | B58: 44255 | C58: Phát sinh công nợ T02/2021 | D58: 89657000 | F58: =F57+D58-E58 -> 2.44463e+08
A59: 54 | B59: 44267 | C59: Vietsun thanh toán công nợ T01 | E59: 154806000 | F59: =F58+D59-E59 -> 89657000
A60: 55 | B60: 44295 | C60: Vietsun thanh toán công nợ T02 | E60: 89657000 | F60: =F59+D60-E60 -> -0.18181819
A61: 56 | B61: 44286 | C61: Phát sinh công nợ T3/2021 | D61: 84075000 | F61: =F60+D61-E61 -> 84075000
A62: 59 | B62: 44316 | C62: Phát sinh công nợ T4/2021 | D62: 115340000 | F62: =F61+D62-E62 -> 1.99415e+08
A63: 60 | B63: 44323 | C63: Viet sun thanh toán công nợ T3/21 | E63: 84075000 | F63: =F62+D63-E63 -> 1.1534e+08
A64: 61 | B64: 44347 | C64: Phát sinh công nợ T5/21 | D64: 104020000 | F64: =F63+D64-E64 -> 2.1936e+08
A65: 62 | B65: 44351 | C65: Vietsun thanh toán công nợ T04/21 | E65: 115340000 | F65: =F64+D65-E65 -> 1.0402e+08
A66: 63 | B66: 44377 | C66: Phát sinh công nợ T6/21 | D66: 81920000 | F66: =F65+D66-E66 -> 1.8594e+08
A67: 64 | B67: 44386 | C67: Vietsun thanh toan cong nơ T05/21 | E67: 104020000 | F67: =F66+D67-E67 -> 81920000
A68: 65 | B68: 44408 | C68: Phát sinh công nợ T07/21 | D68: 19830000 | F68: =F67+D68-E68 -> 1.0175e+08
A69: 66 | B69: 44414 | C69: Vietsun thanh toan cong nơ T06/21 | E69: 81920000 | F69: =F68+D69-E69 -> 19830000
A70: 67 | B70: 30/8/2021 | C70: Phát sinh công nợ T08/21 | D70: 27350000 | F70: =F69+D70-E70 -> 47180000
A71: 68 | B71: 44478 | C71: Vietsun thanh toan cong nơ T07/21 | E71: 19830000 | F71: =F70+D71-E71 -> 27350000
A72: 69 | B72: 44469 | C72: Phát sinh công nợ T09/21 | D72: 58860000 | F72: =F71+D72-E72 -> 86210000
A73: 70 | B73: 44481 | C73: Vietsun thanh toán công nợ T8/21 | E73: 27350000 | F73: =F72+D73-E73 -> 58860000
A74: 71 | B74: 44500 | C74: Phát sinh công nợ T10/21 | D74: 81570000 | F74: =F73+D74-E74 -> 1.4043e+08
A75: 72 | B75: 44504 | C75: Vietsun thanh toán công nợ T9/21 | E75: 58860000 | F75: =F74+D75-E75 -> 81570000
A76: 73 | B76: 44530 | C76: Phát sinh công nợ T11/21 | D76: 112098063 | F76: =F75+D76-E76 -> 1.9366806e+08
A77: 74 | B77: 44540 | C77: Vietsun thanh toán công nợ T10/21 | E77: 81570000 | F77: =F76+D77-E77 -> 1.1209806e+08
A78: 75 | B78: 44561 | C78: Phát sinh công nợ T12/21 | D78: 160678982 | F78: =F77+D78-E78 -> 2.7277704e+08
A79: 76 | B79: 44568 | C79: Vietsun thah toán công nợ T11/21 | E79: 112098063 | F79: =F78+D79-E79 -> 1.6067898e+08
A80: 77 | B80: 44588 | C80: Vietsun thanh toán công nợ T12/21 | E80: 160678982 | F80: =F79+D80-E80 -> -0.18181819
A81: 78 | B81: 44588 | C81: Phát sinh công nợ T01/2022 | D81: 137668455 | F81: =F80+D81-E81 -> 1.3766845e+08
A82: 79 | B82: 44620 | C82: Phát sinh công nợ T02/2022 | D82: 79096545 | F82: =F81+D82-E82 -> 2.16765e+08
A83: 80 | B83: 44631 | C83: Vietsun thanh toán công nợ T01/22 | E83: 137668455 | F83: =F82+D83-E83 -> 79096545
A84: 81 | B84: 44651 | C84: Phát sinh công nợ T03/22 | D84: 85493301 | F84: =F83+D84-E84 -> 1.6458985e+08
A85: 82 | B85: 44659 | C85: Vietsun thanh toán công nợ T02/22 | E85: 79096545 | F85: =F84+D85-E85 -> 85493301
A86: 83 | B86: 44680 | C86: Phát sinh công nợ T04/22 | D86: 69205761 | F86: =F85+D86-E86 -> 1.5469906e+08
A87: 84 | B87: 44694 | C87: Vietsun thanh toán công nợ T03/22 | E87: 85493301 | F87: =F86+D87-E87 -> 69205761
A88: 85 | B88: 44711 | C88: Phát sinh công nợ T05/22 | D88: 69584400 | F88: =F87+D88-E88 -> 1.3879016e+08
A89: 86 | B89: 44722 | C89: Vietsun thanh toán công nợ T04/22 | E89: 69205761 | F89: =F88+D89-E89 -> 69584400
A90: 87 | B90: 44742 | C90: Phát sinh công nợ T06/22 | D90: 41699200 | F90: =F89+D90-E90 -> 1.112836e+08
A91: 88 | B91: 44750 | C91: Vietsun thanh toán công nợ T05/22 | E91: 69584400 | F91: =F90+D91-E91 -> 41699200
A92: 89 | B92: 44772 | C92: Phát sinh công nợ T07/22 | D92: 104810320 | F92: =F91+D92-E92 -> 1.4650952e+08
A93: 90 | B93: 44778 | C93: Vietsun thanh toán công nợ T06/22 | E93: 41699200 | F93: =F92+D93-E93 -> 1.0481032e+08
A94: 91 | B94: 44804 | C94: Phát sinh công nợ T08/22 | D94: 56412800 | F94: =F93+D94-E94 -> 1.6122312e+08
A95: 92 | B95: 44813 | C95: Vietsun thanh toán công nợ tháng 7/22 | E95: 104810320 | F95: =F94+D95-E95 -> 56412800
A96: 93 | B96: 44833 | C96: Phát sinh công nợ T09/22 | D96: 40465400 | F96: =F95+D96-E96 -> 96878200
A97: 94 | B97: 44841 | C97: Vietsun thanh toán công nợ tháng 8/22 | E97: 56412800 | F97: =F96+D97-E97 -> 40465400
A98: 95 | B98: 44864 | C98: Phát sinh công nợ T10/22 | D98: 77921600 | F98: =F97+D98-E98 -> 1.18387e+08
A99: 96 | B99: 44876 | C99: Vietsun thanh toán công nợ tháng 9/22 | E99: 40465400 | F99: =F98+D99-E99 -> 77921600
A100: 97 | B100: 44895 | C100: Phát sinh công nợ T11/22 | D100: 61286400 | F100: =F99+D100-E100 -> 1.39208e+08
...

Sheet Tan Viet Hung
G1: TH
A2: BẢNG KÊ CHI TIẾT CÔNG NỢ
A3: Khách hàng | D3: Tân Việt Hưng
E4: Số dư đầu kỳ | F4: 383840000
A5: Ngày tháng | D5: =+'Tổng hợp'!$G$2 -> 45784 | E5: Phát sinh Nợ | F5: =SUM(D10:D200) -> 2988670333
E6: Phát sinh Có | F6: =SUM(E10:E200) -> 3116172333
E7: Số dư cuối kỳ | F7: =+F4+F5-F6 -> 256338000
A8: STT | B8: Ngày tháng | C8: Diễn giải | D8: Phát sinh | F8: Ghi chú
D9: Nợ | E9: Có
A10: 1 | B10: 43621 | C10: Tân Việt Hưng thanh toán tiền | E10: 50000000 | H10: =F4+D10-E10 -> 333840000
A11: 2 | B11: 43631 | C11: Tân Việt Hưng thanh toán tiền | E11: 100000000 | H11: =H10+D11-E11 -> 233840000
A12: 3 | B12: 43646 | C12: Công nợ Tân Việt Hưng T6/2019 | D12: 191700000 | H12: =H11+D12-E12 -> 425540000
A13: 4 | B13: 08/07/209 | C13: Tân Việt Hưng thanh toán tiền | E13: 36240000 | H13: =H12+D13-E13 -> 389300000
A14: 5 | B14: 43662 | C14: Tân Việt Hưng thanh toán tiền | E14: 100000000 | H14: =H13+D14-E14 -> 289300000
A15: 6 | B15: 43668 | C15: Tân Việt Hưng thanh toán tiền | E15: 97600000 | H15: =H14+D15-E15 -> 191700000
A16: 7 | B16: 43679 | C16: Tân Việt Hưng thanh toán tiền | E16: 50000000 | H16: =H15+D16-E16 -> 141700000
A17: 8 | B17: 43677 | C17: Công nợ Tân Việt Hưng T7/2019 | D17: 185940000 | H17: =H16+D17-E17 -> 327640000
A18: 9 | B18: 43690 | C18: Tân Việt Hưng thanh toán tiền | E18: 100000000 | H18: =H17+D18-E18 -> 227640000
A19: 10 | B19: 43693 | C19: Tân Việt Hưng thanh toán tiền | E19: 41700000 | H19: =H18+D19-E19 -> 185940000
A20: 11 | B20: 31/8/2019 | C20: Công nợ Tân Việt Hưng T8/2019 | D20: 182960000 | H20: =H19+D20-E20 -> 368900000
A21: 12 | B21: 14/9/2019 | C21: Tân Việt Hưng thanh toán cước T7/19 | E21: 185940000 | H21: =H20+D21-E21 -> 182960000
A22: 13 | B22: 30/9/2019 | C22: Công nợ Tân Việt Hưng T9/2019 | D22: 179740000 | H22: =H21+D22-E22 -> 362700000
A23: 14 | B23: 15/10/2019 | C23: Tân Việt Hưng thanh toán cước T8/19 lần 1 | E23: 100000000 | H23: =H22+D23-E23 -> 262700000
A24: 15 | B24: 21/10/2019 | C24: Tân Việt Hưng thanh toán cước T8/19 lần | E24: =82000000+960000 -> 82960000 | H24: =H23+D24-E24 -> 179740000
A25: 16 | B25: 31/10/2019 | C25: Công nợ Tân Việt Hưng T10/2019 | D25: 126660000 | H25: =H24+D25-E25 -> 306400000
A26: 17 | B26: 18/11/2019 | C26: Tân Việt Hưng thanh toán | E26: 100000000 | H26: =H25+D26-E26 -> 206400000
A27: 18 | B27: 19/11/2019 | C27: Tân Việt Hưng thanh toán | E27: 79740000 | H27: =H26+D27-E27 -> 126660000
A28: 19 | B28: 30/11/2019 | C28: Công nợ Tân Việt Hưng T11/2019 | D28: 127820000 | H28: =H27+D28-E28 -> 254480000
A29: 20 | B29: 16/12/2019 | C29: Tân Việt Hưng thanh toán | E29: 100000000 | H29: =H28+D29-E29 -> 154480000
A30: 21 | B30: 19/12/2019 | C30: Tân Việt Hưng thanh toán | E30: 26660000 | H30: =H29+D30-E30 -> 127820000
A31: 22 | B31: 31/12/2019 | C31: Công nợ Tân Việt Hưng T12/2019 | D31: 177900000 | H31: =H30+D31-E31 -> 305720000
A32: 23 | B32: 14/1/2019 | C32: Tân Việt Hưng thanh toán cước vận chuyển T11/19 | E32: 127820000 | H32: =H31+D32-E32 -> 177900000
A33: 24 | B33: 31/1/2020 | C33: Công nợ Tân Việt Hưng T1/2020 | D33: 11400000 | H33: =H32+D33-E33 -> 189300000
A34: 25 | B34: 17/2/2020 | C34: Tân Việt Hưng thanh toán cước vận chuyển T12/19 lần 1 | E34: 100000000 | H34: =H33+D34-E34 -> 89300000
A35: 26 | B35: 20/2/2020 | C35: Tân Việt Hưng thanh toán nốt cước vận chuyển T12/19 | E35: 77900000 | H35: =H34+D35-E35 -> 11400000
A36: 27 | B36: 18/3/20 | C36: Tân Việt Hưng thanh toán cước vận chuyển T1/2020 | E36: 11400000 | H36: =H35+D36-E36 -> 0
A37: 28 | B37: 44074 | C37: Phát sinh cước vận chuyển T8 | D37: 13000000 | H37: =H36+D37-E37 -> 13000000
A38: 29 | B38: 44130 | C38: Tân Việt hưng tháng toán tiền cước vận chuyển T8/2020 | E38: 13000000 | H38: =H37+D38-E38 -> 0
A39: 30 | B39: 44165 | C39: Phát sinh cước vận chuyển T11 | D39: 7700000 | H39: =H38+D39-E39 -> 7700000
A40: 31 | B40: 44235 | C40: Tân Việt Hưng thanh toán | E40: 7700000 | H40: =H39+D40-E40 -> 0
A41: 32 | B41: 44286 | C41: Phát sinh cước vận chuyển T3 | D41: 1800000 | H41: =H40+D41-E41 -> 1800000
A42: 33 | B42: 44315 | C42: Phát sinh cước vận chuyển T4 | D42: 8400000 | H42: =H41+D42-E42 -> 10200000
A43: 34 | B43: 44408 | C43: Phát sinh công nợ phải trả | E43: 7200000 | H43: =H42+D43-E43 -> 3000000
A44: 35 | B44: 44439 | C44: Phát sinh công nợ phải trả | E44: 68500000 | H44: =H43+D44-E44 -> -65500000
A45: 36 | B45: 44469 | C45: Phát sinh công nợ phải trả | E45: 7200000 | H45: =H44+D45-E45 -> -72700000
A46: 37 | B46: 44500 | C46: Phát sinh công nợ phải thu T10 | D46: 22100000 | H46: =H45+D46-E46 -> -50600000
A47: 38 | B47: 44509 | C47: NePO thanh toán tiền công nợ T8 | D47: 65500000 | H47: =H46+D47-E47 -> 14900000
A48: 39 | B48: 44530 | C48: Phát sinh công nợ phải thu T11 | D48: 34600000 | H48: =H47+D48-E48 -> 49500000
A49: 40 | B49: 44569 | C49: TVH thanh toán tiền cước T10 đối trừ tháng 9 | E49: 14900000 | H49: =H48+D49-E49 -> 34600000
A50: 41 | B50: 44618 | C50: TVH thanh toán tiền cước tháng 11 | E50: 34600000 | H50: =H49+D50-E50 -> 0
A51: 42 | B51: 44680 | C51: Phát sinh công nợ phải thu T4 | D51: 11900000 | H51: =H50+D51-E51 -> 11900000
A52: 43 | B52: 44711 | C52: Phát sinh công nợ phải thu T5 | D52: 11300000 | H52: =H51+D52-E52 -> 23200000
A53: 44 | B53: 44742 | C53: Phát sinh công nợ phải thu T6 | D53: 11700000 | H53: =H52+D53-E53 -> 34900000
A54: 45 | B54: 44774 | C54: TVH thanh toán tiền cước T4.5 | E54: =23200000 -> 23200000 | H54: =H53+D54-E54 -> 11700000
A55: 46 | B55: 44774 | C55: Phát sinh công nợ phải thu T7 | D55: 18900000 | H55: =H54+D55-E55 -> 30600000
A56: 47 | B56: 44864 | C56: Phát sin công nợ phải thu T10 | D56: 7800000 | H56: =H55+D56-E56 -> 38400000
A57: 48 | B57: 44887 | C57: TVH thanh toán tiền cước T6.7 | E57: 30600000 | H57: =H56+D57-E57 -> 7800000
A58: 49 | B58: 44895 | C58: Phát sinh công nợ phải thu T11 | D58: 1800000 | H58: =H57+D58-E58 -> 9600000
A59: 50 | B59: 44925 | C59: Phát sinh công nợ phải thu T12 | D59: 37900000 | H59: =H58+D59-E59 -> 47500000
A60: 51 | B60: 44591 | C60: Phát sinh công nợ phải thu T1 | D60: 31100000 | H60: =H59+D60-E60 -> 78600000
A61: 52 | B61: 44985 | C61: Phát sinh công nợ phải thu T2 | D61: 1600000 | H61: =H60+D61-E61 -> 80200000
A62: 53 | B62: 45016 | C62: Phát sinh công nợ phải thu T3 | D62: 13400000 | H62: =H61+D62-E62 -> 93600000
A63: 54 | B63: 45019 | C63: TVH thanh toán tiền cước T10+11 | E63: 9600000 | H63: =H62+D63-E63 -> 84000000
A64: 55 | B64: 45045 | C64: Phát sinh công nợ phải thu T4 | D64: 12490000 | H64: =H63+D64-E64 -> 96490000
A65: 56 | B65: 45064 | C65: TVH thanh toán tiền tháng 12 | E65: 37900000 | H65: =H64+D65-E65 -> 58590000
A66: 57 | B66: 45076 | C66: Phát sinh công nợ phải thu T5 | D66: 54910000 | H66: =H65+D66-E66 -> 113500000
A67: 58 | B67: 45097 | C67: TVH thanh toán tiền tháng 12 | E67: 10000000 | H67: =H66+D67-E67 -> 103500000
A68: 59 | B68: 45103 | C68: TVH thanh toán tiền tháng 2,3 | E68: 36100000 | H68: =H67+D68-E68 -> 67400000
A69: 60 | B69: 45107 | C69: Phát sinh công nợ phải thu T6 | D69: 45045000 | H69: =H68+D69-E69 -> 112445000
A70: 61 | B70: 45138 | C70: phát sinh công nợ phải thu T7 | D70: 34401000 | H70: =H69+D70-E70 -> 146846000
A71: 62 | B71: 45139 | C71: TVH thanh toán tiền T4 | E71: 12490000 | H71: =H70+D71-E71 -> 134356000
A72: 63 | B72: 45169 | C72: Phát sinh công nợ phải thu T8 | D72: 48168000 | H72: =H71+D72-E72 -> 182524000
A73: 64 | B73: 45188 | C73: TVH thanh toán tiền tháng 5 | E73: 43010000 | H73: =H72+D73-E73 -> 139514000
A74: 65 | B74: 45199 | C74: Phát sinh công nợ phải thu T9 | D74: 30405000 | H74: =H73+D74-E74 -> 169919000
A75: 66 | B75: 45205 | C75: TVH thanh toán tiền tháng 6 | E75: 45045000 | H75: =H74+D75-E75 -> 124874000
A76: 67 | B76: 45213 | C76: TVH thanh toán tiền tháng 5 | E76: 11900000 | H76: =H75+D76-E76 -> 112974000
A77: 68 | B77: 45229 | C77: Phát sinh công nợ phải thu T10 | D77: 38124000 | H77: =H76+D77-E77 -> 151098000
A78: 69 | B78: 45254 | C78: TVH thanh toán tiền tháng 7 | E78: 34401000 | H78: =H77+D78-E78 -> 116697000
A79: 70 | B79: 45260 | C79: Phát sinh công nợ phải thu T11 | D79: 86992000 | H79: =H78+D79-E79 -> 203689000
A80: 71 | B80: 45271 | C80: TVH thanh toán tiền tháng 8 | E80: 48168000 | H80: =H79+D80-E80 -> 155521000
A81: 72 | B81: 45288 | C81: TVH thanh toán tiền tháng 9 | E81: 30405000 | H81: =H80+D81-E81 -> 125116000
A82: 73 | B82: 45291 | C82: Phát sinh công nợ phải thu T12 | D82: 78922333 | H82: =H81+D82-E82 -> 204038333
A83: 74 | B83: 45322 | C83: TVH thanh toán tiền tháng 10 | E83: 38124000 | H83: =H82+D83-E83 -> 165914333
A84: 75 | B84: 45322 | C84: Phát sinh công nợ phải thu T1 | D84: 68447000 | H84: =H83+D84-E84 -> 234361333
A85: 76 | B85: 45350 | C85: Phát sinh công nợ phải thu T2 | D85: 26298000 | H85: =H84+D85-E85 -> 260659333
A86: 77 | B86: 45352 | C86: TVH thanh toán tiền tháng 11 | E86: 86992000 | H86: =H85+D86-E86 -> 173667333
A87: 78 | B87: 45379 | C87: phát sinh công nợ phải thu T3 | D87: 110160000 | H87: =H86+D87-E87 -> 283827333
A88: 79 | B88: 45385 | C88: TVH thanh toán tiền tháng 12 | E88: 57564000 | H88: =H87+D88-E88 -> 226263333
A89: 80 | B89: 45393 | C89: TVH thanh toán tiền tháng 12 | E89: 21358333 | F89: TM | H89: =H88+D89-E89 -> 204905000
A90: 81 | B90: 45402 | C90: TVH thanh toán tiền tháng 1 | E90: 10000000 | H90: =H89+D90-E90 -> 194905000
A91: 82 | B91: 45408 | C91: TVH thanh toán tiền tháng 01 | E91: 58447000 | H91: =H90+D91-E91 -> 136458000
A92: 83 | B92: 45412 | C92: Phát sinh công nợ phải thu T04 | D92: 93018000 | H92: =H91+D92-E92 -> 229476000
A93: 84 | B93: 45427 | C93: TVH thanh toán tiền tháng 2 | E93: 26298000 | H93: =H92+D93-E93 -> 203178000
A94: 85 | B94: 45443 | C94: Phát sinh công nợ phải thu T5 | D94: 74070000 | H94: =H93+D94-E94 -> 277248000
A95: 86 | B95: 45465 | C95: TVH thanh toán tiền tháng 3 | E95: 110160000 | H95: =H94+D95-E95 -> 167088000
A96: 87 | B96: 45473 | C96: Phát sinh công nợ phải thu T6 | D96: 61344000 | H96: =H95+D96-E96 -> 228432000
A97: 88 | B97: 45490 | C97: TVH thanh toán tiền tháng 4 | E97: 93018000 | H97: =H96+D97-E97 -> 135414000 | L97: 15150000
A98: 89 | B98: 45504 | C98: TVH thanh toán tiền tháng 5 | E98: 74070000 | H98: =H97+D98-E98 -> 61344000 | L98: 15750000
A99: 90 | B99: 45504 | C99: Phát sinh công nợ phải thu T7 | D99: 39204000 | H99: =H98+D99-E99 -> 100548000 | L99: 21358333
A100: 91 | B100: 45532 | C100: TVH thanh toán tiền T6 | E100: 61344000 | H100: =H99+D100-E100 -> 39204000 | L100: 5940000
...

Sheet Che My Lam
G1: TH
A2: BẢNG KÊ CHI TIẾT CÔNG NỢ | J2: 0983223404 | K2: Chị Tươi
A3: Khách hàng | D3: Chè Mỹ Lâm | J3: 02073875110 | K3: Phòng KT
E4: Số dư đầu kỳ | F4: 88654000 | J4: 0911275686 | K4: Chị Tuyết | L4: KTT
A5: Ngày tháng | D5: =+'Tổng hợp'!$G$2 -> 45784 | E5: Phát sinh Nợ | F5: =SUM(D10:D500) -> 5562332279
E6: Phát sinh Có | F6: =SUM(E10:E1500) -> 5543013479
E7: Số dư cuối kỳ | F7: =+F4+F5-F6 -> 107972800
A8: STT | B8: Ngày tháng | C8: Diễn giải | D8: Phát sinh | F8: Ghi chú
D9: Nợ | E9: Có
A10: 1 | B10: 43630 | C10: Mỹ Lâm thanh toán công nợ T4 | E10: 32058000 | H10: =F4+D10-E10 -> 56596000
A11: 2 | B11: 43645 | C11: Công nợ tháng 6 Mỹ Lâm | D11: 44935000 | H11: =H10+D11-E11 -> 101531000
A12: 3 | B12: 43654 | C12: Chè Mỹ Lâm thanh toán công nợ T5/2019 | E12: 56596000 | H12: =H11+D12-E12 -> 44935000
A13: 4 | B13: 43677 | C13: Chè Mỹ Lâm thanh toán công nợ T6/2019 | E13: 44935000 | H13: =H12+D13-E13 -> 0
A14: 5 | B14: 43677 | C14: Công nợ tháng 7 Mỹ Lâm | D14: 89430000 | H14: =H13+D14-E14 -> 89430000
A15: 6 | B15: 43708 | C15: Công nợ tháng 8 Mỹ Lâm | D15: 145929000 | H15: =H14+D15-E15 -> 235359000
A16: 7 | B16: 43625 | C16: Chè Mỹ Lâm thanh toán công nợ T7/2019 | E16: 89430000 | H16: =H15+D16-E16 -> 145929000
A17: 8 | B17: 27/9/2019 | C17: Chè Mỹ Lâm thanh toán công nợ T8/2019 | E17: 145929000 | H17: =H16+D17-E17 -> 0
A18: 9 | B18: 30/9/2019 | C18: Công nợ tháng 9 Mỹ Lâm | D18: 100714000 | H18: =H17+D18-E18 -> 100714000
A19: 10 | B19: 29/10/2019 | C19: Chè Mỹ Lâm thanh toán công nợ T9 | E19: 100714000 | H19: =H18+D19-E19 -> 0
A20: 11 | B20: 31/10/2019 | C20: Công nợ T10 | D20: 101721000 | H20: =H19+D20-E20 -> 101721000
A21: 12 | B21: 30/11/2019 | C21: Công nợ T11 | D21: 100477000 | H21: =H20+D21-E21 -> 202198000
A22: 13 | B22: 43720 | C22: Chè Mỹ Lâm thanh toán công nợ T10 | E22: 101721000 | H22: =H21+D22-E22 -> 100477000
A23: 14 | B23: 31/12/2019 | C23: Công nợ T12 | D23: 101181000 | H23: =H22+D23-E23 -> 201658000
A24: 15 | B24: 15/1/2019 | C24: Chè Mỹ Lâm thanh toán công nợ T11+12 | E24: 210474091 | H24: =H23+D24-E24 -> -8816091
A25: 16 | B25: 31/1/2020 | C25: Công nợ T1/2020 | D25: 68311000 | H25: =H24+D25-E25 -> 59494909
A26: 17 | B26: 29/2/2020 | C26: Công nợ T2/2020 | D26: 45832000 | H26: =H25+D26-E26 -> 105326909
A27: 18 | B27: 25/3/2020 | C27: Mỹ Lâm thanh toán công nợ T1+2 | E27: 105326909 | H27: =H26+D27-E27 -> 0
A28: 19 | B28: 43865 | C28: Cước vận chuyển+phí dịch vụ cont MRKU6098599 | D28: 10735000 | H28: =H27+D28-E28 -> 10735000
A29: 20 | B29: 15/4/2020 | C29: Mỹ Lâm thanh toán cước vận chuyển cont MRKU6098599 | E29: 10235000 | H29: =H28+D29-E29 -> 500000
A30: 21 | B30: 27/4/2020 | C30: Mỹ lâm thanh toán phí cơ sở hạ tầng cont MRKU6098599 | E30: 500000 | H30: =H29+D30-E30 -> 0
A31: 22 | B31: 30/5/2020 | C31: Công nợ T5/2020 | D31: 57301890 | H31: =H30+D31-E31 -> 57301890
A32: 23 | B32: 30/06/2020 | C32: Công nợ T6/2020 | D32: 84950000 | H32: =H31+D32-E32 -> 142251890
A33: 24 | B33: 44020 | C33: Mỹ Lâm thanh toán công nợ T5,T6 | E33: 132251890 | H33: =H32+D33-E33 -> 10000000
A34: 25 | B34: 44043 | C34: Công nợ T7/2020 | D34: 148443000 | F34: DNTT HD 140.043.000 đ | H34: =H33+D34-E34 -> 158443000
A35: 26 | B35: 44075 | C35: Mỹ Lâm thanh toán công nợ T7 -HĐ | E35: 140043000 | H35: =H34+D35-E35 -> 18400000
A36: 27 | B36: 44074 | C36: Công nợ T8/2020 | D36: 53228000 | H36: =H35+D36-E36 -> 71628000
A37: 28 | B37: 44103 | C37: Mỹ Lâm thanh toán công nợ T8-HĐ | E37: 63628000 | H37: =H36+D37-E37 -> 8000000
A38: 29 | B38: 44104 | C38: Công nợ T9/2020 | D38: 116602000 | H38: =H37+D38-E38 -> 124602000
A39: 30 | B39: 44130 | C39: Mỹ Lâm thanh toán công nợ T9-HĐ | E39: 124602000 | H39: =H38+D39-E39 -> 0
A40: 31 | B40: 44135 | C40: Công nợ T10/2020 | D40: 98775000 | H40: =H39+D40-E40 -> 98775000
A41: 32 | B41: 44167 | C41: Mỹ Lâm thanh toán công nợ T10 | E41: 98775000 | H41: =H40+D41-E41 -> 0
A42: 33 | B42: 44165 | C42: Công nợ T11/2020 | D42: 93933000 | H42: =H41+D42-E42 -> 93933000
A43: 34 | B43: 44196 | C43: công nợ T12/2020 | D43: 116806000 | H43: =H42+D43-E43 -> 210739000
A44: 35 | B44: 44202 | C44: Mỹ Lâm thanh toán công nợ T11 | E44: 93933000 | H44: =H43+D44-E44 -> 116806000
A45: 36 | B45: 44227 | C45: Công nợ T01/2021 | D45: 56170000 | H45: =H44+D45-E45 -> 172976000
A46: 37 | B46: 44228 | C46: Mỹ Lâm thanh toán công nợ T12 | E46: 116806000 | H46: =H45+D46-E46 -> 56170000
A47: 38 | B47: 44257 | C47: Mỹ Lâm thanh toán công nợ T01 | E47: 56170000 | H47: =H46+D47-E47 -> 0
A48: 39 | B48: 44255 | C48: Công nợ T02/2021 | D48: 80945000 | H48: =H47+D48-E48 -> 80945000
A49: 40 | B49: 44286 | C49: Mỹ Lâm thanh toán công nợ T02 | E49: 80945000 | H49: =H48+D49-E49 -> 0
A50: 41 | B50: 44286 | C50: Công nợ T03/2021 | D50: 80525000 | H50: =H49+D50-E50 -> 80525000
A51: 42 | B51: 44315 | C51: Công nợ T04/2021 | D51: 34902000 | H51: =H50+D51-E51 -> 115427000
A52: 43 | B52: 44323 | C52: Mỹ Lâm thanh toán công nợ T03 | E52: 80525000 | H52: =H51+D52-E52 -> 34902000
A53: 44 | B53: 44347 | C53: Công nợ T05/2021 | D53: 23866000 | H53: =H52+D53-E53 -> 58768000
A54: 45 | B54: 44348 | C54: Mỹ Lâm thanh toán công nợ T04 | E54: 34902000 | H54: =H53+D54-E54 -> 23866000
A55: 46 | B55: 44376 | C55: Mỹ lâm thanh toán công nợ T05 | E55: 23616000 | H55: =H54+D55-E55 -> 250000
A56: 47 | B56: 44377 | C56: Công nợ T06/2021 | D56: 79917110 | H56: =H55+D56-E56 -> 80167110
A57: 48 | B57: 44407 | C57: Công nợ T07/2021 | D57: 129318800 | H57: =H56+D57-E57 -> 209485910
A58: 49 | B58: 44411 | C58: Mỹ Lâm thanh toán công nợ T06 | E58: 80167110 | H58: =H57+D58-E58 -> 129318800
A59: 50 | B59: 44438 | C59: Mỹ Lâm thanh toán công nợ T07 | E59: 129318800 | H59: =H58+D59-E59 -> 0
A60: 51 | B60: 44438 | C60: Công nợ T08/2021 | D60: 131258000 | H60: =H59+D60-E60 -> 131258000
A61: 52 | B61: 44469 | C61: Mỹ Lâm thanh toán công nợ T08 | E61: 131258000 | H61: =H60+D61-E61 -> 0
A62: 53 | B62: 44469 | C62: Công nợ T09/2021 | D62: 114974400 | H62: =H61+D62-E62 -> 114974400
A63: 54 | B63: 44499 | C63: Công nợ T10/2021 | D63: 173678150 | H63: =H62+D63-E63 -> 288652550
A64: 55 | C64: Phát sinh công nợ cosco | D64: 342750 | H64: =H63+D64-E64 -> 288995300
A65: 56 | B65: 44497 | C65: MLT21002 | D65: 160006650 | H65: =H64+D65-E65 -> 449001950
A66: 57 | B66: 44498 | C66: Mỹ Lâm thanh toán công nợ | E66: 160006650 | H66: =H65+D66-E66 -> 288995300
A67: 58 | B67: 44508 | C67: Mỹ Lâm thanh toán công nợ T09 | E67: 114974400 | H67: =H66+D67-E67 -> 174020900
A68: 57 | B68: 44530 | C68: Công nợ T11/2021 | D68: 60088000 | H68: =H67+D68-E68 -> 234108900
A69: 58 | B69: 44540 | C69: Mỹ Lâm thanh toán công nợ T10 | E69: 114974400 | H69: =H68+D69-E69 -> 119134500
A70: 59 | B70: 44560 | C70: Công nợ T12/2021 | D70: 83639500 | H70: =H69+D70-E70 -> 202774000
A71: 60 | B71: 44560 | C71: Mỹ Lâm thanh toán công nợ T10 | E71: 58703750 | H71: =H70+D71-E71 -> 144070250
A72: 61 | B72: 44220 | C72: Mỹ Lâm thanh toán công nợ T11,T12 | E72: 143727500 | H72: =H71+D72-E72 -> 342750
A73: 62 | B73: 44588 | C73: Công nợ T01/22 | D73: 84589000 | H73: =H72+D73-E73 -> 84931750
A74: 63 | B74: 44620 | C74: Công nợ T02/22 | D74: 24315200 | H74: =H73+D74-E74 -> 109246950
A75: 64 | B75: 44622 | C75: Mỹ Lâm thanh toán công nợ T1 | E75: 84589000 | H75: =H74+D75-E75 -> 24657950
A76: 65 | B76: 44638 | C76: Mỹ Lâm thanh toán công nợ T1 | E76: 84589000 | H76: =H75+D76-E76 -> -59931050
A77: 66 | B77: 44651 | C77: Công nợ T03/22 | D77: 38212800 | H77: =H76+D77-E77 -> -21718250
A78: 67 | B78: 44708 | C78: Công nợ T05/22 | D78: 41615600 | H78: =H77+D78-E78 -> 19897350
A79: 68 | B79: 44742 | C79: Công nợ T06/22 | D79: 12749600 | H79: =H78+D79-E79 -> 32646950
A80: 69 | B80: 44772 | C80: Công nợ T07/22 | D80: 111107400 | H80: =H79+D80-E80 -> 143754350
A81: 70 | B81: 44772 | C81: Phát sinh công nợ hàng nhập T07/22 | D81: 14720750 | H81: =H80+D81-E81 -> 158475100
A82: 71 | B82: 44782 | C82: Mỹ Lâm thanh toán công nợ | E82: 32304200 | H82: =H81+D82-E82 -> 126170900
A83: 72 | B83: 44802 | C83: Công nợ T08/22 | D83: 54817200 | H83: =H82+D83-E83 -> 180988100
A84: 73 | B84: 44810 | C84: Mỹ Lâm thanh toán công nợ tháng 7 | E84: 119069400 | H84: =H83+D84-E84 -> 61918700
A85: 74 | B85: 44832 | C85: Công nợ T09/22 | D85: 83218400 | H85: =H84+D85-E85 -> 145137100
A86: 75 | B86: 44847 | C86: Mỹ Lâm thanh toán công nợ | E86: 114794350 | H86: =H85+D86-E86 -> 30342750
A87: 76 | B87: 44864 | C87: Công nợ T10/22 | D87: 148622000 | H87: =H86+D87-E87 -> 178964750
A88: 77 | B88: 44894 | C88: Công nợ T11/2022 | D88: 54924000 | H88: =H87+D88-E88 -> 233888750
A89: 78 | B89: 44896 | C89: Mỹ Lâm thanh toán công nợ | E89: 100000000 | H89: =H88+D89-E89 -> 133888750
A90: 79 | B90: 44925 | C90: Công nợ T12/2022 | D90: 147555200 | H90: =H89+D90-E90 -> 281443950
A91: 80 | B91: 44940 | C91: Mỹ Lâm thanh toán công nợ | E91: 200000000 | H91: =H90+D91-E91 -> 81443950
A92: 81 | B92: 44956 | C92: Công nợ T1/2023 | D92: =53843025-342750 -> 53500275 | H92: =H91+D92-E92 -> 134944225
A93: 82 | B93: 44973 | C93: Mỹ Lâm thanh toán công nợ | E93: 81101200 | H93: =H92+D93-E93 -> 53843025
A94: 83 | B94: 44985 | C94: Công nợ T2/2023 | D94: 81414000 | H94: =H93+D94-E94 -> 135257025
A95: 84 | B95: 44995 | C95: Mỹ Lâm thanh toán công nợ | E95: 53843025 | H95: =H94+D95-E95 -> 81414000
A96: 85 | B96: 45015 | C96: Công nợ T3/2023 | D96: 38227000 | H96: =H95+D96-E96 -> 119641000
A97: 86 | B97: 45045 | C97: Công nợ T4/2023 | D97: 12549000 | H97: =H96+D97-E97 -> 132190000
A98: 87 | B98: 45044 | C98: Mỹ Lâm thanh toán công nợ | E98: 50000000 | H98: =H97+D98-E98 -> 82190000
A99: 88 | B99: 45076 | C99: Mỹ Lâm thanh toán công nợ | E99: 82190000 | H99: =H98+D99-E99 -> 0
A100: 89 | B100: 45107 | C100: Công nợ T6/2023 | D100: 37507000 | H100: =H99+D100-E100 -> 37507000
...

Sheet Phu Tai
G1: TH
A2: BẢNG KÊ CHI TIẾT CÔNG NỢ
A3: Khách hàng | D3: Phú Tài
E4: Số dư đầu kỳ | F4: 23056450
A5: Ngày tháng | D5: =+'Tổng hợp'!$G$2 -> 45784 | E5: Phát sinh Nợ | F5: =SUM(D10:D500) -> 2274867269
E6: Phát sinh Có | F6: =SUM(E10:E500) -> 2254182919
E7: Số dư cuối kỳ | F7: =+F4+F5-F6 -> 43740800
A8: STT | B8: Ngày tháng | C8: Diễn giải | D8: Phát sinh | F8: Ghi chú
D9: Nợ | E9: Có
A10: 1 | B10: 43619 | C10: Phú Tài thanh toán tiền tháng 5 | E10: 23056450 | J10: =F4+D10-E10 -> 0
A11: 2 | B11: 43622 | C11: Giay báo nợ số PTF19009 | D11: 23060650 | J11: =J10+D11-E11 -> 23060650
A12: 3 | B12: 43642 | C12: Giay báo nợ số PTF19010 | D12: 25973150 | J12: =J11+D12-E12 -> 49033800
A13: 4 | B13: 43655 | C13: Phú Tài thanh toán GBN PTF19009 | E13: 23060650 | J13: =J12+D13-E13 -> 25973150
A14: 5 | B14: 43655 | C14: Giay báo nợ số PTF19011 | D14: 23052650 | J14: =J13+D14-E14 -> 49025800
A15: 6 | B15: 43675 | C15: Phú Tài thanh toán trước vào TKCN A Phụng | F15: 25000000 | H15: Đã xử lý chuyển trả lại | J15: =J14+D15-E15 -> 49025800
A16: 7 | B16: 43686 | C16: Phú Tài thanh toán tiền GBN PTF19010 | E16: 25961150 | H16: TT thiếu 12k do sử dụng GBN cũ | J16: =J15+D16-E16 -> 23064650
A17: 8 | B17: 16/8/2019 | C17: GBN PTF19012 | D17: 23064450 | J17: =J16+D17-E17 -> 46129100
A18: 9 | B18: 27/8/2019 | C18: GBN PTF19013 | D18: 27052050 | E18: 23052650 | J18: =J17+D18-E18 -> 50128500
A19: 10 | B19: 43625 | C19: Phú Tài thanh toán GBN PTF19012 | E19: 23064450 | J19: =J18+D19-E19 -> 27064050
A20: 11 | B20: 43808 | C20: PTF thanh toán quan TK Anh Phụng | E20: 4000000 | J20: =J19+D20-E20 -> 23064050
A21: 12 | B21: 18/9/2019 | C21: GBN PTF19014 | D21: 25969650 | J21: =J20+D21-E21 -> 49033700
A22: 13 | B22: 43740 | C22: GBN PTF19015 | D22: 23052050 | J22: =J21+D22-E22 -> 72085750
A23: 14 | B23: 43742 | C23: PTF thanh toán | E23: 46116500 | J23: =J22+D23-E23 -> 25969250
A24: 15 | B24: 43746 | C24: PTF thanh toán | E24: 2917200 | J24: =J23+D24-E24 -> 23052050
A25: 16 | B25: 21/10/2019 | C25: GBN PTF19016 | D25: 27052450 | J25: =J24+D25-E25 -> 50104500
A26: 17 | B26: 43627 | C26: GBN PTF19017 | D26: 23576650 | J26: =J25+D26-E26 -> 73681150
A27: 18 | B27: 7/11/209 | C27: PTF thanh toán | E27: 23052050 | J27: =J26+D27-E27 -> 50629100
A28: 19 | B28: 43780 | C28: PTF thanh toán | E28: 23052450 | J28: =J27+D28-E28 -> 27576650
A29: 20 | B29: 19/11/2019 | C29: GBN PTF19018 | D29: 28333200 | J29: =J28+D29-E29 -> 55909850
A30: 21 | B30: 20/11/2019 | C30: PTF thanh toán tiền chênh lệch lô PTF19016 | E30: 4000000 | J30: =J29+D30-E30 -> 51909850
A31: 22 | B31: 43567 | C31: PTF thanh toán GBN PTF19017 | E31: 23576650 | J31: =J30+D31-E31 -> 28333200
A32: 23 | B32: 43536 | C32: GBN PTF19019 | D32: 23319950 | J32: =J31+D32-E32 -> 51653150
A33: 24 | B33: 23/12/2019 | C33: PTF thanh toán PTF19018+PTF19019 | E33: 47653150 | J33: =J32+D33-E33 -> 4000000
A34: 25 | B34: 26/12/2019 | C34: GBN PTF19020 | D34: =23049450+4000000 -> 27049450 | J34: =J33+D34-E34 -> 31049450
A35: 26 | B35: 31/12/2019 | C35: Phú tài thanh toán GBN PTF19020 | E35: 23049450 | J35: =J34+D35-E35 -> 8000000
A36: 27 | B36: 43617 | C36: PTF thanh toán tiền chênh lệch lô PTF19018/020 | E36: 8000000 | J36: =J35+D36-E36 -> 0
A37: 28 | B37: 43900 | C37: GBN PTF20001NK | D37: 26745620 | J37: =J36+D37-E37 -> 26745620
A38: 29 | B38: 43900 | C38: Chênh lệch GBN PTF20001NK so với thực tế | D38: 4500000 | J38: =J37+D38-E38 -> 31245620
A39: 30 | B39: 43928 | C39: PTF thanh toán | E39: 26745620 | J39: =J38+D39-E39 -> 4500000
A40: 31 | B40: 43923 | C40: GBN PTF20002 | D40: 27068550 | J40: =J39+D40-E40 -> 31568550
A41: 32 | B41: 43923 | C41: GBN PTF20003 | D41: 26370150 | F41: chênh lệch 3.8tr | J41: =J40+D41-E41 -> 57938700
A42: 33 | B42: 28/4/2020 | C42: PTF thanh toán | E42: 49638700 | J42: =J41+D42-E42 -> 8300000
A43: 34 | B43: 28/4/2020 | C43: PTF20004 | D43: 22863400 | J43: =J42+D43-E43 -> 31163400
A44: 35 | B44: 43957 | C44: PTF thanh toán tiền chênh lệch lô PTF20001NK+20003 | E44: 8300000 | J44: =J43+D44-E44 -> 22863400
A45: 36 | B45: 43963 | C45: PTF20005 | D45: 25020250 | J45: =J44+D45-E45 -> 47883650
A46: 37 | B46: 16/5/2020 | C46: PTF20006 | D46: 25012450 | F46: TT 1 phần, chênh lệch thực tế so vơi hóa đơn 3.8 triệu TT TM | J46: =J45+D46-E46 -> 72896100
A47: 38 | B47: 16/5/2020 | C47: PTF20007 | D47: 20862450 | J47: =J46+D47-E47 -> 93758550
A48: 39 | B48: 44049 | C48: PTF thanh toán | E48: 70453800 | J48: =J47+D48-E48 -> 23304750
A49: 40 | B49: 43991 | C49: PTF20008 | D49: 21200550 | J49: =J48+D49-E49 -> 44505300
A50: 41 | B50: 43991 | C50: PTF20009 | D50: 27003750 | F50: chưa TT | J50: =J49+D50-E50 -> 71509050
A51: 42 | B51: 29/06/2020 | C51: GBN PTF20010TT | D51: 18130950 | F51: Theo GBN PTF20010: 19.580.950đ | J51: =J50+D51-E51 -> 89640000
A52: 43 | B52: 44025 | C52: PTF THANH TOÁN | E52: 65709050 | J52: =J51+D52-E52 -> 23930950
A53: 44 | B53: 44040 | C53: GBN PTF20011TT | D53: 23726450 | F53: Theo GBN PTF20011: 19.926.450đ | J53: =J52+D53-E53 -> 47657400
A54: 45 | B54: 44050 | C54: PTF THANH TOÁN | E54: 19580950 | J54: =J53+D54-E54 -> 28076450
A55: 46 | B55: 44068 | C55: GBN PTF20012 | D55: 22715350 | J55: =J54+D55-E55 -> 50791800
A56: 47 | B56: 44068 | C56: GBN PTF20013 | D56: 23356450 | F56: Theo GBN PTF20013: 19.556.450đ | J56: =J55+D56-E56 -> 74148250
A57: 48 | B57: 44082 | C57: PTF THANH TOÁN | E57: 39482900 | J57: =J56+D57-E57 -> 34665350
A58: 49 | B58: 44086 | C58: GBN PTF200014 | D58: 22715350 | J58: =J57+D58-E58 -> 57380700
A59: 50 | B59: 44089 | C59: PTF thanh toán | E59: 22715350 | J59: =J58+D59-E59 -> 34665350
A60: 51 | B60: 44095 | C60: PTF thanh toán tiền chênh lệch PTF20006,20011,20012,20013 | E60: 9950000 | F60: CK TK anh Phụng | J60: =J59+D60-E60 -> 24715350
A61: 52 | B61: 44117 | C61: GBN PTF20015TT | D61: 18157950 | F61: Theo GBN PTF20015: 19.607.950đ | J61: =J60+D61-E61 -> 42873300
A62: 53 | B62: 44144 | C62: PTF thanh toán | E62: 42873300 | J62: =J61+D62-E62 -> 0
A63: 54 | B63: 44148 | C63: GBN PTF20016 | D63: 22715350 | J63: =J62+D63-E63 -> 22715350
A64: 55 | B64: 44173 | C64: PTF thanh toán | E64: 22715350 | J64: =J63+D64-E64 -> 0
A65: 56 | B65: 44170 | C65: GBN PTF20017 | D65: 20883450 | J65: =J64+D65-E65 -> 20883450
A66: 57 | B66: 44263 | C66: PTF thanh toán | E66: 20883450 | J66: =J65+D66-E66 -> 0
A67: 58 | B67: 44300 | C67: GBN PTF21002 | D67: 27218950 | J67: =J66+D67-E67 -> 27218950
A68: 59 | B68: 44300 | C68: GBN PTF21001 NK TT | D68: 63140150 | F68: Theo GBN PTF21001NKHD : 52.140.150đ | J68: =J67+D68-E68 -> 90359100
A69: 60 | B69: 44305 | C69: GBN PTF21003 | D69: 35833700 | J69: =J68+D69-E69 -> 126192800
A70: 61 | B70: 44305 | C70: GBN PTF21004 | D70: 25270450 | J70: =J69+D70-E70 -> 151463250
A71: 62 | B71: 44312 | C71: GBN PTF21005 | D71: 35825450 | J71: =J70+D71-E71 -> 187288700
A72: 63 | B72: 44322 | C72: PTF thanh toán | E72: 140463250 | J72: =J71+D72-E72 -> 46825450
A73: 64 | B73: 44342 | C73: PTF thanh toán | E73: 11000000 | F73: CK TK anh Phụng | J73: =J72+D73-E73 -> 35825450
A74: 65 | B74: 44347 | C74: GBN PTF21006 | D74: 35922700 | J74: =J73+D74-E74 -> 71748150
A75: 66 | B75: 44354 | C75: GBN PTF21007 TT | D75: 31209950 | F75: Theo GBN PTF21007: 27.309.950đ | J75: =J74+D75-E75 -> 102958100
A76: 67 | B76: 44356 | C76: PTF thanh toán | E76: 35825450 | J76: =J75+D76-E76 -> 67132650
A77: 68 | B77: 44376 | C77: PTF thanh toán | E77: 63232650 | J77: =J76+D77-E77 -> 3900000
A78: 69 | B78: 44386 | C78: GBN PTF21008+9 | D78: 71995900 | J78: =J77+D78-E78 -> 75895900
A79: 70 | B79: 44389 | C79: GBN PTF21010 | D79: 27306950 | J79: =J78+D79-E79 -> 103202850
A80: 71 | B80: 44407 | C80: PTF thanh toán PTF21008+9 | E80: 71995900 | J80: =J79+D80-E80 -> 31206950
A81: 72 | B81: 44412 | C81: GBN PTF21011 | D81: 31902950 | F81: Theo GBN PTF21011HD: 28.002.950 | J81: =J80+D81-E81 -> 63109900
A82: 73 | B82: 44414 | C82: PTF thanh toán PTF21010 | E82: 27306950 | J82: =J81+D82-E82 -> 35802950
A83: 74 | B83: 44428 | C83: GBN PTF21012 | D83: 48245900 | J83: =J82+D83-E83 -> 84048850
A84: 75 | B84: 44431 | C84: GBN PTF21013 | D84: 42824200 | F84: Theo GBN PTF21013HD : 38.424.200 | J84: =J83+D84-E84 -> 126873050
A85: 76 | B85: 44446 | C85: PTF thanh toán | E85: 108151800 | J85: =J84+D85-E85 -> 18721250
A86: 77 | B86: 44446 | C86: GBN PTF21014HD | D86: 26666950 | J86: =J85+D86-E86 -> 45388200
A87: 78 | B87: 44473 | C87: PTF thanh toán phần chênh lêch | E87: 12200000 | J87: =J86+D87-E87 -> 33188200
A88: 79 | B88: 44495 | C88: GBN PTF21015 | D88: 42949700 | J88: =J87+D88-E88 -> 76137900
A89: 80 | B89: 44512 | C89: PTF thanh toán | E89: 32666950 | J89: =J88+D89-E89 -> 43470950
A90: 81 | B90: 44525 | C90: GBN PTF21016 | D90: 36385950 | J90: =J89+D90-E90 -> 79856900
A91: 82 | B91: 44538 | C91: PTF thanh toán | E91: 42949700 | J91: =J90+D91-E91 -> 36907200
A92: 83 | B92: 44551 | C92: GBN PTF21017-1 | D92: 34694950 | J92: =J91+D92-E92 -> 71602150
A93: 84 | B93: 44551 | C93: GBN PTF21007-2 | D93: 51640950 | J93: =J92+D93-E93 -> 123243100
A94: 85 | B94: 44559 | C94: GBN PTF21008 | D94: 51568950 | J94: =J93+D94-E94 -> 174812050
A95: 86 | B95: 44566 | C95: Phú tài thanh toán | E95: 137906850 | J95: =J94+D95-E95 -> 36905200
A96: 87 | B96: 44586 | C96: Phú Tài thanh toán | E96: 36905200 | J96: =J95+D96-E96 -> 0
A97: 88 | B97: 44651 | C97: GBN PTF22001 | D97: 57024950 | J97: =J96+D97-E97 -> 57024950
A98: 89 | B98: 44679 | C98: Phú Tài thanh toán | E98: 57092950 | J98: =J97+D98-E98 -> -68000
A99: 90 | B99: 44728 | C99: GBN PTF22002 | D99: 51595950 | J99: =J98+D99-E99 -> 51527950
A100: 91 | B100: 44733 | C100: GBN PTF22003 | D100: 51210950 | J100: =J99+D100-E100 -> 102738900
...

Sheet Hai Dang
G1: TH
A2: BẢNG KÊ CHI TIẾT CÔNG NỢ
A3: Khách hàng | D3: Hải Đăng
E4: Số dư đầu kỳ | F4: 46800000 | L4: 13/05/2019 Hải Đăng đã quyết toán và thanh toán hết công nợ T4/2019
A5: Ngày tháng | D5: =+'Tổng hợp'!$G$2 -> 45784 | E5: Phát sinh Nợ | F5: =SUM(D10:D200) -> 1465376996
E6: Phát sinh Có | F6: =SUM(E10:E200) -> 1432868996 | L6: 9/8/2019 Hải Đăng đã quyết toán và thanh toán hết công nợ T7/2019
E7: Số dư cuối kỳ | F7: =+F4+F5-F6 -> 79308000
A8: STT | B8: Ngày tháng | C8: Diễn giải | D8: Phát sinh | F8: Lũy kế | G8: Ghi chú
D9: Nợ | E9: Có
A10: 1 | B10: 43645 | C10: Phát sinh công nợ T6/2019 | D10: 40000 | F10: =F4+D10-E10 -> 46840000
A11: 2 | B11: 43677 | C11: Đối trừ công nợ T7/2019 | E11: 8700000 | F11: =F10+D11-E11 -> 38140000
A12: 3 | B12: 43686 | C12: Công ty Hải Đăng thanh toán hết tiền cước sau khi tất toán công nợ đến hết 31/07/2019 | E12: 38140000 | F12: =F11+D12-E12 -> 0
A13: 4 | B13: 31/8/2019 | C13: Phát sinh công nợ T8/2019 | D13: 290909 | F13: =F12+D13-E13 -> 290909
A14: 5 | B14: 15/11/2019 | C14: Đối trừ cước T8 phải thu với 1 phần công nợ phải trả T9 | E14: 290909 | F14: =F13+D14-E14 -> 0
A15: 6 | B15: 31/1/2020 | C15: Phát sinh công nợ T1/2020 | D15: 22300000 | F15: =F14+D15-E15 -> 22300000
A16: 7 | B16: 29/2/2020 | C16: Phát sinh công nợ T2/2020 | D16: 5480909 | F16: =F15+D16-E16 -> 27780909
A17: 8 | B17: 29/2/2020 | C17: Đối trừ cước bổ sung T9+cước T12/19 với công nợ phải thu | E17: 26021817 | F17: =F16+D17-E17 -> 1759092
A18: 9 | B18: 19/3/2020 | C18: Hải Đăng quyết toán nốt cước đến thời điểm 29.2.20 | E18: 1759092 | F18: =F17+D18-E18 -> 0 | L18: 19/3/2020 Hải đăng đã quyết toán và thanh toán hết công nợ T2/2020
A19: 10 | B19: 31/3/2020 | C19: Phát sinh công nợ T3/2020 | D19: 41506364 | F19: =F18+D19-E19 -> 41506364
A20: 11 | B20: 29/4/2020 | C20: Phát sinh công nợ T4/2020 | D20: 10513636 | F20: =F19+D20-E20 -> 52020000
A21: 12 | B21: 44346 | C21: Phát sinh công nợ phải trả tháng 5/20 | E21: 29950000 | F21: =F20+D21-E21 -> 22070000
A22: 13 | B22: 30/6/2020 | C22: Hải Đăng thanh toán cước vận chuyển T3/20 | E22: 41506364 | F22: =F21+D22-E22 -> -19436364
A23: 14 | B23: 44012 | C23: Phát sinh công nợ phải trả tháng 6/20 | E23: 6674546 | F23: =F22+D23-E23 -> -26110910
A24: 15 | B24: 44043 | C24: Phát sinh công nợ phải trả tháng 7/20 | E24: =25900000+1200000 -> 27100000 | F24: =F23+D24-E24 -> -53210910
A25: 16 | B25: 44073 | C25: Phát sinh công nợ phải trả tháng 8/20 | E25: =8800000+4935000 -> 13735000 | F25: =F24+D25-E25 -> -66945910
A26: 17 | B26: 44462 | C26: NePo thanh toán cước tháng 5/20 | D26: 19436364 | F26: =F25+D26-E26 -> -47509546
A27: 18 | B27: 44097 | C27: NEPO thanh toán tiền phí hải quan tháng 8/20 | D27: 4935000 | F27: =F26+D27-E27 -> -42574546
A28: 19 | B28: 44104 | C28: Phát sinh công nợ tháng 9/20 | D28: 26900000 | F28: =F27+D28-E28 -> -15674546
A29: 20 | B29: 44112 | C29: NePo thanh toán tiền cước tháng 6/20 | D29: 6674546 | F29: =F28+D29-E29 -> -9000000
A30: 21 | B30: 44135 | C30: Phát sinh công nợ T10/2020 | D30: 13800000 | F30: =F29+D30-E30 -> 4800000
A31: 22 | B31: 44151 | C31: NEPO thanh toán tiền cước T7.20 | D31: 25900000 | F31: =F30+D31-E31 -> 30700000
A32: 23 | B32: 44151 | C32: NEPO thanh toán tiền dịch vụ hải quan T7 | D32: 1200000 | F32: =F31+D32-E32 -> 31900000
A33: 24 | B33: 44165 | C33: Phát sinh công nợ T11/2020 | D33: 11336364 | F33: =F32+D33-E33 -> 43236364
A34: 25 | B34: 44196 | C34: Phát sinh công nợ T12/2020 | D34: 25200000 | F34: =F33+D34-E34 -> 68436364
A35: 26 | B35: 44196 | C35: Thu tiền cước cont FSCU5107074 tháng 12 | E35: 3800000 | F35: =F34+D35-E35 -> 64636364
A36: 27 | B36: 44225 | C36: Hải Đăng thanh toán tiền cước T9,10,11 bù trừ tháng 8 | E36: 43236364 | F36: =F35+D36-E36 -> 21400000
A37: 28 | B37: 44227 | C37: Phát sinh công nợ T01/21 | D37: 71900000 | F37: =F36+D37-E37 -> 93300000
A38: 29 | B38: 44255 | C38: Phát sinh công nợ T02/21 | D38: 32700000 | F38: =F37+D38-E38 -> 126000000
A39: 30 | B39: 44286 | C39: Phát sinh công nợ phải trả tháng 3/21 | E39: 1600000 | F39: =F38+D39-E39 -> 124400000
A40: 31 | B40: 44301 | C40: Hải Đăng thanh toán tiền cước T12 | E40: 21400000 | F40: =F39+D40-E40 -> 103000000
A41: 32 | B41: 44301 | C41: Hải Đăng thanh toán tiền cước T1 | E41: 68728500 | F41: =F40+D41-E41 -> 34271500
A42: 33 | B42: 44316 | C42: Phát sinh công nợ T04/21 | D42: 22863636 | F42: =F41+D42-E42 -> 57135136
A43: 34 | B43: 44347 | C43: Phát sinh công nợ T05/21 | D43: 45481819 | F43: =F42+D43-E43 -> 102616955
A44: 35 | B44: 44362 | C44: Hải Đăng thanh toán tiền cước | E44: 35871500 | F44: =F43+D44-E44 -> 66745455
A45: 36 | B45: 44377 | C45: Phát sinh công nợ T06/21 | D45: 9030909 | F45: =F44+D45-E45 -> 75776364
A46: 37 | B46: 44386 | C46: NEPO thanh toán tiền cước T3.21 | D46: 1600000 | F46: =F45+D46-E46 -> 77376364
A47: 38 | B47: 44408 | C47: Phát sinh công nợ T07/21 | D47: 22775000 | F47: =F46+D47-E47 -> 100151364
A48: 39 | B48: 44413 | C48: Hải Đăng thanh toán tiền cước | E48: 22863636 | F48: =F47+D48-E48 -> 77287728
A49: 40 | B49: 44439 | C49: Phát sinh công nợ T8/2021 | D49: 17750000 | F49: =F48+D49-E49 -> 95037728
A50: 41 | B50: 44469 | C50: Phát sinh công nợ T9/2021 | D50: 62963000 | F50: =F49+D50-E50 -> 158000728
A51: 42 | B51: 44481 | C51: Hải Đăng thanh toán tiền cước | E51: 50000000 | F51: =F50+D51-E51 -> 108000728
A52: 43 | B52: 44496 | C52: Hải Đăng thanh toán tiền cước | E52: 27287728 | F52: =F51+D52-E52 -> 80713000
A53: 44 | B53: 44499 | C53: Phát sinh công nợ T10/2021 | D53: 14300000 | F53: =F52+D53-E53 -> 95013000
A54: 45 | B54: 44531 | C54: Hải Đăng thanh toán tiền cước | E54: 17750000 | F54: =F53+D54-E54 -> 77263000
A55: 46 | B55: 44530 | C55: Phát sinh công nợ T11/21 | D55: 54150000 | F55: =F54+D55-E55 -> 131413000
A56: 47 | B56: 44556 | C56: Hải Đăng thanh toán tiền cước | E56: 62963000 | F56: =F55+D56-E56 -> 68450000
A57: 48 | B57: 44561 | C57: Phát sinh công nợ T12/21 | D57: 28427273 | F57: =F56+D57-E57 -> 96877273
A58: 49 | B58: 44579 | C58: Hải Đăng thanh toán tiền cước T10 | E58: 14300000 | F58: =F57+D58-E58 -> 82577273
A59: 50 | B59: 44589 | C59: Hải Đăng thanh toán tiền cước T11 | E59: 54150000 | F59: =F58+D59-E59 -> 28427273
A60: 51 | B60: 44589 | C60: Phát sinh công nợ T01/22 | D60: 63990200 | F60: =F59+D60-E60 -> 92417473
A61: 52 | B61: 44620 | C61: Phát sinh công nợ T02/22 | D61: 24900000 | F61: =F60+D61-E61 -> 117317473
A62: 53 | B62: 44651 | C62: Phát sinh công nợ phải trả T3/22 | E62: 5100000 | F62: =F61+D62-E62 -> 112217473
A63: 54 | B63: 44638 | C63: Hải Đăng thanh toán tiền cước T12 | E63: 28427273 | F63: =F62+D63-E63 -> 83790200
A64: 55 | B64: 44680 | C64: Phát sinh công nợ phải thu T4/22 | D64: 25930000 | F64: =F63+D64-E64 -> 109720200
A65: 56 | B65: 44715 | C65: Hải Đăng thanh toán tiền cước T1-2 | E65: 88890200 | F65: =F64+D65-E65 -> 20830000
A66: 57 | B66: 44711 | C66: Phát sinh công nợ phải thu T5/22 | D66: 36200000 | F66: =F65+D66-E66 -> 57030000
A67: 58 | B67: 44742 | C67: Phát sinh công nợ phải thu T6/22 | D67: 45000000 | F67: =F66+D67-E67 -> 102030000
A68: 59 | B68: 44772 | C68: Phát sinh công nợ phải thu T7/22 | D68: 50280000 | F68: =F67+D68-E68 -> 152310000
A69: 60 | B69: 44793 | C69: Hải Đăng thanh toán tiền công nợ T4, đối trừ tháng3 | E69: 20830000 | F69: =F68+D69-E69 -> 131480000
A70: 61 | B70: 44803 | C70: Phát sinh công nợ phải thu T8/22 | D70: 4550000 | F70: =F69+D70-E70 -> 136030000
A71: 62 | B71: 44834 | C71: Phát sinh công nợ phải trả T9/22 | E71: 15020000 | F71: =F70+D71-E71 -> 121010000
A72: 63 | B72: 44834 | C72: Hải Đăng thanh toán | E72: 50000000 | F72: =F71+D72-E72 -> 71010000
A73: 64 | B73: 44864 | C73: Phát sinh công nợ phải trả T10/22 | E73: 19820000 | F73: =F72+D73-E73 -> 51190000
A74: 65 | B74: 44881 | C74: Hải Đăng thanh toán tiền công nợ 6.7 | E74: 81400000 | F74: =F73+D74-E74 -> -30210000
A75: 66 | B75: 44895 | C75: Phát sinh công nợ phải trả T11/22 | E75: 95967778 | F75: =F74+D75-E75 -> -126177778
A76: 67 | B76: 44925 | C76: Phát sinh công nợ phải thu T12/22 | D76: 13200000 | F76: =F75+D76-E76 -> -112977778
A77: 68 | B77: 44942 | C77: NePO thanh toán 1/2 tiền tháng 11 | D77: 63177778 | F77: =F76+D77-E77 -> -49800000
A78: 69 | B78: 44956 | C78: Phát sinh công nợ phải thu T1/23 | D78: 530000 | F78: =F77+D78-E78 -> -49270000
A79: 70 | B79: 44985 | C79: Phát sinh công nợ phải thu T2/23 | D79: 10452728 | F79: =F78+D79-E79 -> -38817272
A80: 71 | B80: 44996 | C80: NePO thanh toán nốt tiền tháng 11.23 | D80: 63000000 | F80: =F79+D80-E80 -> 24182728
A81: 72 | B81: 45015 | C81: Phát sinh công nợ phải trả T3.23 | E81: 11800000 | F81: =F80+D81-E81 -> 12382728
A82: 73 | B82: 45046 | C82: Phát sinh công nợ phải trả T4.23 | E82: 43614364 | F82: =F81+D82-E82 -> -31231636
A83: 74 | B83: 45056 | C83: Hải Đăng thanh toán công nợ T12.22 | E83: 13200000 | F83: =F82+D83-E83 -> -44431636
A84: 75 | B84: 45076 | C84: Phát sinh công nợ phải thu T5.23 | D84: 21300000 | F84: =F83+D84-E84 -> -23131636
A85: 76 | B85: 45107 | C85: Phát sinh công nợ phải thu T6.23 | D85: 41740000 | F85: =F84+D85-E85 -> 18608364
A86: 77 | B86: 45133 | C86: Hải Đăng thanh toán tiền | E86: 18608364 | F86: =F85+D86-E86 -> 0
A87: 78 | B87: 45138 | C87: Phát sinh công nợ phải thu T7.23 | D87: 9660000 | F87: =F86+D87-E87 -> 9660000
A88: 79 | B88: 45169 | C88: Phát sinh công nợ phải trả T8.23 | E88: 9310400 | F88: =F87+D88-E88 -> 349600
A89: 80 | B89: 45199 | C89: Phát sinh công nợ phải thu T9.23 | D89: 26706482 | F89: =F88+D89-E89 -> 27056082
A90: 81 | B90: 45230 | C90: Phát sinh công nợ phải trả T10.23 | E90: 53587037 | F90: =F89+D90-E90 -> -26530955
A91: 82 | B91: 45237 | C91: Hải Đăng thanh toán tiền | E91: 350000 | F91: =F90+D91-E91 -> -26880955
A92: 83 | B92: 45260 | C92: Phát sinh công nợ phải thu T11.23 | D92: 12915000 | F92: =F91+D92-E92 -> -13965955
A93: 84 | B93: 45289 | C93: Hải Đăng thanh toán tiền | E93: 26706482 | F93: =F92+D93-E93 -> -40672437
A94: 85 | B94: 45657 | C94: Phát sinh công nợ phải thu T12.23 | D94: 8450000 | F94: =F93+D94-E94 -> -32222437
A95: 86 | B95: 45322 | C95: Phát sinh công nợ phải thu T1.24 | D95: 16847479 | F95: =F94+D95-E95 -> -15374958
A96: 87 | B96: 45351 | C96: NePO thanh toán tiền | D96: 9180000 | F96: =F95+D96-E96 -> -6194958 | I96: Thanh toán từ TK cty
A97: 88 | B97: 45351 | C97: Phát sinh công nợ phải thu T2.24 | D97: 34448000 | F97: =F96+D97-E97 -> 28253042
A98: 89 | B98: 45381 | C98: Phát sinh công nợ phải thu T3.24 | D98: 27618000 | F98: =F97+D98-E98 -> 55871042
A99: 90 | B99: 45407 | C99: Hải Đăng thanh toán tiền | E99: 28088042 | F99: =F98+D99-E99 -> 27783000
A100: 91 | B100: 45412 | C100: Phát sinh công nợ phải thu T4.24 | D100: 42798000 | F100: =F99+D100-E100 -> 70581000
...

Sheet An Khanh
G1: TH
A2: BẢNG KÊ CHI TIẾT CÔNG NỢ
A3: Khách hàng | D3: An Khánh
E4: Số dư đầu kỳ | F4: 60600000
A5: Ngày tháng | D5: =+'Tổng hợp'!$G$2 -> 45784 | E5: Phát sinh Nợ | F5: =SUM(D10:D298) -> 1007920400
E6: Phát sinh Có | F6: =SUM(E10:E298) -> 1075216400
E7: Số dư cuối kỳ | F7: =+F4+F5-F6 -> -6696000
A8: STT | B8: Ngày tháng | C8: Diễn giải | D8: Phát sinh | F8: Lũy kế | G8: Ghi chú
D9: Nợ | E9: Có
A10: 1 | B10: 43645 | C10: Công nợ An Khánh T6/2019 | D10: 12100000 | F10: =F4+D10-E10 -> 72700000
A11: 2 | B11: 43677 | C11: Công nợ An Khánh T7/2019 | D11: 15500000 | F11: =F10+D11-E11 -> 88200000
A12: 3 | B12: 43694 | C12: An Khánh thanh toán 1 phần công nợ T5/2019 | E12: 30600000 | F12: =F11+D12-E12 -> 57600000
A13: 4 | B13: 30/08/2019 | C13: An Khánh thanh toán 1 phần công nợ T5/2019 | E13: 15000000 | F13: =F12+D13-E13 -> 42600000
A14: 5 | B14: 31/8/2019 | C14: Công nợ An Khánh T8/19 | D14: 11600000 | F14: =F13+D14-E14 -> 54200000
A15: 6 | B15: 43594 | C15: An Khánh thanh toán nốt công nợ T5/2019 | E15: 15000000 | F15: =F14+D15-E15 -> 39200000
A16: 7 | B16: 43565 | C16: An Khánh thanh toán nốt công nợ T6/2019 | E16: 12100000 | F16: =F15+D16-E16 -> 27100000
A17: 8 | B17: 30/11/2019 | C17: Công nợ An Khánh T11/19 | D17: 15200000 | F17: =F16+D17-E17 -> 42300000
A18: 9 | B18: 43750 | C18: An khánh thanh toán cước T7+8/19 | E18: 27100000 | F18: =F17+D18-E18 -> 15200000
A19: 10 | B19: 31/1/2020 | C19: Công nợ An Khánh T1/20 | D19: 3900000 | F19: =F18+D19-E19 -> 19100000
A20: 11 | B20: 30/3/2020 | C20: Đối trừ cước vận chuyển T12/2019 với cước vận chuyển T11/19 phải thu | E20: 4000000 | F20: =F19+D20-E20 -> 15100000
A21: 12 | B21: 30/3/2020 | C21: Anh Khánh thanh toán hết công nợ năm 2019 | E21: 11200000 | F21: =F20+D21-E21 -> 3900000
A22: 13 | B22: 31/3/2020 | C22: Công nợ An Khánh T3/20 | D22: 14600000 | F22: =F21+D22-E22 -> 18500000
A23: 14 | B23: 15/5/2020 | C23: An Khánh thanh toán cước T1/20 | E23: 3900000 | F23: =F22+D23-E23 -> 14600000
A24: 15 | B24: 30/6/2020 | C24: Đối trừ công nợ cước vận chuyển T3 với T4/20 | E24: 14600000 | F24: =F23+D24-E24 -> 0
A25: 16 | B25: 30/06/2020 | C25: Công nợ An Khánh T6/2020 | D25: 1400000 | F25: =F24+D25-E25 -> 1400000
A26: 17 | B26: 44074 | C26: Công nợ An Khánh T8/2020 | D26: 2500000 | F26: =F25+D26-E26 -> 3900000
A27: 18 | B27: 44084 | C27: Đối trừ công nợ T6 với tháng 5 | E27: 1400000 | F27: =F26+D27-E27 -> 2500000
A28: 19 | B28: 44104 | C28: Công nợ An Khánh T9/20 | D28: 19650000 | F28: =F27+D28-E28 -> 22150000
A29: 20 | B29: 44165 | C29: Công nợ An Khánh T11/20 | D29: 581818 | F29: =F28+D29-E29 -> 22731818
A30: 21 | B30: 44151 | C30: Đối trừ công nợ T8/20 | E30: 2500000 | F30: =F29+D30-E30 -> 20231818
A31: 22 | B31: 44214 | C31: An Khánh thanh toán tiền cước | E31: 10331818 | F31: =F30+D31-E31 -> 9900000
A32: 23 | B32: 44214 | C32: Đối trừ tiền tháng 10,12 | E32: 9900000 | F32: =F31+D32-E32 -> 0
A33: 24 | B33: 44226 | C33: Công nợ phải trả | E33: 14000000 | F33: =F32+D33-E33 -> -14000000
A34: 25 | B34: 44286 | C34: Công nợ phải trả | E34: 27500000 | F34: =F33+D34-E34 -> -41500000
A35: 26 | B35: 44315 | C35: Công nợ phải trả | E35: 14300000 | F35: =F34+D35-E35 -> -55800000
A36: 27 | B36: 44323 | C36: NePo thanh toán tiền | D36: 14000000 | F36: =F35+D36-E36 -> -41800000
A37: 28 | B37: 44347 | C37: Công nợ phải thu | D37: 200000 | F37: =F36+D37-E37 -> -41600000
A38: 29 | B38: 44377 | C38: Công nợ phải trả | E38: 11018182 | F38: =F37+D38-E38 -> -52618182
A39: 30 | B39: 44386 | C39: NePo thanh toán tiền | D39: 27500000 | F39: =F38+D39-E39 -> -25118182
A40: 31 | B40: 44408 | C40: Công nợ phải thu | D40: 17900000 | F40: =F39+D40-E40 -> -7218182
A41: 32 | B41: 44411 | C41: NePo thanh toán tiền | D41: 14300000 | F41: =F40+D41-E41 -> 7081818
A42: 33 | B42: 44438 | C42: Công nợ phải thu | D42: 8000000 | F42: =F41+D42-E42 -> 15081818
A43: 34 | B43: 44474 | C43: NePo thanh toán tiền | D43: 10818182 | F43: =F42+D43-E43 -> 25900000
A44: 35 | B44: 44500 | C44: Công nợ phải trả | E44: 4527273 | F44: =F43+D44-E44 -> 21372727
A45: 36 | B45: 44525 | C45: An Khánh thanh toán tiền cước | E45: 17900000 | F45: =F44+D45-E45 -> 3472727
A46: 37 | B46: 44561 | C46: Công nợ phải thu | D46: 200000 | F46: =F45+D46-E46 -> 3672727
A47: 38 | B47: 44589 | C47: An Khánh thanh toán tiền cước | E47: 3672727 | F47: =F46+D47-E47 -> 0
A48: 39 | B48: 44589 | C48: Công nợ phải thu tháng 1 | D48: 4500000 | F48: =F47+D48-E48 -> 4500000
A49: 40 | B49: 44620 | C49: Công nợ phải thu tháng 2 | D49: 7800000 | F49: =F48+D49-E49 -> 12300000
A50: 41 | B50: 44651 | C50: Công nợ phải thu tháng 3 | D50: 22100000 | F50: =F49+D50-E50 -> 34400000
A51: 42 | B51: 44679 | C51: An Khánh trả tiền cước T1, 2 | E51: 12300000 | F51: =F50+D51-E51 -> 22100000
A52: 43 | B52: 44680 | C52: Công nợ phải thu tháng 4 | D52: 14840000 | F52: =F51+D52-E52 -> 36940000
A53: 44 | B53: 44718 | C53: An Khánh trả tiền cước T3 | E53: 22100000 | F53: =F52+D53-E53 -> 14840000
A54: 45 | B54: 44712 | C54: Công nợ phải thu tháng 5 | D54: 4800000 | F54: =F53+D54-E54 -> 19640000
A55: 46 | B55: 44742 | C55: Công nợ phải thu tháng 6 | D55: 62700000 | F55: =F54+D55-E55 -> 82340000
A56: 47 | B56: 44770 | C56: An khánh trả cước tháng 4 | E56: 14840000 | F56: =F55+D56-E56 -> 67500000
A57: 48 | B57: 44772 | C57: Công nợ phải trả tháng 7 | E57: 50160000 | F57: =F56+D57-E57 -> 17340000
A58: 49 | B58: 44803 | C58: Công nợ phải trả tháng 8 | E58: 14300000 | F58: =F57+D58-E58 -> 3040000
A59: 50 | B59: 44802 | C59: An Khánh trả cước tháng 5 | E59: 4800000 | F59: =F58+D59-E59 -> -1760000
A60: 51 | B60: 44814 | C60: An Khánh trả cước tháng 6 | E60: 62700000 | F60: =F59+D60-E60 -> -64460000
A61: 52 | B61: 44834 | C61: Công nợ phải trả tháng 9 | E61: 3600000 | F61: =F60+D61-E61 -> -68060000
A62: 53 | B62: 44847 | C62: NePo thanh toán tiền | D62: 30160000 | F62: =F61+D62-E62 -> -37900000
A63: 54 | B63: 44864 | C63: Công nợ phải thu tháng 10 | D63: 10400000 | F63: =F62+D63-E63 -> -27500000
A64: 55 | B64: 44872 | C64: NePo thanh toán tiền | D64: 20000000 | F64: =F63+D64-E64 -> -7500000
A65: 56 | B65: 44894 | C65: Phát sinh công nợ phải trả tháng 11 | E65: 162500000 | F65: =F64+D65-E65 -> -170000000
A66: 57 | B66: 44904 | C66: NePo thanh toán tiền tháng 8 | D66: 14300000 | F66: =F65+D66-E66 -> -155700000
A67: 58 | B67: 45290 | C67: Phát sinh công nợ phải trả tháng 12 | E67: 22600000 | F67: =F66+D67-E67 -> -178300000
A68: 59 | B68: 44942 | C68: NePo thanh toán tiền tháng 11 | D68: 77850000 | F68: =F67+D68-E68 -> -100450000
A69: 60 | B69: 44942 | C69: NePO thanh toán tiền tháng 11 | D69: 77850000 | F69: =F68+D69-E69 -> -22600000
A70: 61 | B70: 44985 | C70: Phát sinh công nợ phải trả tháng 2 | E70: 71700000 | F70: =F69+D70-E70 -> -94300000
A71: 62 | B71: 45016 | C71: Phát sinh công nợ phải trả tháng 3 | E71: 124400000 | F71: =F70+D71-E71 -> -218700000
A72: 63 | B72: 45028 | C72: NePO thanh toán | D72: 100000000 | F72: =F71+D72-E72 -> -118700000
A73: 64 | B73: 45045 | C73: Phát sinh công nợ phải trả tháng 4 | E73: 31800000 | F73: =F72+D73-E73 -> -150500000
A74: 65 | B74: 45076 | C74: Phát sinh công nợ phải trả tháng 5 | E74: 4220000 | F74: =F73+D74-E74 -> -154720000
A75: 66 | B75: 45107 | C75: Phát sinh công nợ phải thu tháng 6 | D75: 1400000 | F75: =F74+D75-E75 -> -153320000
A76: 67 | B76: 45127 | C76: NePO thanh toán tiền tháng 3 | D76: 118700000 | F76: =F75+D76-E76 -> -34620000
A77: 68 | B77: 45138 | C77: Phát sinh công nợ phải trả tháng 7 | E77: 7500000 | F77: =F76+D77-E77 -> -42120000
A78: 69 | B78: 45174 | C78: NePO thanh toán tiền tháng 4 | D78: 31800000 | F78: =F77+D78-E78 -> -10320000
A79: 70 | B79: 45169 | C79: Phát sinh công nợ phải trả tháng 8 | E79: 20800000 | F79: =F78+D79-E79 -> -31120000
A80: 71 | B80: 45183 | C80: NePO thanh toán tiền tháng 5 đối trừ tháng 6 | D80: 2820000 | F80: =F79+D80-E80 -> -28300000
A81: 72 | B81: 45211 | C81: NePO thanh toán tiền tháng 8 | D81: 20800000 | F81: =F80+D81-E81 -> -7500000
A82: 73 | B82: 45230 | C82: Phát sinh công nợ phải trả tháng 10 | E82: 69076400 | F82: =F81+D82-E82 -> -76576400
A83: 74 | B83: 45238 | C83: NePO thanh toán tiền | D83: 63800000 | F83: =F82+D83-E83 -> -12776400
A84: 75 | B84: 45260 | C84: Phát sinh công nợ phải trả tháng 11 | E84: 4350000 | F84: =F83+D84-E84 -> -17126400
A85: 76 | B85: 45657 | C85: Phát sinh công nợ phải trả tháng 12 | E85: 100000 | F85: =F84+D85-E85 -> -17226400
A86: 77 | B86: 45328 | C86: NePO thanh toán tiền | D86: 12776400 | F86: =F85+D86-E86 -> -4450000
A87: 78 | B87: 45351 | C87: Phát sinh công nợ phải trả tháng 2 | E87: 9200000 | F87: =F86+D87-E87 -> -13650000
A88: 79 | B88: 45363 | C88: NEPO thanh toán tiền | D88: 4450000 | F88: =F87+D88-E88 -> -9200000
A89: 80 | B89: 45380 | C89: Phát sinh công nợ phải thu tháng 3 | D89: 4104000 | F89: =F88+D89-E89 -> -5096000
A90: 81 | B90: 45412 | C90: Phát sinh công nợ phải trả tháng 4 | E90: 21492000 | F90: =F89+D90-E90 -> -26588000
A91: 82 | B91: 45442 | C91: Phát sinh công nợ phải trả tháng 5 | E91: 3400000 | F91: =F90+D91-E91 -> -29988000
A92: 83 | B92: 45450 | C92: Nepo thanh toán tiền | D92: 5096000 | F92: =F91+D92-E92 -> -24892000
A93: 84 | B93: 45473 | C93: Phát sinh công nợ phải thu tháng 6 | D93: 1728000 | F93: =F92+D93-E93 -> -23164000
A94: 85 | B94: 45490 | C94: NePo thanh toán tiền | D94: 21492000 | F94: =F93+D94-E94 -> -1672000
A95: 86 | B95: 45503 | C95: Phát sinh công nợ phải trả tháng 7 | E95: 15956000 | F95: =F94+D95-E95 -> -17628000
A96: 87 | B96: 45534 | C96: Phát sinh công nợ phải trả tháng 8 | E96: 10400000 | F96: =F95+D96-E96 -> -28028000
A97: 88 | B97: 45549 | C97: NePO tt tiền tháng 5 | D97: 3400000 | F97: =F96+D97-E97 -> -24628000
A98: 89 | B98: 45565 | C98: Phát sinh công nợ phải trả tháng 9 | E98: 6156000 | F98: =F97+D98-E98 -> -30784000
A99: 90 | B99: 45572 | C99: An Khánh thanh toán tiền | E99: 1728000 | F99: =F98+D99-E99 -> -32512000
A100: 91 | B100: 45583 | C100: NEPO tt tiền tháng 8 | D100: 10400000 | F100: =F99+D100-E100 -> -22112000
...

Sheet Hong Anh Phat
G1: TH
A2: BẢNG KÊ CHI TIẾT CÔNG NỢ
A3: Khách hàng | D3: Anh Đoàn (Hồng Anh Phát)
E4: Số dư đầu kỳ | F4: 6540000
A5: Ngày tháng | D5: =+'Tổng hợp'!$G$2 -> 45784 | E5: Phát sinh Nợ | F5: =SUM(D10:D500) -> 774080706
E6: Phát sinh Có | F6: =SUM(E10:E500) -> 7.3946951e+08
E7: Số dư cuối kỳ | F7: =+F4+F5-F6 -> 41151200
A8: STT | B8: Ngày tháng | C8: Diễn giải | D8: Phát sinh | F8: Lũy kế | G8: Ghi chú
D9: Nợ | E9: Có
A10: 1 | B10: 43646 | C10: Công nợ T6/2019 phát sinh | D10: 18560000 | F10: =F4+D10-E10 -> 25100000
A11: 2 | B11: 31/8/2019 | C11: Công nợ T8/2019 phát sinh | D11: 25554545 | F11: =F10+D11-E11 -> 50654545
A12: 3 | B12: 31/10/2019 | C12: Công nợ T10/2019 phát sinh | D12: 31380000 | F12: =F11+D12-E12 -> 82034545
A13: 4 | B13: 15/11/2019 | C13: Đối trừ công nợ phải trả T7/T9 với công nợ phải thu T5/T6 | E13: 22081818 | F13: =F12+D13-E13 -> 59952727
A14: 5 | B14: 16/11/2019 | C14: Đối trừ công nợ phải thu với VAT T10 | E14: 5300000 | F14: =F13+D14-E14 -> 54652727
A15: 6 | B15: 20/11/2019 | C15: Đối trừ công nợ phải thu với VAT T11 | E15: 18500000 | F15: =F14+D15-E15 -> 36152727
A16: 7 | B16: 30/11/2019 | C16: Công nợ T11/2019 phát sinh | D16: 7960000 | F16: =F15+D16-E16 -> 44112727
A17: 8 | B17: 31/12/2019 | C17: Công nợ T12/2019 phát sinh | D17: 23740000 | F17: =F16+D17-E17 -> 67852727
A18: 9 | B18: 43847 | C18: Tiền VAT T12/19 (HĐ 0000367) | E18: 10000000 | F18: =F17+D18-E18 -> 57852727
A19: 10 | B19: 31/1/2020 | C19: Công nợ T1/2020 phát sinh | D19: 46430909 | F19: =F18+D19-E19 -> 104283636
A20: 11 | B20: 29/2/2020 | C20: Công nợ T2/2020 phát sinh | D20: 24290909 | F20: =F19+D20-E20 -> 128574545
A21: 12 | B21: 31/3/2020 | C21: Hồng Anh Phát thanh toán cước vận chuyển | E21: 20000000 | F21: =F20+D21-E21 -> 108574545
A22: 13 | B22: 31/3/2020 | C22: Công nợ T3/2020 phát sinh | D22: 16450000 | F22: =F21+D22-E22 -> 125024545
A23: 14 | B23: 29/4/2020 | C23: Hồng Anh Phát thanh toán cước vận chuyển | E23: 20000000 | F23: =F22+D23-E23 -> 105024545
A24: 15 | B24: 29/4/2020 | C24: Công nợ T4/2020 phát sinh | D24: 3600000 | F24: =F23+D24-E24 -> 108624545
A25: 16 | B25: 43956 | C25: Tiền VAT T5/20 (HĐ 0000416) | E25: 25000000 | F25: =F24+D25-E25 -> 83624545
A26: 17 | B26: 30/5/2020 | C26: Hồng Anh Phát thanh toán hết cước vận chuyển 2019 | E26: 17850000 | F26: =F25+D26-E26 -> 65774545
A27: 18 | B27: 30/5/2020 | C27: Công nợ T5/2020 phát sinh | D27: 2827273 | F27: =F26+D27-E27 -> 68601818
A28: 19 | B28: 31/5/2020 | C28: Tiền VAT T5/20 (HĐ 0000425) | E28: 5500000 | F28: =F27+D28-E28 -> 63101818
A29: 20 | B29: 31/5/2020 | C29: Giảm 50% cước vận chuyển cont NYKU4394787 do lái xe kéo nhầm ngày 21/12/2019 | E29: =4300000/2 -> 2150000 | F29: =F28+D29-E29 -> 60951818
A30: 21 | B30: 44012 | C30: Tiền VAT T6/2020(HĐ0000430) | E30: 16200000 | F30: =F29+D30-E30 -> 44751818
A31: 22 | B31: 44043 | C31: Tiền VAT hóa đơn 446 tháng 7/2020 | E31: 19000000 | F31: =F30+D31-E31 -> 25751818
A32: 23 | B32: 44012 | C32: Công nợ phải trả tháng 6.20 | E32: 21296364 | F32: =F31+D32-E32 -> 4455454
A33: 24 | B33: 44043 | C33: Ps công nợ T7.20 | D33: 37200000 | F33: =F32+D33-E33 -> 41655454
A34: 25 | B34: 44074 | C34: Ps công nợ T8.20 | D34: 4400000 | F34: =F33+D34-E34 -> 46055454
A35: 26 | B35: 44074 | C35: Tiền VAT T8/2020 (HD 0000456) | E35: =59980000/1.1*0.1 -> 5452727.3 | F35: =F34+D35-E35 -> 40602727
A36: 27 | B36: 44104 | C36: PS công nợ T9.20 | D36: 9100000 | F36: =F35+D36-E36 -> 49702727
A37: 28 | B37: 44117 | C37: Tiền VAT T9/2020 ( HĐ 0000467) | E37: 11507273 | F37: =F36+D37-E37 -> 38195454
A38: 29 | B38: 44135 | C38: Ps công nợ T10.20 | D38: 15736364 | F38: =F37+D38-E38 -> 53931818
A39: 30 | B39: 44135 | C39: Tiền VAT T10/20 ( HĐ 474) | E39: 12082727 | F39: =F38+D39-E39 -> 41849091
A40: 31 | B40: 44165 | C40: Tiền VAT T11/20 ( HĐ 477) | E40: 10974545 | F40: =F39+D40-E40 -> 30874546
A41: 32 | B41: 44165 | C41: Công nợ phải trả tháng 11.20 | E41: 9300000 | F41: =F40+D41-E41 -> 21574546
A42: 33 | B42: 44189 | C42: Tiền VAT T12/20 ( HĐ 9) | E42: 11000000 | F42: =F41+D42-E42 -> 10574546
A43: 34 | B43: 44196 | C43: Ps công nợ T12.20 | D43: 463638 | F43: =F42+D43-E43 -> 11038184
A44: 35 | B44: 44227 | C44: Tiền VAT T01/21 (HĐ 21) | E44: 10054547 | F44: =F43+D44-E44 -> 983636.73
A45: 36 | B45: 44227 | C45: Ps công nợ T01.21 | D45: 17300000 | F45: =F44+D45-E45 -> 18283637
A46: 37 | B46: 44255 | C46: Ps công nợ T02.21 | D46: 4500000 | F46: =F45+D46-E46 -> 22783637
A47: 38 | B47: 44255 | C47: Tiền VAT T02/21 ( HĐ 31) | E47: 16053640 | F47: =F46+D47-E47 -> 6729996.7
A48: 39 | B48: 44285 | C48: Ps công nợ T03.21 | D48: 4600000 | F48: =F47+D48-E48 -> 11329997
A49: 40 | B49: 44286 | C49: Tiền VAT T03/21 ( HĐ 37) | E49: 5115456 | F49: =F48+D49-E49 -> 6214540.7
A50: 41 | B50: 44315 | C50: Tiền VAT T04/21 ( HĐ 51) | E50: 6556364 | F50: =F49+D50-E50 -> -341823.27
A51: 42 | B51: 44316 | C51: Ps công nợ T04.21 | D51: 19050000 | F51: =F50+D51-E51 -> 18708177
A52: 43 | B52: 44347 | C52: Ps công nợ T05.21 | D52: 25400000 | F52: =F51+D52-E52 -> 44108177
A53: 44 | B53: 44377 | C53: Ps công nợ T06.21 | D53: 34500000 | F53: =F52+D53-E53 -> 78608177
A54: 45 | B54: 44408 | C54: Ps công nợ T07.21 | D54: 30300000 | F54: =F53+D54-E54 -> 1.0890818e+08
A55: 46 | B55: 44439 | C55: Ps công nợ T08.21 | D55: 12200000 | F55: =F54+D55-E55 -> 1.2110818e+08
A56: 47 | B56: 44469 | C56: Ps công nợ phải trả T9.21 | E56: 6663636 | F56: =F55+D56-E56 -> 1.1444454e+08
A57: 48 | B57: 44469 | C57: Tiền VAT hóa đơn 486 | E57: 19893636 | F57: =F56+D57-E57 -> 94550905
A58: 49 | B58: 44499 | C58: Ps công nợ phải trả T10.21 | E58: 13250000 | F58: =F57+D58-E58 -> 81300905
A59: 50 | B59: 44499 | C59: Tiền VAT hóa đơn 138 | E59: 11178936 | F59: =F58+D59-E59 -> 70121969
A60: 51 | B60: 44530 | C60: Ps công nợ phải thu T11.21 | D60: 33800000 | F60: =F59+D60-E60 -> 1.0392197e+08
A61: 52 | B61: 44561 | C61: Ps công nợ phải thu T12.21 | D61: 15654545 | F61: =F60+D61-E61 -> 1.1957651e+08
A62: 53 | B62: 44591 | C62: PS công nợ phải trả T01.22 | E62: 1100000 | F62: =F61+D62-E62 -> 1.1847651e+08
A63: 54 | B63: 44650 | C63: Ps công nợ phải trả T03.22 | E63: 23400000 | F63: =F62+D63-E63 -> 95076514
A64: 55 | B64: 44680 | C64: Ps công nợ phải trả T04.22 | E64: 2000000 | F64: =F63+D64-E64 -> 93076514
A65: 56 | B65: 44711 | C65: PS công nợ phải trả T05.22 | E65: 600000 | F65: =F64+D65-E65 -> 92476514
A66: 57 | B66: 44742 | C66: Ps công nợ phải thu T06.22 | D66: 7550000 | F66: =F65+D66-E66 -> 1.0002651e+08
A67: 58 | B67: 44773 | C67: Ps công nợ phải thu T07.22 | D67: 180000 | F67: =F66+D67-E67 -> 1.0020651e+08
A68: 59 | B68: 44803 | C68: Phát sinh công nợ phải trả T8.22 | E68: 2207778 | F68: =F67+D68-E68 -> 97998736
A69: 60 | B69: 44834 | C69: phát sinh tiền VAT 199 | E69: 5654222 | F69: =F68+D69-E69 -> 92344514
A70: 61 | B70: 44834 | C70: Phát sinh công nợ phải trả T9.22 | E70: 24890000 | F70: =F69+D70-E70 -> 67454514
A71: 62 | B71: 44864 | C71: Phát sinh công nợ phải trả T10.22 | E71: 37627037 | F71: =F70+D71-E71 -> 29827477
A72: 63 | B72: 44895 | C72: Phát sinh công nợ phải trả T11.22 | E72: 32910000 | F72: =F71+D72-E72 -> -3082523.3
A73: 64 | B73: 44925 | C73: Phát sinh công nợ phải trả T12.22 | E73: 19500000 | F73: =F72+D73-E73 -> -22582523
A74: 65 | B74: 44956 | C74: Phát sinh công nợ phải trả T01.23 | E74: 200000 | F74: =F73+D74-E74 -> -22782523
A75: 66 | B75: 44985 | C75: Phát sinh công nợ phải thu T02.23 | D75: 17800000 | F75: =F74+D75-E75 -> -4982523.3
A76: 67 | B76: 45016 | C76: Phát sinh công nợ phải trả T03.23 | E76: 4300000 | F76: =F75+D76-E76 -> -9282523.3
A77: 68 | B77: 45046 | C77: Phát sinh công nợ phải trả T04.23 | E77: 31600000 | F77: =F76+D77-E77 -> -40882523
A78: 69 | B78: 45077 | C78: Phát sinh công nợ phải thu T05.23 | D78: 31700000 | F78: =F77+D78-E78 -> -9182523.3
A79: 70 | B79: 45107 | C79: Phát sinh công nợ phải thu T06.23 | D79: 20300000 | F79: =F78+D79-E79 -> 11117477
A80: 71 | B80: 45138 | C80: Phát sinh công nợ phải thu T07.23 | D80: 5350000 | F80: =F79+D80-E80 -> 16467477
A81: 72 | B81: 45169 | C81: Phát sinh công nợ phải trả T08.23 | E81: 16100000 | F81: =F80+D81-E81 -> 367476.73
A82: 73 | B82: 45199 | C82: Phát sinh công nợ phải thu T09.23 | D82: 5760556 | F82: =F81+D82-E82 -> 6128032.7
A83: 74 | B83: 45230 | C83: Phát sinh công nợ phải trả T10.23 | E83: 36780000 | F83: =F82+D83-E83 -> -30651967
A84: 75 | B84: 45260 | C84: Phát sinh công nợ phải thu T11.23. | D84: 33790000 | F84: =F83+D84-E84 -> 3138032.7
A85: 76 | B85: 45291 | C85: Phát sinh công nợ phải trả T12.23 | E85: 8110000 | F85: =F84+D85-E85 -> -4971967.3
A86: 77 | B86: 45321 | C86: Phát sinh công nợ phải trả T1.24 | E86: 15180000 | F86: =F85+D86-E86 -> -20151967
A87: 78 | B87: 45351 | C87: Phát sinh công nợ phải thu T2.24 | D87: 23300000 | F87: =F86+D87-E87 -> 3148032.7
A88: 79 | B88: 45381 | C88: Phát sinh công nợ phải thu T3.24 | D88: 15300000 | F88: =F87+D88-E88 -> 18448033
A89: 80 | B89: 45412 | C89: Phát sinh công nợ phải trả T4.24 | E89: 1600000 | F89: =F88+D89-E89 -> 16848033
A90: 81 | B90: 45442 | C90: Phát sinh công nợ phải trả T5.24 | E90: 24540000 | F90: =F89+D90-E90 -> -7691967.3
A91: 82 | B91: 45473 | C91: Phát sinh công nợ phải trả T6.24 | E91: 40670000 | F91: =F90+D91-E91 -> -48361967
A92: 83 | B92: 45484 | C92: NEPO thanh toán tiền | D92: 10000000 | F92: =F91+D92-E92 -> -38361967
A93: 84 | B93: 45503 | C93: Phát sinh công nợ phải thu T7.24 | D93: 2444400 | F93: =F92+D93-E93 -> -35917567
A94: 85 | B94: 45534 | C94: Phát sinh công nợ phải thu T8.24 | D94: 22000000 | F94: =F93+D94-E94 -> -13917567
A95: 86 | B95: 45565 | C95: Phát sinh công nợ phải trả T9.24 | E95: 11090800 | F95: =F94+D95-E95 -> -25008367
A96: 87 | B96: 45574 | C96: NEPO thanh toán tiền | D96: 25008367 | F96: =F95+D96-E96 -> -0.27272728
A97: 88 | B97: 45595 | C97: Phát sinh công nợ phải trả T10.24 | E97: 31100000 | F97: =F96+D97-E97 -> -31100000
A98: 89 | B98: 45628 | C98: NEPO thanh toán tiền | D98: 10000000 | F98: =F97+D98-E98 -> -21100000 | G98: Ck cá nhân
A99: 90 | B99: 45626 | C99: Phát sinh công nợ phải thu T11.24 | D99: 570000 | F99: =F98+D99-E99 -> -20530000
A100: 91 | B100: 45649 | C100: NEPO thanh toán tiền | D100: 5000000 | F100: =F99+D100-E100 -> -15530000
...

Sheet Anh Phương VS
G1: TH
A2: BẢNG KÊ CHI TIẾT CÔNG NỢ
A3: Khách hàng | D3: Anh Phương Vietsun
E4: Số dư đầu kỳ
A5: Ngày tháng | D5: =+'Tổng hợp'!$G$2 -> 45784 | E5: Phát sinh Nợ | F5: =SUM(D10:D70) -> 212000000
E6: Phát sinh Có | F6: =SUM(E10:E70) -> 210300000
E7: Số dư cuối kỳ | F7: =+F4+F5-F6 -> 1700000
A8: STT | B8: Ngày tháng | C8: Diễn giải | D8: Phát sinh | F8: Lũy kế | G8: Ghi chú
D9: Nợ | E9: Có
A10: 1 | B10: 45015 | C10: Phát sinh công nợ tháng 3 | D10: 3700000 | F10: =D10-E10 -> 3700000
A11: 2 | B11: 45046 | C11: Phát sinh công nợ tháng 4 | D11: 128900000 | F11: =F10+D11-E11 -> 132600000
A12: 3 | B12: 45077 | C12: Phát sinh công nợ tháng 5 | D12: 4000000 | F12: =F11+D12-E12 -> 136600000
A13: 4 | B13: 45107 | C13: Phát sinh công nợ phải thu T6 | E13: 8400000 | F13: =F12+D13-E13 -> 128200000
A14: 5 | B14: 45117 | C14: Anh Phương thanh toán tiền | E14: 128200000 | F14: =F13+D14-E14 -> 0 | I14: CK vào TKCN Anh Phụng, nộp vào TK ACB
A15: 6 | B15: 45169 | C15: Phát sinh công nợ phải thu T8 | D15: 12400000 | F15: =F14+D15-E15 -> 12400000
A16: 7 | B16: 45255 | C16: Anh Phương thanh toán tiền | E16: 12400000 | F16: =F15+D16-E16 -> 0
A17: 8 | B17: 45260 | C17: Phát sinh công nợ phải thu | D17: 10300000 | F17: =F16+D17-E17 -> 10300000
A18: 9 | B18: 45657 | C18: Phát sinh công nợ phải thu | D18: 1600000 | F18: =F17+D18-E18 -> 11900000
A19: 10 | B19: 45345 | C19: Anh Phương thanh toán tiền | E19: 10300000 | F19: =F18+D19-E19 -> 1600000
A20: 11 | B20: 45390 | C20: Anh Phương thanh toán tiền | E20: 1600000 | F20: =F19+D20-E20 -> 0
A21: 12 | B21: 45381 | C21: Phát sinh công nợ phải thu | D21: 11000000 | F21: =F20+D21-E21 -> 11000000
A22: 13 | B22: 45412 | C22: Phát sinh công nợ phải thu | D22: 3400000 | F22: =F21+D22-E22 -> 14400000
A23: 14 | B23: 45442 | C23: Phát sinh công nợ phải thu | D23: 20000000 | F23: =F22+D23-E23 -> 34400000
A24: 15 | B24: 45458 | C24: Anh Phương thanh toán tiền | E24: 11000000 | F24: =F23+D24-E24 -> 23400000
A25: 16 | B25: 45473 | C25: Phát sinh công nợ phải thu tháng 6 | D25: 6400000 | F25: =F24+D25-E25 -> 29800000
A26: 17 | B26: 45503 | C26: Phát sinh công nợ phải thu tháng 7 | D26: 4600000 | F26: =F25+D26-E26 -> 34400000
A27: 18 | B27: 45511 | C27: Anh Phương thanh toán tiền | E27: 3400000 | F27: =F26+D27-E27 -> 31000000
A28: 19 | B28: 45534 | C28: Phát sinh công nợ phải thu tháng 8 | D28: 4000000 | F28: =F27+D28-E28 -> 35000000
A29: 20 | B29: 45551 | C29: Anh Phương thanh toán tiền | E29: 20000000 | F29: =F28+D29-E29 -> 15000000
A30: 21 | B30: 45577 | C30: Anh Phương thanh toán tiền | E30: 6400000 | F30: =F29+D30-E30 -> 8600000
A31: 22 | B31: 45642 | C31: Anh Phương thanh toán tiền | E31: 8600000 | F31: =F30+D31-E31 -> 0
A32: 23 | B32: 45716 | C32: Phát sinh công nợ phải thu tháng 2 | D32: 1700000 | F32: =F31+D32-E32 -> 1700000
A33: 24 | F33: =F32+D33-E33 -> 1700000
A34: 25 | F34: =F33+D34-E34 -> 1700000
A35: 26 | F35: =F34+D35-E35 -> 1700000
A36: 27 | F36: =F35+D36-E36 -> 1700000
A37: 28 | F37: =F36+D37-E37 -> 1700000
A38: 29 | F38: =F37+D38-E38 -> 1700000
A39: 30 | F39: =F38+D39-E39 -> 1700000
A40: 31 | F40: =F39+D40-E40 -> 1700000
A41: 32 | F41: =F40+D41-E41 -> 1700000
A42: 33 | F42: =F41+D42-E42 -> 1700000
A43: 34 | F43: =F42+D43-E43 -> 1700000
A44: 35 | F44: =F43+D44-E44 -> 1700000
... A164: 155 | F164: =F163+D164-E164 -> 1700000
A165: 156
A166: 157
A167: 158
A168: 159
A169: 160
A170: 161
A171: 162
A172: 163

Sheet Vietimex
G1: TH
A2: BẢNG KÊ CHI TIẾT CÔNG NỢ
A3: Khách hàng | D3: Vietimex
E4: Số dư đầu kỳ | F4: 86200000
A5: Ngày tháng | D5: =+'Tổng hợp'!$G$2 -> 45784 | E5: Phát sinh Nợ | F5: =SUM(D10:D145) -> 1411993800
E6: Phát sinh Có | F6: =SUM(E10:E145) -> 1498193800
E7: Số dư cuối kỳ | F7: =+F4+F5-F6 -> 0
A8: STT | B8: Ngày tháng | C8: Diễn giải | D8: Phát sinh | F8: Lũy kế | G8: Ghi chú
D9: Nợ | E9: Có
A10: 1 | B10: 43619 | C10: Vietimex thanh toán tiền | E10: 40000000 | F10: =F4+D10-E10 -> 46200000
A11: 2 | B11: 43647 | C11: Vietimex thanh toán tiền | E11: 46200000 | F11: =F10+D11-E11 -> 0
A12: 3 | B12: 43646 | C12: Công nợ phát sinh T6/2019 | D12: 24000000 | F12: =F11+D12-E12 -> 24000000
A13: 4 | B13: 43677 | C13: Bổ sung công nợ T5 tiền nâng pallet | D13: 300000 | F13: =F12+D13-E13 -> 24300000
A14: 5 | B14: 43677 | C14: Công nợ phát sinh T7/2019 | D14: 30200000 | F14: =F13+D14-E14 -> 54500000
A15: 6 | B15: 43678 | C15: Vietimex thanh toán tiền | E15: 24300000 | F15: =F14+D15-E15 -> 30200000
A16: 7 | B16: 43625 | C16: Vietimex thanh toán tiền | E16: 30200000 | F16: =F15+D16-E16 -> 0
A17: 8 | B17: 13/11/2019 | C17: GBN VTM1911001 | D17: 10798000 | F17: =F16+D17-E17 -> 10798000
A18: 9 | B18: 18/11/2019 | C18: Vietimex thanh toán tiền | E18: 10798000 | F18: =F17+D18-E18 -> 0 | G18: Vietimex CK 22 trieu
A19: 10 | B19: 31/12/2019 | C19: VTM1912001 | D19: 5000000 | F19: =F18+D19-E19 -> 5000000
A20: 11 | B20: 43892 | C20: Vietimex thanh toán tiền | E20: 5000000 | F20: =F19+D20-E20 -> 0
A21: 12 | B21: 29/2/2020 | C21: Phát sinh cước vận chuyển T2/20 | D21: 32000000 | F21: =F20+D21-E21 -> 32000000
A22: 13 | B22: 29/2/2020 | C22: VAT hóa đơn T2 | D22: 8400000 | F22: =F21+D22-E22 -> 40400000
A23: 14 | B23: 26/3/2020 | C23: TT cước vận chuyển T3 | E23: 40400000 | F23: =F22+D23-E23 -> 0
A24: 15 | B24: 31/3/2020 | C24: Phát sinh cước vận chuyển T3/20 | D24: 64800000 | F24: =F23+D24-E24 -> 64800000
A25: 16 | B25: 31/3/2020 | C25: VAT hóa đơn T3 | D25: 10920000 | F25: =F24+D25-E25 -> 75720000
A26: 17 | B26: 29/4/2020 | C26: Phát sinh cước vận chuyển T4/20 | D26: 59900000 | F26: =F25+D26-E26 -> 135620000
A27: 18 | B27: 29/4/2020 | C27: VAT hóa đơn T4 | D27: 8820000 | F27: =F26+D27-E27 -> 144440000
A28: 19 | B28: 43926 | C28: Vietimex thanh toán tiền | E28: 75720000 | F28: =F27+D28-E28 -> 68720000
A29: 20 | B29: 43981 | C29: Phát sinh cước vận chuyển T5/20 | D29: 99500000 | F29: =F28+D29-E29 -> 168220000
A30: 21 | B30: 43981 | C30: VAT hóa đơn T5 (HĐ 0000162+163) | D30: =13170000+1560000 -> 14730000 | F30: =F29+D30-E30 -> 182950000
A31: 22 | B31: 43957 | C31: Vietimex thanh toán tiền | E31: 28720000 | F31: =F30+D31-E31 -> 154230000
A32: 23 | B32: 16/6/2020 | C32: Vietimex thanh toán tiền | E32: 20000000 | F32: =F31+D32-E32 -> 134230000
A33: 24 | B33: 19/6/2020 | C33: Vietimex thanh toán tiền | E33: 20000000 | F33: =F32+D33-E33 -> 114230000
A34: 25 | B34: 30/06/2020 | C34: Phát sinh cước vận chuyển T6/2020 | D34: 80000000 | F34: =F33+D34-E34 -> 194230000
A35: 26 | B35: 30/06/2020 | C35: VAT hóa đơn T6 (HĐ0000203) | D35: 10500000 | F35: =F34+D35-E35 -> 204730000
A36: 27 | B36: 44026 | C36: Vietimex thanh toán tiền tháng 5/2020 | E36: 114230000 | F36: =F35+D36-E36 -> 90500000 | G36: Chuyển Tk Anh Phụng
A37: 28 | B37: 44048 | C37: Vietimex thanh toán tiền tháng 6/2020 | E37: 90500000 | F37: =F36+D37-E37 -> 0
A38: 29 | B38: 44043 | C38: Phát sinh cước vận chuyển T7/2020 | D38: 63700000 | F38: =F37+D38-E38 -> 63700000
A39: 30 | B39: 44043 | C39: VAT HĐ T7 (HĐ231,232) | D39: =700000+10060000 -> 10760000 | F39: =F38+D39-E39 -> 74460000
A40: 31 | B40: 44077 | C40: Vietimex thanh toán tiền tháng 7/2020 | E40: 74460000 | F40: =F39+D40-E40 -> 0 | G40: Chuyển TK anh Phụng + 300k tiền hun trùng còn thừa t4
A41: 32 | B41: 44077 | C41: Phát sinh cước vận chuyển T8/20 | D41: 38400000 | F41: =F40+D41-E41 -> 38400000
A42: 33 | B42: 44077 | C42: VAT HĐ T8 (267) | D42: 5040000 | F42: =F41+D42-E42 -> 43440000
A43: 34 | B43: 44104 | C43: Phát sinh cước vận chuyển T9/20 | D43: 6100000 | F43: =F42+D43-E43 -> 49540000
A44: 35 | B44: 44104 | C44: VAT HĐ T9 ( HĐ 305+306) | D44: 1120000 | F44: =F43+D44-E44 -> 50660000
A45: 36 | B45: 44109 | C45: Vietimex thanh toán tiền T8,9, nâng hạ | E45: 50660000 | F45: =F44+D45-E45 -> 0 | G45: Chuyển Tk anh Phụng
A46: 37 | B46: 44135 | C46: Phát sinh cước vận chuyển T10/20 | D46: 15700000 | F46: =F45+D46-E46 -> 15700000
A47: 38 | B47: 44135 | C47: VAT HĐ T10 (352 +353) | D47: =1680000+700000 -> 2380000 | F47: =F46+D47-E47 -> 18080000
A48: 39 | B48: 44174 | C48: Vietimex thanh toán tiền T10 | E48: 18080000 | F48: =F47+D48-E48 -> 0
A49: 40 | B49: 44196 | C49: Phát sinh cước vận chuyển T12/20 | D49: 25600000 | F49: =F48+D49-E49 -> 25600000
A50: 41 | B50: 44196 | C50: VAT HĐ T12 (HĐ 407) | D50: 3360000 | F50: =F49+D50-E50 -> 28960000
A51: 42 | B51: 44227 | C51: Phát sinh cước vận chuyển T01/21 | D51: 12500000 | F51: =F50+D51-E51 -> 41460000
A52: 43 | B52: 44227 | C52: VAT HĐ T01/21 (HĐ 436,437) | D52: 1960000 | F52: =F51+D52-E52 -> 43420000
A53: 44 | B53: 44232 | C53: Vietimex thanh toán tiền T12, tiền HĐ | E53: 28960000 | F53: =F52+D53-E53 -> 14460000 | G53: Chuyển TK anh Phụng
A54: 45 | B54: 44255 | C54: Phát sinh tiền cước T02/21 | D54: 12800000 | F54: =F53+D54-E54 -> 27260000
A55: 46 | B55: 44255 | C55: VAT HĐ T02/21 (HĐ 451) | D55: 1680000 | F55: =F54+D55-E55 -> 28940000
A56: 47 | B56: 44259 | C56: Vietimex thanh toán tiền tháng 1, HĐ | E56: 14460000 | F56: =F55+D56-E56 -> 14480000
A57: 48 | B57: 44286 | C57: Phát sinh tiền cước T03/21 | D57: 70800000 | F57: =F56+D57-E57 -> 85280000
A58: 49 | B58: 44286 | C58: VAT HĐ T03/21 (HĐ 467) | D58: 8820000 | F58: =F57+D58-E58 -> 94100000
A59: 50 | B59: 44295 | C59: Vietimex thanh toán tiền tháng 2, HĐ | E59: 14480000 | F59: =F58+D59-E59 -> 79620000
A60: 51 | B60: 44315 | C60: Phát sinh tiền cước T04/21 | D60: 68000000 | F60: =F59+D60-E60 -> 147620000
C61: VAT HĐ T04/21 (HĐ 516) | D61: 8400000 | F61: =F60+D61-E61 -> 156020000
A62: 52 | B62: 44323 | C62: Vietimex thanh toán tiền cước T3/21 | E62: 79620000 | F62: =F61+D62-E62 -> 76400000
A63: 53 | B63: 44347 | C63: Phát sinh tiền cước T05/21 | D63: 98300000 | F63: =F62+D63-E63 -> 174700000
C64: VAT HĐ T05/21 ( HĐ 553, 554) | D64: =14760000+700000 -> 15460000 | F64: =F63+D64-E64 -> 190160000
A65: 54 | B65: 44350 | C65: Vietimexthanh toán tiền cước T4/21 | E65: 36400000 | F65: =F64+D65-E65 -> 153760000 | G65: Chuyển Tk anh Phụng
A66: 55 | B66: 44368 | C66: Vietimex thanh toán nốt tiền cước T4/21 | E66: 40000000 | F66: =F65+D66-E66 -> 113760000
A67: 56 | B67: 44386 | C67: Vietimex thanh toán tiền cước T5/21 | E67: 61435800 | F67: =F66+D67-E67 -> 52324200
A68: 57 | B68: 44407 | C68: Vietimex thanh toán tiền cước T5/21 | E68: 52324200 | F68: =F67+D68-E68 -> 0 | G68: Chuyển Tk anh Phụng
A69: 58 | B69: 44407 | C69: Phát sinh tiền cước T07/21 | D69: 39600000 | F69: =F68+D69-E69 -> 39600000 | G69: Chuyển Tk anh Phụng
C70: VAT HĐ T07/21 ( HĐ 606) | D70: 4620000 | F70: =F69+D70-E70 -> 44220000 | G70: Chuyển Tk anh Phụng
A71: 59 | B71: 44420 | C71: VAT HĐ 625 | D71: 8400000 | F71: =F70+D71-E71 -> 52620000
A72: 60 | B72: 44438 | C72: Phát sinh tiền cước T08/21 | D72: 32400000 | F72: =F71+D72-E72 -> 85020000
A73: 61 | B73: 44453 | C73: Vietimex thanh toán tiền cước T07 | E73: 44220000 | F73: =F72+D73-E73 -> 40800000
A74: 62 | B74: 44469 | C74: Phát sinh tiền cước T09/21 | D74: 28800000 | F74: =F73+D74-E74 -> 69600000
A75: 63 | C75: VAT HĐ | D75: 3544000 | F75: =F74+D75-E75 -> 73144000
A76: 64 | B76: 44482 | C76: Vietimex thanh toán tiền cước T08 | E76: 40800000 | F76: =F75+D76-E76 -> 32344000
A77: 65 | B77: 44510 | C77: Vietimex thanh toán tiền cước T09 | E77: 32344000 | F77: =F76+D77-E77 -> 0
A78: 66 | B78: 44560 | C78: Phát sinh tiền cước T12/21 | D78: 28000000 | F78: =F77+D78-E78 -> 28000000
A79: 67 | B79: 44560 | C79: Vietimex thanh toán tiền cước T12 | E79: 28000000 | F79: =F78+D79-E79 -> 0
A80: 68 | B80: 44651 | C80: Phát sinh tiền cước T3/22 | D80: 166566600 | F80: =F79+D80-E80 -> 166566600
A81: 69 | B81: 44653 | C81: Vietimex thanh toán tiền cước 3 | E81: 166566600 | F81: =F80+D81-E81 -> 0 | G81: Chuyển Tk anh Phụng
A82: 70 | B82: 44678 | C82: Phát sinh tiền thuế Hđ 68, 69 | D82: =1255200+2340000 -> 3595200 | F82: =F81+D82-E82 -> 3595200
A83: 71 | B83: 44678 | C83: Phát sinh tiền cước T4/22 | D83: 103880000 | F83: =F82+D83-E83 -> 107475200
A84: 72 | B84: 44680 | C84: Vietimex thanh toán tiền | E84: 48535200 | F84: =F83+D84-E84 -> 58940000 | G84: Ck tk cty
A85: 73 | B85: 44690 | C85: Vietimex thanh toán tiền | E85: 58940000 | F85: =F84+D85-E85 -> 0
A86: 74 | B86: 44708 | C86: Phát sinh tiền thuế HĐ 105 | D86: 4800000 | F86: =F85+D86-E86 -> 4800000
A87: 75 | B87: 44712 | C87: Vietimex thanh toán tiền | E87: 4800000 | F87: =F86+D87-E87 -> 0
A88: 76 | B88: 44775 | C88: Phát sinh tiền cước xỉ bọt | D88: =3700000*2 -> 7400000
A89: 77 | C89: Phát sinh tiền thuế hđ 183 | D89: 1120000
A90: 78 | C90: Tiền nâng hạ + dây tăng | D90: 4685600
A91: 79 | B91: 44788 | C91: Vietimex thanh toán tiền | E91: 15120000
A92: 80 | C92: Anh Phụng chuyển lại | D92: 1914400
A93: 81 | B93: 44862 | C93: Phát sinh tiền cước xỉ bọt | D93: =3700000*2 -> 7400000
A94: 82 | C94: Phát sinh tiền thuế hđ 246 | D94: 1120000
A95: 83 | C95: Tiền nâng hạ + dây tăng | D95: 4507200
A96: 84 | B96: 01/0/2022 | C96: Vietimex thanh toán tiền | E96: 15120000
A97: 85 | C97: Anh Phụng chuyển lại | D97: 2092800
A98: 86 | B98: 44985 | C98: Phát sinh tiền cước xỉ bọt | D98: 6800000
A99: 87 | C99: Phát sinh tiền thuế hđ 33 | D99: 1400000
A100: 88 | C100: Tiền nâng hạ + dây tăng | D100: 4922000
...

Sheet Hùng Thuận
G1: TH
A2: BẢNG KÊ CHI TIẾT CÔNG NỢ
A3: Khách hàng | D3: Hùng Thuận
E4: Số dư đầu kỳ
A5: Ngày tháng | D5: =+'Tổng hợp'!$G$2 -> 45784 | E5: Phát sinh Nợ | F5: =SUM(D10:D161) -> 144208400
E6: Phát sinh Có | F6: =SUM(E10:E161) -> 129346000
E7: Số dư cuối kỳ | F7: =+F4+F5-F6 -> 14862400
A8: STT | B8: Ngày tháng | C8: Diễn giải | D8: Phát sinh | F8: Lũy kế | G8: Ghi chú
D9: Nợ | E9: Có | J9: Đối trừ và thu tiền cước hết T7/2019
A10: 1 | B10: 44985 | C10: Phát sinh công nợ phải trả | E10: 4300000 | F10: =-E10 -> -4300000
A11: 2 | B11: 45013 | C11: Phát sinh công nợ phải trả | E11: 44400000 | F11: =F10+D11-E11 -> -48700000
A12: 3 | B12: 45016 | C12: Tiền VAT hóa đơn ngày 31/3 | E12: 4690000 | F12: =F11+D12-E12 -> -53390000
A13: 4 | B13: 45098 | C13: NePO thanh toán tiền tháng 2 | D13: 4300000 | F13: =F12+D13-E13 -> -49090000
A14: 5 | B14: 45127 | C14: NePO thanh toán tiền tháng 3 | D14: 44400000 | F14: =F13+D14-E14 -> -4690000
A15: 6 | B15: 45163 | C15: NePO thanh toán tiền | D15: 4690000 | F15: =F14+D15-E15 -> 0
A16: 7 | B16: 45168 | C16: Phát sinh công nợ phải trả T8 | E16: 31200000 | F16: =F15+D16-E16 -> -31200000
A17: 8 | B17: 45199 | C17: Phát sinh công nợ phải trả T9 | E17: 26500000 | F17: =F16+D17-E17 -> -57700000
A18: 9 | B18: 45211 | C18: NePO thanh toán tiền tháng 8 | D18: 31200000 | F18: =F17+D18-E18 -> -26500000
A19: 10 | B19: 45238 | C19: NePO thanh toán tiền tháng 9 | D19: 26500000 | F19: =F18+D19-E19 -> 0
A20: 11 | B20: 45351 | C20: Công nợ phải trả tháng 2 | E20: 4300000 | F20: =F19+D20-E20 -> -4300000
A21: 12 | B21: 45470 | C21: NePO thanh toán tiền | D21: 4300000 | F21: =F20+D21-E21 -> 0
A22: 13 | B22: 45624 | C22: Công nợ phải thu tháng 11 | D22: 13956000 | F22: =F21+D22-E22 -> 13956000
A23: 14 | B23: 45654 | C23: Công nợ phải thu tháng 12 | D23: 4644000 | F23: =F22+D23-E23 -> 18600000
A24: 15 | B24: 45716 | C24: Công nợ phải thu tháng 02 | D24: 3240000 | F24: =F23+D24-E24 -> 21840000
A25: 16 | B25: 45748 | C25: Hùng Thuận thanh toán | E25: 4400000 | F25: =F24+D25-E25 -> 17440000 | G25: CK cá nhân
A26: 17 | B26: 45750 | C26: Hùng Thuận thanh toán | E26: 9556000 | F26: =F25+D26-E26 -> 7884000
A27: 18 | B27: 45776 | C27: Công nợ phải thu tháng 04 | D27: 6978400 | F27: =F26+D27-E27 -> 14862400
A28: 19 | F28: =F27+D28-E28 -> 14862400
A29: 20 | F29: =F28+D29-E29 -> 14862400
A30: 21 | F30: =F29+D30-E30 -> 14862400
A31: 22 | F31: =F30+D31-E31 -> 14862400
A32: 23 | F32: =F31+D32-E32 -> 14862400
A33: 24 | F33: =F32+D33-E33 -> 14862400
A34: 25 | F34: =F33+D34-E34 -> 14862400
A35: 26 | F35: =F34+D35-E35 -> 14862400
A36: 27 | F36: =F35+D36-E36 -> 14862400
A37: 28 | F37: =F36+D37-E37 -> 14862400
A38: 29 | F38: =F37+D38-E38 -> 14862400
A39: 30 | F39: =F38+D39-E39 -> 14862400
... A62: 53 | F62: =F61+D62-E62 -> 14862400
A63: 54
A64: 55
A65: 56
A66: 57
A67: 58
A68: 59
A69: 60
A70: 61
A71: 62
A72: 63
A73: 64
A74: 65
... A124: 115
Q132: =276*3 -> 828
Q133: 30
Q134: =276*2+30 -> 582
Q135: `

Sheet Satoen
G1: TH
A2: BẢNG KÊ CHI TIẾT CÔNG NỢ
A3: Khách hàng | D3: Fire Phoenix
E4: Số dư đầu kỳ | F4: 0
A5: Ngày tháng | D5: =+'Tổng hợp'!$G$2 -> 45784 | E5: Phát sinh Nợ | F5: =SUM(D10:D68) -> 6480000
E6: Phát sinh Có | F6: =SUM(E10:E68) -> 6480000
E7: Số dư cuối kỳ | F7: =+F4+F5-F6 -> 0
A8: STT | B8: Ngày tháng | C8: Diễn giải | D8: Phát sinh | F8: Ghi chú
D9: Nợ | E9: Có
A10: 1 | B10: 45350 | C10: Phát sinh công nợ T2/24 | D10: 6480000
A11: 2 | B11: 45450 | C11: Fire phoenix thanh toán | E11: 6480000
A12: 3
A13: 4
A14: 5
A15: 6
A16: 7
A17: 8
A18: 9
A19: 10
A20: 11
A21: 12
A22: 13
A23: 14
... A126: 117

Sheet KHÁCH LẺ
G1: TH
A2: BẢNG KÊ CHI TIẾT CÔNG NỢ
A3: Khách hàng | D3: Khách lẻ
E4: Số dư đầu kỳ | F4: 0
A5: Ngày tháng | D5: =+'Tổng hợp'!$G$2 -> 45784 | E5: Phát sinh Nợ | F5: =SUM(D10:D200) -> 618968467
E6: Phát sinh Có | F6: =SUM(E10:E200) -> 618968467
E7: Số dư cuối kỳ | F7: =+F4+F5-F6 -> 0
A8: STT | B8: Ngày tháng | C8: Diễn giải | D8: Phát sinh | F8: Ghi chú
D9: Nợ | E9: Có
A10: 1 | B10: 43645 | C10: Phải thu của Nguồn Sao Xanh | D10: 4600000 | G10: HĐ 0002778
A11: 2 | B11: 43645 | C11: Phải thu của PET Garden VN | D11: 5273000 | E11: 0 | F11: Khách anh Hưng | G11: HĐ 0002777 | J11: Đã gọi điện, check lại với kế toán
A12: 3 | B12: 43655 | C12: Nguồn Sao Xanh thanh toán vào TKCN A Phụng | E12: 4600000
A13: 4 | B13: 43666 | C13: Phải thu của PET Garden VN | D13: 400000 | F13: Khách anh Hưng | G13: HĐ 0002794 | J13: Xuất thêm 400k bổ sung tiền cước
A14: 5 | C14: Pet Garden thanh toán vào TKCN Anh Phụng | E14: 4400000 | J14: 1.273k tiền chi hộ
A15: 6 | B15: 43747 | C15: Pet Garden thanh toán vào TKCN Anh Phụng | E15: 1273000
A16: 7 | B16: 44124 | C16: Phải thu Chiềng Đi tiền dán nhãn cont | D16: 3305000 | F16: Ligarden | G16: Kết hợp với ligarden cont WHSU2596301
A17: 8 | C17: Chiềng Đi thanh toán TKCN Anh Phụng | E17: 3305000
A18: 9 | B18: 44130 | C18: Phải thu của Mỏ Sơn La | D18: 6050000 | G18: HĐ 000342
A19: 10 | B19: 44134 | C19: Mỏ Sơn La thanh toán tiền | E19: 6050000
A20: 11 | B20: 44133 | C20: Phải thu công ty Myzavee | D20: =2629510+1908100 -> 4537610 | G20: HĐ 348,349
A21: 12 | B21: 44138 | C21: Công ty Myzavee thanh toán | E21: 4537610
A22: 13 | B22: 44204 | C22: Phải thu công ty Sunmax | D22: 4345000 | G22: HĐ 415.416
A23: 14 | B23: 44207 | C23: Công ty sunmax thanh toán | E23: 4345000
A24: 15 | B24: 44258 | C24: Công nợ phải thu công ty Myzavee | D24: 8579259 | G24: HĐ 457
A25: 16 | B25: 44265 | C25: Công ty sunmax thanh toán | E25: 8579259
A26: 17 | B26: 44265 | C26: Công nợ phải thu công ty Chính Phương | D26: 30160676 | G26: HĐ 458
A27: 18 | B27: 44271 | C27: Công ty chính phương thanh toán | E27: 30160676
A28: 19 | B28: 44292 | C28: Công nợ phải thu cty Hồng Hải | D28: 10000000
A29: 20 | B29: 44292 | C29: Công ty Hồng Hải thanh toán | E29: 10000000
A30: 21 | B30: 44293 | C30: Công nợ phải thu cty VGS | D30: =43810200+13073520+1675860 -> 58559580 | G30: HĐ 473,474,475
A31: 22 | B31: 44303 | C31: VGS thanh toán | E31: 58559580
A32: 23 | B32: 44529 | C32: Công nợ phải thu cty F.D.I | D32: 84445500
A33: 24 | C33: F.D I thanh toán tiền | E33: 84445500
A34: 25 | B34: 44790 | C34: Công nợ phải thu Hải Nam tháng 8 | D34: 4400000 | H34: Công nợ 3 tháng tới tháng 12 thanh toán
A35: 26 | B35: 44860 | C35: Công nợ phải thu VIKO tháng 10 | D35: 3200000
A36: 27 | B36: 44861 | C36: Công nợ phải thu HDK tháng 10 | D36: 3300000
A37: 28 | B37: 44895 | C37: Công nợ phải thu Quý Cương tháng 11 | D37: 29300000
A38: 29 | B38: 44895 | C38: Công nợ phải thu HDK tháng 11 | D38: 3600000
A39: 30 | B39: 44895 | C39: Công nợ phải thu Tâm Thành tháng 11 | D39: 2900000
A40: 31 | B40: 44895 | C40: Công nợ phải thu ULQ tháng 11 | D40: 3300000
A41: 32 | B41: 44895 | C41: Công nợ phải thu Hải Nam tháng 11 | D41: 8700000
A42: 33 | B42: 44925 | C42: Công nợ phải thu Quý Cương tháng 12 | D42: 4600000
A43: 34 | B43: 44956 | C43: Hải Nam thanh toán tiền tháng 8 | E43: 4400000
A44: 35 | B44: 44957 | C44: Công nợ phải thu ViKo tháng 1.23 | D44: 4400000
A45: 36 | B45: 44967 | C45: HDK thanh toán tiền cước tháng 10 | E45: 3300000
A46: 37 | B46: 44982 | C46: Quý cương thanh toán tiền cước tháng 11 | E46: 29300000
A47: 38 | B47: 44986 | C47: Viko thanh toán tiền cước tháng 10 | E47: 3200000
A48: 39 | B48: 45002 | C48: HDK thanh toán tiền cước tháng 11 | E48: 3600000
A49: 40 | B49: 45020 | C49: ULQ thanh toán tiền cước tháng 11 | E49: 3300000
A50: 41 | B50: 45025 | C50: Quý cương thanh toán tiền cước tháng 12 | E50: 4600000
A51: 42 | B51: 45033 | C51: Hải Nam thanh toán tiền tháng 11 | E51: 8700000
A52: 43 | B52: 45045 | C52: Tâm thành thanh toán tiền | E52: 2900000
A53: 44 | B53: 45077 | C53: Viko thanh toán tiền cước tháng 1.23 | E53: 4400000
A54: 45 | B54: 45137 | C54: Phát sinh công nợ phải thu Viko | D54: 3600000
A55: 46 | B55: 45199 | C55: Phát sinh công nợ phải trả cho anh Lành | E55: 13500000
A56: 47 | B56: 45230 | C56: Phát sinh công nợ phải trả cho anh Lành | E56: 25600000
A57: 48 | B57: 45625 | C57: Viko thanh toán tiền cước tháng 7 | E57: 3600000
A58: 49 | B58: 45278 | C58: NePo thanh toán tiền cho anh Lành | D58: 13500000
A59: 50 | B59: 45291 | C59: Phát sinh công nợ phải trả cho anh Lành | E59: 20100000
A60: 51 | B60: 45657 | C60: Phát sinh công nợ phải trả Thái Dũng | E60: 5400000
A61: 52 | B61: 45320 | C61: NePo thanh toán tiền cho anh Lành | D61: 20100000
A62: 53 | B62: 45322 | C62: NEPo thanh toán tiền cho Thái Dũng | D62: 5400000
A63: 54 | B63: 45322 | C63: Phát sinh công nợ phải trả cho anh Lành | E63: 24500000
A64: 55 | B64: 45324 | C64: NePo thanh toán tiền cho anh Lành | D64: 25600000
A65: 56 | B65: 45355 | C65: NePo thanh toán tiền cho anh Lành | D65: 10500000
A66: 57 | B66: 45365 | C66: NePo thanh toán tiền cho anh Lành | D66: 14000000
A67: 58 | B67: 45370 | C67: SAN24001 NK- Trà Sinh An Nam | D67: 32118842
A68: 59 | B68: 45420 | C68: Trà sinh An Nam tt | E68: 32118842
A69: 60 | B69: 45443 | C69: NePO vận chuyển cho anh Trí HQ | D69: 1500000
A70: 61 | B70: 45467 | C70: Anh Trí tt | E70: 1500000
A71: 62 | B71: 45473 | C71: NEPO vận chuyển cho cty DLH | D71: 3132000
A72: 63 | B72: 45473 | C72: Cty Vượng Phát vận chuyển cho NEPO | E72: 14800000
A73: 64 | C73: Phát sinh công nợ phải trả cho anh Lành | E73: 33700000
A74: 65 | B74: 45503 | C74: Cty Vượng Phát vận chuyển cho NEPO | E74: 15200000
A75: 66 | B75: 45505 | C75: Thanh toán tiền cho anh Lành | D75: 33700000
A76: 67 | B76: 45505 | C76: Thanh toán tiền cho Vượng Phát | D76: 14800000
A77: 68 | B77: 45534 | C77: Cty Vượng Phát vận chuyển cho NEPO | E77: 43200000
A78: 69 | B78: 45549 | C78: DLH thanh toán | E78: 3132000
A79: 70 | B79: 45548 | C79: Thanh toán tiền cho Vượng Phát | D79: 15200000
A80: 71 | B80: 45565 | C80: Phát sinh công nợ phải trả cho Vượng Phát | E80: 24624000
A81: 72 | B81: 45580 | C81: Thanh toán tiền cho Vượng Phát | D81: 43200000
A82: 73 | B82: 45615 | C82: Thanh toán tiền cho Vượng Phát | D82: 24624000
A83: 74 | B83: 45626 | C83: Phát sinh công nợ phải trả Vượng Phát T11 | E83: 15930000
A84: 75 | B84: 45656 | C84: Phát sinh công nợ phải trả Vượng Phát T12 | E84: 32508000
A85: 76 | B85: 45666 | C85: Thanh toán tiền cho Vượng Phát | D85: 15930000
A86: 77 | B86: 45680 | C86: Phát sinh công nợ phải trả Vượng Phát T1 | E86: 21600000
A87: 78 | B87: 45716 | C87: Thanh toán tiền cho Vượng Phát | D87: 54108000
A88: 79
A89: 80
A90: 81
A91: 82
A92: 83

Sheet Anh Hiệp
G1: TH
A2: BẢNG KÊ CHI TIẾT CÔNG NỢ
A3: Khách hàng | D3: Anh Hiệp
E4: Số dư đầu kỳ | F4: 0
A5: Ngày tháng | D5: =+'Tổng hợp'!$G$2 -> 45784 | E5: Phát sinh Nợ | F5: =SUM(D10:D68) -> 17270000
E6: Phát sinh Có | F6: =SUM(E10:E68) -> 17270000
E7: Số dư cuối kỳ | F7: =+F4+F5-F6 -> 0
A8: STT | B8: Ngày tháng | C8: Diễn giải | D8: Phát sinh | F8: Ghi chú
D9: Nợ | E9: Có
A10: 1 | B10: 45016 | C10: Công nợ phải thu tháng 3 | D10: 12430000 | F10: =D10 -> 12430000
A11: 2 | B11: 45046 | C11: Công nợ phải thu tháng 4 | D11: 4840000 | F11: =F10+D11 -> 17270000
A12: 3 | B12: 45107 | C12: Anh Hiệp thanh toán | E12: 10000000 | F12: =F11-E12 -> 7270000
B13: 45145 | C13: Anh Hiệp thanh toán | E13: 7270000

Sheet Vượng Phát
G1: TH
A2: BẢNG KÊ CHI TIẾT CÔNG NỢ
A3: Khách hàng | D3: Vượng Phát
E4: Số dư đầu kỳ | F4: 0
A5: Ngày tháng | D5: =+'Tổng hợp'!$G$2 -> 45784 | E5: Phát sinh Nợ | F5: =SUM(D10:D147) -> 167862000
E6: Phát sinh Có | F6: =SUM(E10:E147) -> 210522000
E7: Số dư cuối kỳ | F7: =+F4+F5-F6 -> -42660000
A8: STT | B8: Ngày tháng | C8: Diễn giải | D8: Phát sinh | F8: Ghi chú
D9: Nợ | E9: Có
A10: 1 | B10: 45473 | C10: Cty Vượng Phát vận chuyển cho NEPO | E10: 14800000
A11: 2 | B11: 45503 | C11: Cty Vượng Phát vận chuyển cho NEPO | E11: 15200000
A12: 3 | B12: 45505 | C12: Thanh toán tiền cho Vượng Phát | D12: 14800000
A13: 4 | B13: 45534 | C13: Cty Vượng Phát vận chuyển cho NEPO | E13: 43200000
A14: 5 | B14: 45548 | C14: Thanh toán tiền cho Vượng Phát | D14: 15200000
A15: 6 | B15: 45565 | C15: Phát sinh công nợ phải trả cho Vượng Phát | E15: 24624000
A16: 7 | B16: 45580 | C16: Thanh toán tiền cho Vượng Phát | D16: 43200000
A17: 8 | B17: 45615 | C17: Thanh toán tiền cho Vượng Phát | D17: 24624000
A18: 9 | B18: 45626 | C18: Phát sinh công nợ phải trả Vượng Phát T11 | E18: 15930000
A19: 10 | B19: 45656 | C19: Phát sinh công nợ phải trả Vượng Phát T12 | E19: 32508000
A20: 11 | B20: 45666 | C20: Thanh toán tiền cho Vượng Phát | D20: 15930000
A21: 12 | B21: 45680 | C21: Phát sinh công nợ phải trả Vượng Phát T1 | E21: 21600000
A22: 13 | B22: 45716 | C22: Thanh toán tiền cho Vượng Phát | D22: 54108000
A23: 14 | B23: 45776 | C23: Phát sinh công nợ phải trả Vượng Phát T4 | E23: 42660000
A24: 15
A25: 16
A26: 17
A27: 18
A28: 19
A29: 20
A30: 21
A31: 22
A32: 23
A33: 24
A34: 25
A35: 26
... A87: 79
A88: 80 | H88: =H87+D88-E88 -> 0
A89: 81 | H89: =H88+D89-E89 -> 0
A90: 82 | H90: =H89+D90-E90 -> 0
A91: 83 | H91: =H90+D91-E91 -> 0
A92: 84
A93: 85
A94: 86
A95: 87
A96: 88
A97: 89
A98: 90
A99: 91
A100: 92
A101: 93
A102: 94
A103: 95
... A105: 97

Sheet Chè Mường Hoa
G1: TH
A2: BẢNG KÊ CHI TIẾT CÔNG NỢ
A3: Khách hàng | D3: Cty Mường Hoa
E4: Số dư đầu kỳ | F4: 0
A5: Ngày tháng | D5: =+'Tổng hợp'!$G$2 -> 45784 | E5: Phát sinh Nợ | F5: =SUM(D10:D69) -> 72495400
E6: Phát sinh Có | F6: =SUM(E10:E69) -> 72495400
E7: Số dư cuối kỳ | F7: =+F4+F5-F6 -> 0
A8: STT | B8: Ngày tháng | C8: Diễn giải | D8: Phát sinh | F8: Ghi chú
D9: Nợ | E9: Có
A10: 1 | B10: 45377 | C10: GBN MHC2403001 | D10: 38238200 | G10: =D10-E10 -> 38238200
A11: 2 | B11: 45379 | C11: Cty chè Mường Hoa tt tiền chi hộ | E11: 2793200 | G11: =G10+D11-E11 -> 35445000
A12: 3 | B12: 45380 | C12: Cty chè Mường Hoa tt tiền | E12: 35445000 | G12: =G11+D12-E12 -> 0
A13: 4 | B13: 45507 | C13: GBN MHC24002 | D13: 34257200 | G13: =G12+D13-E13 -> 34257200
A14: 5 | B14: 45511 | C14: Cty Mường Hoa tt tiền | E14: 33647200 | G14: =G13+D14-E14 -> 610000
A15: 6 | B15: 45512 | C15: Cty Mường Hoa tt tiền | E15: 610000 | F15: CK tk anh Phụng | G15: =G14+D15-E15 -> 0
A16: 7 | G16: =G15+D16-E16 -> 0
A17: 8 | G17: =G16+D17-E17 -> 0
A18: 9 | G18: =G17+D18-E18 -> 0
A19: 10 | G19: =G18+D19-E19 -> 0
A20: 11 | G20: =G19+D20-E20 -> 0
G21: =G20+D21-E21 -> 0
A22: 12 | G22: =G21+D22-E22 -> 0
A23: 13 | G23: =G22+D23-E23 -> 0
A24: 14 | G24: =G23+D24-E24 -> 0
A25: 15 | G25: =G24+D25-E25 -> 0
A26: 16 | G26: =G25+D26-E26 -> 0
A27: 17 | G27: =G26+D27-E27 -> 0
A28: 18 | G28: =G27+D28-E28 -> 0
A29: 19 | G29: =G28+D29-E29 -> 0
A30: 20 | G30: =G29+D30-E30 -> 0
A31: 21 | G31: =G30+D31-E31 -> 0
A32: 22 | G32: =G31+D32-E32 -> 0
A33: 23 | G33: =G32+D33-E33 -> 0
... A48: 38 | G48: =G47+D48-E48 -> 0

Sheet Chè Tô Múa
G1: TH
A2: BẢNG KÊ CHI TIẾT CÔNG NỢ
A3: Khách hàng | D3: Chè Tô Múa
E4: Số dư đầu kỳ | F4: 0
A5: Ngày tháng | D5: =+'Tổng hợp'!$G$2 -> 45784 | E5: Phát sinh Nợ | F5: =SUM(D10:D68) -> 408493860
E6: Phát sinh Có | F6: =SUM(E10:E68) -> 408493860
E7: Số dư cuối kỳ | F7: =+F4+F5-F6 -> 0
A8: STT | B8: Ngày tháng | C8: Diễn giải | D8: Phát sinh | F8: Ghi chú
D9: Nợ | E9: Có
A10: 1 | B10: 18/9/2019 | C10: GBN CTM19005 | D10: 44228864
A11: 2 | B11: 23/9/2019 | C11: CTM thanh toán | E11: 24228864
A12: 3 | B12: 43506 | C12: GBN CTM19006 | D12: 47699188
A13: 4 | B13: 43748 | C13: CTM thanh toán | E13: 67699188
A14: 5 | B14: 16/11/2019 | C14: GBN CTM19007 | D14: 44210188
A15: 6 | B15: 22/11/2019 | C15: CTM thanh toán | E15: 30000000
A16: 7 | B16: 43922 | C16: CTM19008 | D16: 54739500
A17: 8 | B17: 22/1/2020 | C17: CTM thanh toán | E17: 30000000
A18: 9 | B18: 44167 | C18: CTM20001 | D18: 53670000
A19: 10 | B19: 17/2/2020 | C19: CTM thanh toán | E19: 53670000
A20: 11 | B20: 44027 | C20: CTM thanh toán | E20: 20000000
A21: 12 | B21: 44095 | C21: GBN CTM20002 | D21: 61635500
A22: 13 | B22: 44102 | C22: CTM thanh toán | E22: 80585188
A23: 14 | B23: 44390 | C23: GBN CTM21001 | D23: 102310620
A24: 15 | B24: 44392 | C24: CTM thanh toán | E24: 75000000
A25: 16 | B25: 44396 | C25: CTM thanh toán | E25: 26810120
A26: 17 | B26: 44545 | C26: CTM thanh toán | E26: 500500

Sheet Hân Trang
G1: TH
A2: BẢNG KÊ CHI TIẾT CÔNG NỢ
A3: Khách hàng | D3: Cty Hân Trang
E4: Số dư đầu kỳ | F4: 0
A5: Ngày tháng | D5: =+'Tổng hợp'!$G$2 -> 45784 | E5: Phát sinh Nợ | F5: =SUM(D10:D68) -> 349912000
E6: Phát sinh Có | F6: =SUM(E10:E68) -> 349912000
E7: Số dư cuối kỳ | F7: =+F4+F5-F6 -> 0
A8: STT | B8: Ngày tháng | C8: Diễn giải | D8: Phát sinh | F8: Ghi chú
D9: Nợ | E9: Có
A10: 1 | B10: 45259 | C10: Phát sinh công nợ phải trả | E10: 52900000
A11: 2 | B11: 44942 | C11: NePO thanh toán tiền | D11: 52900000
A12: 3 | B12: 44957 | C12: Phát sinh công nợ phải trả | E12: 4800000
A13: 4 | B13: 45016 | C13: Phát sinh công nợ phải trả | E13: 82700000
A14: 5 | B14: 45027 | C14: NePO thanh toán tiền | D14: 4800000
A15: 6 | B15: 45043 | C15: Phát sinh công nợ phải trả | E15: 40000000
A16: 7 | B16: 45128 | C16: NePO thanh toán tiền | D16: 82700000
A17: 8 | B17: 45175 | C17: NePO thanh toán tiền | D17: 40000000
A18: 9 | B18: 45199 | C18: Phát sinh công nợ phải trả | E18: 26500000
A19: 10 | B19: 45238 | C19: NePO thanh toán tiền | D19: 26500000
A20: 11 | B20: 45322 | C20: Phát sinh công nợ phải trả | E20: 39984000
A21: 12 | B21: 45329 | C21: NePO thanh toán tiền | D21: 32400000
A22: 13 | B22: 45350 | C22: Phát sinh công nợ phải trả | E22: 2952000
A23: 14 | B23: 45353 | C23: NePO thanh toán tiền | D23: =2952000+6400000+1184000 -> 10536000
A24: 15 | B24: 45442 | C24: Phát sinh công nợ phải trả | E24: 17500000
A25: 16 | B25: 45473 | C25: Phát sinh công nợ phải trả | E25: 43108000
A26: 17 | B26: 45503 | C26: Phát sinh công nợ phải trả | E26: 8856000
A27: 18 | B27: 45520 | C27: NePO thanh toán tiền | D27: 17500000 | F27: Ck tm
A28: 19 | B28: 45534 | C28: Phát sinh công nợ phải trả | E28: 23052000
A29: 20 | B29: 45560 | C29: NePO thanh toán tiền | D29: 43108000
A30: 21 | B30: 45565 | C30: Phát sinh công nợ phải trả | E30: 7560000
A31: 21 | B31: 45583 | C31: NePO thanh toán tiền | D31: 15600000
A32: 21 | B32: 45615 | C32: NePO thanh toán tiền | D32: =7452000+8856000 -> 16308000
A33: 21 | B33: 45630 | C33: NePO thanh toán tiền | D33: 7560000
A34: 21

Sheet TUÂN THÀNH PHÁT
G1: TH
A2: BẢNG KÊ CHI TIẾT CÔNG NỢ
A3: Khách hàng | D3: TUÂN THÀNH PHÁT
E4: Số dư đầu kỳ | F4: 0
A5: Ngày tháng | D5: =+'Tổng hợp'!$G$2 -> 45784 | E5: Phát sinh Nợ | F5: =SUM(D10:D70) -> 168087272
E6: Phát sinh Có | F6: =SUM(E10:E70) -> 168087272
E7: Số dư cuối kỳ | F7: =+F4+F5-F6 -> 0
A8: STT | B8: Ngày tháng | C8: Diễn giải | D8: Phát sinh | F8: Lũy kế | G8: Ghi chú
D9: Nợ | E9: Có
A10: 1 | B10: 30/6/2019 | C10: Phát sinh công nợ phải thu T6 | D10: 4800000 | F10: =F4+D10-E10 -> 4800000
A11: 2 | B11: 43715 | C11: Đối trừ công nợ phải thu T6 với phải trả | E11: 4800000 | F11: =F10+D11-E11 -> 0
A12: 3 | B12: 30/11/2019 | C12: Phát sinh công nợ phải thu T11 | D12: 4090909 | F12: =F11+D12-E12 -> 4090909
A13: 4 | B13: 31/12/2019 | C13: Phát sinh công nợ phải thu T12 | D13: 14700000 | F13: =F12+D13-E13 -> 18790909
A14: 5 | B14: 31/12/2019 | C14: Đối trừ công nợ phải trả hết năm 2019 | E14: 11909091 | F14: =F13+D14-E14 -> 6881818
A15: 6 | B15: 31/1/2020 | C15: Phát sinh công nợ phải thu T1.2020 | D15: 3800000 | F15: =F14+D15-E15 -> 10681818
A16: 7 | B16: 27/2/2020 | C16: Thu nốt cước vận chuyển 2019+cước T1/2020 | E16: 10681818 | F16: =F15+D16-E16 -> 0
A17: 8 | B17: 29/2/2020 | C17: Phát sinh công nợ phải thu T2.2020 | D17: 200000 | F17: =F16+D17-E17 -> 200000
A18: 9 | B18: 31/3/2020 | C18: Phát sinh công nợ phải thu T3.2020 | D18: 3940000 | F18: =F17+D18-E18 -> 4140000
B19: 43981 | C19: Phát sinh công nợ phải trả T5.2020 | E19: 4400000 | F19: =F18+D19-E19 -> -260000
A20: 10 | B20: 30/06/2020 | C20: Phát sinh công nợ phải thu T6.2020 | D20: 1490909 | F20: =F19+D20-E20 -> 1230909
A21: 11 | B21: 44043 | C21: Phát sinh công nợ phải thu T7.2020 | D21: 3800000 | F21: =F20+D21-E21 -> 5030909
B22: 44439 | C22: Phát sinh công nợ phải trả T8.2020 | E22: 400000 | F22: =F21+D22-E22 -> 4630909
A23: 12 | B23: 44104 | C23: Phát sinh công nợ phải thu T9.2020 | D23: 6400000 | F23: =F22+D23-E23 -> 11030909
A24: 13 | B24: 44135 | C24: Phát sinh công nợ phải thu T10.2020 | D24: 39340000 | F24: =F23+D24-E24 -> 50370909
A25: 14 | B25: 44165 | C25: Phát sinh công nợ phải thu T11.2020 | D25: 1125454 | F25: =F24+D25-E25 -> 51496363
A26: 15 | B26: 44196 | C26: Phát sinh công nợ phải thu T12.2020 | D26: 4218182 | F26: =F25+D26-E26 -> 55714545
A27: 16 | B27: 44196 | C27: Tiền thuế HĐ 477 | E27: 20004200 | F27: =F26+D27-E27 -> 35710345
A28: 17 | B28: 44206 | C28: Thu tiền cước VC 2 cont CCLU6471735, MSDU7376535 | E28: 7000000 | F28: =F27+D28-E28 -> 28710345
A29: 18 | B29: 44227 | C29: Phát sinh công nợ phải thu T01.21 | D29: 17781818 | F29: =F28+D29-E29 -> 46492163
A30: 19 | B30: 44285 | C30: Phát sinh công nợ phải trả T03.21 | E30: 7800000 | F30: =F29+D30-E30 -> 38692163
A31: 20 | B31: 44316 | C31: Phát sinh công nợ phải thu T04.21 | D31: 3800000 | F31: =F30+D31-E31 -> 42492163
A32: 21 | B32: 44376 | C32: Phát sinh công nợ phải thu T06.21 | D32: 7700000 | F32: =F31+D32-E32 -> 50192163
A33: 22 | B33: 44408 | C33: Phát sinh công nợ phải trả T07.21 | E33: 4700000 | F33: =F32+D33-E33 -> 45492163
A34: 23 | B34: 44438 | C34: Phát sinh công nợ phải trả T8.21 | E34: 14900000 | F34: =F33+D34-E34 -> 30592163
A35: 24 | B35: 44469 | C35: Phát sinh công nợ phải trả T9.21 | E35: 14600000 | F35: =F34+D35-E35 -> 15992163
A36: 25 | B36: 44504 | C36: Tuân thành phát thanh toán | E36: 15992163 | F36: =F35+D36-E36 -> 0
A37: 26 | B37: 44772 | C37: Phát sinh công nợ phải thu T7.22 | D37: 8100000 | F37: =F36+D37-E37 -> 8100000
A38: 27 | B38: 44803 | C38: Phát sinh công nợ phải trả T8.22 | E38: 5800000 | F38: =F37+D38-E38 -> 2300000
A39: 28 | B39: 44864 | C39: Phát sinh công nợ trả T10.22 | E39: 10500000 | F39: =F38+D39-E39 -> -8200000
A40: 29 | B40: 44895 | C40: Phát sinh công nợ phải thu T11.22 | D40: 3300000 | F40: =F39+D40-E40 -> -4900000
A41: 30 | B41: 44942 | C41: NePO thanh toán tiền | D41: 4900000 | F41: =F40+D41-E41 -> 0
A42: 31 | B42: 45015 | C42: Phát sinh công nợ phải trả T3.23 | E42: 9800000 | F42: =F41+D42-E42 -> -9800000
A43: 32 | B43: 45046 | C43: Phát sinh công nợ phải trả T4.23 | E43: 24800000 | F43: =F42+D43-E43 -> -34600000
B44: 45155 | C44: NePO thanh toán tiền | D44: 9800000 | F44: =F43+D44-E44 -> -24800000
B45: 45174 | C45: NePO thanh toán tiền | D45: 24800000

Sheet VIỆT VƯƠNG
G1: TH
A2: BẢNG KÊ CHI TIẾT CÔNG NỢ
A3: Khách hàng | D3: VIỆT VƯƠNG
E4: Số dư đầu kỳ | F4: 0
A5: Ngày tháng | D5: =+'Tổng hợp'!$G$2 -> 45784 | E5: Phát sinh Nợ | F5: =SUM(D10:D68) -> 23400000
E6: Phát sinh Có | F6: =SUM(E10:E68) -> 0
E7: Số dư cuối kỳ | F7: =+F4+F5-F6 -> 23400000
A8: STT | B8: Ngày tháng | C8: Diễn giải | D8: Phát sinh | F8: Ghi chú
D9: Nợ | E9: Có
B10: 44043 | C10: Phát sinh công nợ phải thu T7/2020 | D10: 23400000

Sheet CTY AT-AT
G1: TH
A2: BẢNG KÊ CHI TIẾT CÔNG NỢ
A3: Khách hàng | D3: Công ty AT-AT
E4: Số dư đầu kỳ | F4: 0
A5: Ngày tháng | D5: =+'Tổng hợp'!$G$2 -> 45784 | E5: Phát sinh Nợ | F5: =SUM(D10:D68) -> 1102419000
E6: Phát sinh Có | F6: =SUM(E10:E68) -> 1102419000
E7: Số dư cuối kỳ | F7: =+F4+F5-F6 -> 0
A8: STT | B8: Ngày tháng | C8: Diễn giải | D8: Phát sinh | F8: Ghi chú
D9: Nợ | E9: Có
A11: 1 | B11: 44094 | C11: Phát sinh công nợ phải thu | D11: 9130000
A12: 2 | B12: 44133 | C12: Phát sinh công nợ phải thu | D12: 12930000
A13: 3 | B13: 44147 | C13: Cty AT- AT thanh toán | E13: 18260000
A14: 4 | B14: 44148 | C14: Cty AT- AT thanh toán | E14: 3800000
A15: 5 | B15: 44165 | C15: Phát sinh công nợ T11.20 | D15: 78650000
A16: 6 | B16: 44196 | C16: Phát sinh công nợ T12.20 | D16: 24310000 | F16: HĐ : 29.172.000
A17: 7 | B17: 44196 | C17: Tiền thuế theo HĐ | D17: 442000
A18: 8 | B18: 43848 | C18: Cty AT- AT thanh toán | E18: 78650000
A19: 9 | B19: 44227 | C19: Phát sinh công nợ T1.21 | D19: 4730000
A20: 10 | B20: 44255 | C20: Phát sinh công nợ T2.21 | D20: 6600000
A21: 11 | B21: 44259 | C21: Cty AT- AT thanh toán | E21: 36082000 | F21: 40502000
A22: 12 | B22: 44286 | C22: Phát sinh công nợ T3.21 | D22: 5030000
A23: 13 | B23: 44340 | C23: Phát sinh công nợ T5.21 | D23: 19340000
A24: 14 | B24: 44342 | C24: Cty AT- AT thanh toán | E24: 5030000
A25: 15 | B25: 44377 | C25: Cty AT- AT thanh toán | E25: 19340000
A26: 16 | B26: 44377 | C26: Phát sinh công nợ T6.21 | D26: 44570000
A27: 17 | B27: 44407 | C27: Phát sinh công nợ T7.21 | D27: 59430000
A28: 18 | B28: 44410 | C28: Cty AT- AT thanh toán | E28: 44570000
A29: 19 | B29: 44438 | C29: Phát sinh công nợ T08.21 | D29: 15370000
A30: 20 | B30: 44456 | C30: Cty AT- AT thanh toán | E30: 15370000
A31: 21 | B31: 44466 | C31: Cty AT- AT thanh toán | E31: 59430000
A32: 22 | B32: 44469 | C32: Phát sinh công nợ T9.21 | D32: 20710000
A33: 23 | B33: 44494 | C33: Cty AT- AT thanh toán | E33: 20710000
A34: 24 | B34: 44499 | C34: Phát sinh công nợ T10.21 | D34: 31355000
A35: 25 | B35: 44526 | C35: Cty AT- AT thanh toán | E35: 31355000
A36: 26 | B36: 31/11/2021 | C36: Phát sinh công nợ T11.21 | D36: 14500000
A37: 27 | B37: 44560 | C37: Phát sinh công nợ T12.21 | D37: 5500000
A38: 28 | B38: 44561 | C38: Cty AT- AT thanh toán | E38: 14500000
A39: 29 | B39: 44588 | C39: Cty AT- AT thanh toán | E39: 5500000
A40: 30 | B40: 44620 | C40: Phát sinh công nợ T02.22 | D40: 22356000
A41: 31 | B41: 44650 | C41: Cty AT- AT thanh toán | E41: 22356000
A42: 32 | B42: 44650 | C42: Phát sinh công nợ T03.22 | D42: 91692000
A43: 33 | B43: 44679 | C43: Phát sinh công nợ T04.22 | D43: 23976000
A44: 34 | B44: 44685 | C44: Cty AT- AT thanh toán | E44: 91692000
A45: 35 | B45: 44708 | C45: Phát sinh công nợ T05.22 | D45: 25444800
A46: 36 | B46: 44711 | C46: Cty AT- AT thanh toán | E46: 23976000
A47: 37 | B47: 44742 | C47: Phát sinh công nợ T06.22 | D47: 46375200
A48: 38 | B48: 44742 | C48: Cty AT- AT thanh toán | E48: 25444800
A49: 39 | B49: 44771 | C49: Phát sinh công nợ T07.22 | D49: 87588000
A50: 40 | B50: 44772 | C50: Cty AT- AT thanh toán | E50: 46375200
A51: 41 | B51: 44803 | C51: Phát sinh công nợ T08.22 | D51: 82586000
A52: 42 | B52: 44803 | C52: Cty AT- AT thanh toán | E52: 87588000
A53: 43 | B53: 44833 | C53: Phát sinh công nợ T09.22 | D53: 43274000
A54: 44 | B54: 44839 | C54: Cty AT- AT thanh toán | E54: 82586000
A55: 45 | B55: 44865 | C55: Phát sinh công nợ T10.22 | D55: 53940000
A56: 46 | B56: 44865 | C56: Cty AT- AT thanh toán | E56: 43274000
A57: 47 | B57: 44895 | C57: Phát sinh công nợ T11.22 | D57: 120690000
A58: 48 | B58: 44895 | C58: Cty AT- AT thanh toán | E58: 53940000
A59: 49 | B59: 44925 | C59: Phát sinh công nợ T12.22 | D59: 32454000
A60: 50 | B60: 44924 | C60: Cty AT- AT thanh toán | E60: 120690000
A61: 51 | B61: 44956 | C61: Phát sinh công nợ T1.23 | D61: 72886000
A62: 52 | B62: 44957 | C62: Cty AT- AT thanh toán | E62: 32454000
A63: 53 | B63: 44985 | C63: Cty AT- AT thanh toán | E63: 72886000
A64: 54 | B64: 44985 | C64: Phát sinh công nợ T2.23 | D64: 24420000
A65: 55 | B65: 45015 | C65: Cty AT- AT thanh toán | E65: 24420000
A66: 56 | B66: 45412 | C66: Phát sinh công nợ T4.24 | D66: 22140000
A67: 57 | B67: 45439 | C67: Cty AT- AT thanh toán | E67: 22140000
A68: 58
A69: 59
A70: 60
A71: 61
A72: 62
A73: 63
A74: 64
A75: 65
A76: 66
A77: 67

Sheet HHD MC
G1: TH
A2: BẢNG KÊ CHI TIẾT CÔNG NỢ
A3: Khách hàng | D3: Công ty HHD Mộc Châu
E4: Số dư đầu kỳ | F4: 0
A5: Ngày tháng | D5: =+'Tổng hợp'!$G$2 -> 45784 | E5: Phát sinh Nợ | F5: =SUM(D10:D68) -> 471771240
E6: Phát sinh Có | F6: =SUM(E10:E68) -> 471771240
E7: Số dư cuối kỳ | F7: =+F4+F5-F6 -> 0
A8: STT | B8: Ngày tháng | C8: Diễn giải | D8: Phát sinh | F8: Ghi chú
D9: Nợ | E9: Có
A11: 1 | B11: 44181 | C11: GBN HHD20001 | D11: 180451000
A12: 2 | B12: 44181 | C12: GBN HHD20002 | D12: 90737000
A13: 3 | B13: 44201 | C13: HHD thanh toán tiền GBN HHD20001 | E13: 180451000
A14: 4 | B14: 44214 | C14: HHD thanh toán tiền GBN HHD20002 | E14: 90737000
A15: 5 | B15: 44221 | C15: GBN HHD20003 | D15: 3534000
A16: 6 | B16: 44228 | C16: HHD thanh toán tiền | E16: 3534000
A17: 7 | B17: 44390 | C17: GBN HHD21001 | D17: 197049240
A18: 8 | B18: 44411 | C18: HHD thanh toán tiền | E18: 100000000
A19: 9 | B19: 44421 | C19: HHD thanh toán tiền | E19: 97049240

Sheet TỔNG CTY CHÈ
G1: TH
A2: BẢNG KÊ CHI TIẾT CÔNG NỢ
A3: Khách hàng | D3: Tổng công ty chè Vinatea
E4: Số dư đầu kỳ | F4: 0
A5: Ngày tháng | D5: =+'Tổng hợp'!$G$2 -> 45784 | E5: Phát sinh Nợ | F5: =SUM(D10:D68) -> 982723550
E6: Phát sinh Có | F6: =SUM(E10:E68) -> 982723550
E7: Số dư cuối kỳ | F7: =+F4+F5-F6 -> 0
A8: STT | B8: Ngày tháng | C8: Diễn giải | D8: Phát sinh | F8: Ghi chú
D9: Nợ | E9: Có
A11: 1 | B11: 44195 | C11: GBN VNT2012001 | D11: 15204000
A12: 2 | B12: 44202 | C12: Tổng công ty chè Vinatea thanh toán | E12: 15204000
A13: 3 | B13: 44227 | C13: GBN VNT2101001 | D13: 14974000
A14: 4 | B14: 44235 | C14: Tổng công ty chè Vinatea thanh toán | E14: 14974000
A15: 5 | B15: 44235 | C15: GBN VNT2102001 | D15: 14294000
A16: 6 | B16: 44251 | C16: Tổng công ty chè Vinatea thanh toán | E16: 14294000
A17: 7 | B17: 44286 | C17: GBN VNT2103001 | D17: 29978000
A18: 8 | B18: 44291 | C18: Tổng công ty chè Vinatea thanh toán | E18: 29978000
A19: 9 | B19: 44347 | C19: GBN VNT2105001 | D19: 15514000
A20: 10 | B20: 44355 | C20: Tổng công ty chè Vinatea thanh toán | E20: 15514000
A21: 11 | B21: 44377 | C21: GBN VNT2106001 | D21: 15488000
A22: 12 | B22: 44389 | C22: Tổng công ty chè Vinatea thanh toán | E22: 15488000
A23: 13 | B23: 44680 | C23: GBN VNT2204001 | D23: 19532000
A24: 14 | B24: 44690 | C24: Tổng công ty chè Vinatea thanh toán | E24: 19532000
A25: 15 | B25: 44688 | C25: GBN VNT2205001 | D25: 25796200
A26: 16 | B26: 44700 | C26: Tổng công ty chè Vinatea thanh toán | E26: 24496200
A27: 17 | B27: 44712 | C27: GBN VNT2205002 | D27: 19768800
A28: 18 | B28: 44719 | C28: Tổng công ty chè Vinatea thanh toán | E28: 19768800
A29: 19 | B29: 44740 | C29: Tổng công ty chè Vinatea thanh toán | E29: 1300000
A30: 20 | B30: 44742 | C30: GBN VNT2206001 | D30: 101194000
A31: 21 | B31: 44749 | C31: Tổng công ty chè Vinatea thanh toán | E31: 101194000
A32: 22 | B32: 44771 | C32: GBN VNT2207001 | D32: 58576400
A33: 23 | B33: 44777 | C33: Tổng công ty chè Vinatea thanh toán | E33: 58576400
A34: 24 | B34: 44802 | C34: GBN VNT2208001 | D34: 56786400
A35: 25 | B35: 44811 | C35: Tổng công ty chè Vinatea thanh toán | E35: 56786400
A36: 26 | B36: 44833 | C36: GBN VNT2209001 | D36: 95804800
A37: 27 | B37: 44838 | C37: Tổng công ty chè Vinatea thanh toán | E37: 95804800
A38: 28 | B38: 44865 | C38: GBN VNT2210001 | D38: 73449600
A39: 29 | B39: 44872 | C39: Tổng công ty chè Vinatea thanh toán | E39: 73449600
A40: 30 | B40: 44895 | C40: GBN VNT2211001 | D40: 19308800
A41: 31 | B41: 44900 | C41: Tổng công ty chè Vinatea thanh toán | E41: 19308800
A42: 32 | B42: 44923 | C42: GBN VNT2212001 | D42: 189394400
A43: 33 | B43: 44938 | C43: Tổng công ty chè Vinatea thanh toán | E43: 189394400
A44: 34 | B44: 44956 | C44: GBN VNT2301001 | D44: 18684000
A45: 35 | B45: 44963 | C45: Tổng công ty chè Vinatea thanh toán | E45: 18684000
A46: 36 | B46: 44985 | C46: GBN VNT232001 | D46: 55857000
A47: 37 | B47: 44992 | C47: Tổng công ty chè Vinatea thanh toán | E47: 55857000
A48: 38 | B48: 45076 | C48: GBN VNT2305001 | D48: 89161000
A49: 39 | B49: 45084 | C49: Tổng công ty chè Vinatea thanh toán | E49: 89161000
A50: 40 | B50: 45167 | C50: GBN VNT23001 | D50: 30796500
A51: 41 | B51: 45174 | C51: Tổng công ty chè Vinatea thanh toán | E51: 30796500
A52: 42 | B52: 45504 | C52: GBN VNT24001 | D52: 23161650
A53: 43 | B53: 45510 | C53: Tổng công ty chè Vinatea thanh toán | E53: 23161650

Sheet LÊ MINH
G1: TH
A2: BẢNG KÊ CHI TIẾT CÔNG NỢ
A3: Khách hàng | D3: C.TY TNHH ĐT & XNK LÊ MINH
E4: Số dư đầu kỳ | F4: 0
A5: Ngày tháng | D5: =+'Tổng hợp'!$G$2 -> 45784 | E5: Phát sinh Nợ | F5: =SUM(D10:D68) -> 253225600
E6: Phát sinh Có | F6: =SUM(E10:E68) -> 253225600
E7: Số dư cuối kỳ | F7: =+F4+F5-F6 -> 0
A8: STT | B8: Ngày tháng | C8: Diễn giải | D8: Phát sinh | F8: Ghi chú
D9: Nợ | E9: Có
A11: 1 | B11: 44315 | C11: Phát sinh công nợ T04.21 | D11: 14580000 | F11: =F4+D11-E11 -> 14580000
A12: 2 | B12: 44377 | C12: Phát sinh công nợ T06.21 | D12: 14684000 | F12: =F11+D12-E12 -> 29264000
A13: 3 | B13: 44391 | C13: Lê Minh thanh toán công nợ T04.21 | E13: 14580000 | F13: =F12+D13-E13 -> 14684000
A14: 4 | B14: 44407 | C14: phát sinh công nợ T7.21 | D14: 45250000 | F14: =F13+D14-E14 -> 59934000
A15: 5 | B15: 44463 | C15: Lê Minh thanh toán công nợ T06.21 | E15: 14684000 | F15: =F14+D15-E15 -> 45250000
A16: 6 | B16: 44484 | C16: Lê Minh thanh toán công nợ T07.21 | E16: 45250000 | F16: =F15+D16-E16 -> 0
A17: 7 | B17: 44499 | C17: Phát sinh công nợ T10/21 | D17: 29700000 | F17: =F16+D17-E17 -> 29700000
A18: 8 | B18: 44530 | C18: Phát sinh công nợ T11/21 | D18: 50612000 | F18: =F17+D18-E18 -> 80312000
A19: 9 | B19: 44552 | C19: Lê Minh thanh toán công nợ T10.21 | E19: 29700000 | F19: =F18+D19-E19 -> 50612000
A20: 10 | B20: 44560 | C20: Phát sinh công nợ T12/21 | D20: 7734000 | F20: =F19+D20-E20 -> 58346000
A21: 11 | B21: 44561 | C21: Lê Minh thanh toán công nợ T11.12 | E21: 58346000 | F21: =F20+D21-E21 -> 0
A22: 12 | B22: 44589 | C22: Phát sinh công nợ T01/22 | D22: 8418000 | F22: =F21+D22-E22 -> 8418000
A23: 13 | B23: 44652 | C23: Lê Minh thanh toán công nợ T01/22 | E23: 8418000 | F23: =F22+D23-E23 -> 0
A24: 14 | B24: 44741 | C24: Phát sinh công nợ T6/22 | D24: 27486800 | F24: =F23+D24-E24 -> 27486800
A25: 15 | B25: 44770 | C25: Phát sinh công nợ T7/22 | D25: 28766800 | F25: =F24+D25-E25 -> 56253600
A26: 16 | B26: 44796 | C26: Lê Minh thanh toán công nợ T6/22 | E26: 27486800 | F26: =F25+D26-E26 -> 28766800
A27: 17 | B27: 44796 | C27: Công ty than uyên thanh toán | E27: 26000000 | F27: =F26+D27-E27 -> 2766800
A28: 18 | B28: 44895 | C28: Phát sinh công nợ T11/22 | D28: 25994000 | F28: =F27+D28-E28 -> 28760800
A29: 19 | B29: 44937 | C29: Lê Minh thanh toán công nợ T11.12 | E29: 23600000 | F29: =F28+D29-E29 -> 5160800
A30: 20 | B30: 44939 | C30: Lê Minh thanh toán tiền chi hộ | E30: 5160800 | F30: =F29+D30-E30 -> 0
A31: 21 | F31: =F30+D31-E31 -> 0

Sheet Mr Huy VS
G1: TH
A2: BẢNG KÊ CHI TIẾT CÔNG NỢ
A3: Khách hàng | D3: Mr Huy Vietsun
E4: Số dư đầu kỳ | F4: 0
A5: Ngày tháng | D5: =+'Tổng hợp'!$G$2 -> 45784 | E5: Phát sinh Nợ | F5: =SUM(D10:D68) -> 28840000
E6: Phát sinh Có | F6: =SUM(E10:E68) -> 28840000
E7: Số dư cuối kỳ | F7: =+F4+F5-F6 -> 0
A8: STT | B8: Ngày tháng | C8: Diễn giải | D8: Phát sinh | F8: Ghi chú
D9: Nợ | E9: Có
A11: 1 | B11: 44182 | C11: Trả hàng Vietsun sáng 18/12 - 19/12 cont GAOU6145527 | D11: 800000 | F11: Phát sinh thêm lưu ca xe
A12: 4 | B12: 44195 | C12: Trả hàng Vietsun sáng 31/12 | D12: 3900000
A13: 5 | B13: 44228 | C13: Đóng hàng Vietsun sáng 02/02 | D13: 3400000
A14: 2 | B14: 44233 | C14: Trả hàng Vietsun chiều 08/02 cont GAOU2108490 | D14: 450000 | F14: Phát sinh tiền vé cao tốc
A15: 3 | B15: 44244 | C15: Trả hàng Vietsun sáng 17/02 cont GAOU2209942 | D15: 320000 | F15: Phát sinh tiền vé cao tốc
A16: 6 | B16: 44254 | C16: Trả hàng Vietsun sáng 27/02 | D16: 4870000
A17: 7 | B17: 44287 | C17: Trả hàng Vietsun sáng 1/4 | D17: 5390000
A18: 8 | B18: 44349 | C18: Anh Huy thanh toán tiền | E18: 12170000
A19: 9 | B19: 44400 | C19: Anh Huy thanh toán tiền | E19: 5390000
A20: 10 | B20: 44566 | C20: Đóng hàng Vietsun sáng HP- Vạn Phúc, Thanh Trì, Hà Nội | D20: 3800000
A21: 11 | B21: 44693 | C21: Anh Huy thanh toán tiền | E21: 3800000
A22: 12 | B22: 44690 | C22: Tiền hạ vỏ cont DRYU9060723 | D22: 530000
A23: 13 | B23: 44727 | C23: Tiền đi cao tốc cont GAOU2111508 | D23: 290000
A24: 14 | B24: 44785 | C24: Hạ vỏ cont CCLU7391383 | D24: 1000000
A25: 15 | B25: 44795 | C25: Anh Huy thanh toán tiền | E25: 1820000
A26: 4 | B26: 45162 | C26: Phát sinh tiền hóa đơn tháng 8 | E26: =5660000 -> 5660000
C27: Đối trừ chuyển lại cho anh Huy | D27: =E26-D11-D14-D15 -> 4090000

Sheet Mr Huấn VS
G1: TH
A2: BẢNG KÊ CHI TIẾT CÔNG NỢ
A3: Khách hàng | D3: Mr Huấn Vietsun
E4: Số dư đầu kỳ | F4: 0
A5: Ngày tháng | D5: =+'Tổng hợp'!$G$2 -> 45784 | E5: Phát sinh Nợ | F5: =SUM(D10:D68) -> 12800000
E6: Phát sinh Có | F6: =SUM(E10:E68) -> 12800000
E7: Số dư cuối kỳ | F7: =+F4+F5-F6 -> 0
A8: STT | B8: Ngày tháng | C8: Diễn giải | D8: Phát sinh | F8: Ghi chú
D9: Nợ | E9: Có
A11: 1 | B11: 44173 | C11: Đóng hàng KH chiều 07/12 | D11: 4000000
A12: 2 | B12: 44250 | C12: Đóng hàng KH Vietsun chiều 23/02 | D12: 3200000
A13: 3 | B13: 44313 | C13: Anh Huấn thanh toán | E13: 4000000
A14: 4 | B14: 44404 | C14: Anh Huấn thanh toán | E14: 3200000
A15: 5 | B15: 44468 | C15: Đóng hàng kết hợp chiều 29/09 | D15: 1800000
A16: 6 | B16: 44211 | C16: Anh Huấn thanh toán | E16: 1800000
A17: 7 | B17: 45357 | C17: Đóng hàng kết hợp chiều ngày 6/3 | D17: 3800000
A18: 8 | B18: 45471 | C18: Anh Huấn thanh toán | E18: 3800000
A19: 9
A20: 10
A21: 11
A22: 12
A23: 13
A24: 14
A25: 15
A26: 16
A27: 17
A28: 18
A29: 19
A30: 20
... A38: 28

Sheet Chè Nà Tân
G1: TH
A2: BẢNG KÊ CHI TIẾT CÔNG NỢ
A3: Khách hàng | D3: Chè Nà Tân
E4: Số dư đầu kỳ | F4: 0
A5: Ngày tháng | D5: =+'Tổng hợp'!$G$2 -> 45784 | E5: Phát sinh Nợ | F5: =SUM(D10:D68) -> 400336703
E6: Phát sinh Có | F6: =SUM(E10:E68) -> 400336703
E7: Số dư cuối kỳ | F7: =+F4+F5-F6 -> 0
A8: STT | B8: Ngày tháng | C8: Diễn giải | D8: Phát sinh | F8: Ghi chú
D9: Nợ | E9: Có
A11: 1 | B11: 45056 | C11: GBN CNT23001 | D11: 39589400
A12: 2 | B12: 45061 | C12: Nà Tân thanh toán | E12: 36789400
A13: 3 | B13: 45069 | C13: Nà Tân thanh toán | E13: 2800000
A14: 4 | B14: 45110 | C14: GBN CNT23002 | D14: 31990300
A15: 5 | B15: 45120 | C15: Nà Tân thanh toán | E15: 31990300
A16: 6 | B16: 45139 | C16: GBN CNT23003 | D16: 31186120
A17: 7 | B17: 45153 | C17: Nà Tân thanh toán | E17: 30326120
A18: 8 | C18: Nà Tân thanh toán | E18: 860000 | F18: CK tk anh Phụng
A19: 9 | B19: 45166 | C19: GBN NTT23001NK | D19: 22382473
A20: 10 | B20: 45169 | C20: Nà Tân thanh toán | E20: 22382473
A21: 11 | B21: 45195 | C21: GBN CNT23005 | D21: 28043000
A22: 12 | B22: 45209 | C22: Nà Tân thanh toán | E22: 28043000
A23: 13 | B23: 45212 | C23: GBN NTT23006 | D23: 30013700
A24: 14 | B24: 45228 | C24: Nà Tân thanh toán | E24: 30013700
A25: 15 | B25: 45315 | C25: GBN NTT24001 | D25: 26787000
A26: 16 | B26: 45320 | C26: Nà Tân thanh toán | E26: 26787000
A27: 17 | B27: 45479 | C27: GBN NTT24002 | D27: 27985360
A28: 18 | B28: 45484 | C28: Nà Tân thanh toán | E28: 27985360
A29: 19 | B29: 45507 | C29: GBN NTT24003 | D29: 37620800
A30: 20 | B30: 45526 | C30: Nà Tân thanh toán | E30: 37620800
A31: 21 | B31: 45552 | C31: GBn NTT24004 | D31: 32060300
A32: 22 | B32: 45558 | C32: Nà Tân thanh toán | E32: 32060300
A33: 23 | B33: 45604 | C33: GBN NTT24005 | D33: 32717300
A34: 24 | B34: 45628 | C34: Nà Tân thanh toán | E34: 32717300
A35: 25 | B35: 45643 | C35: GBN NTT24006 | D35: 30940950
A36: 26 | B36: 45645 | C36: Nà Tân thanh toán | E36: 30940950
A37: 27 | B37: 45747 | C37: GBN NTT25001 | D37: 29020000
A38: 28 | B38: 45749 | C38: Nà Tân thanh toán | E38: 29020000

Sheet Cty Thuận Vũ
G1: TH
A2: BẢNG KÊ CHI TIẾT CÔNG NỢ
A3: Khách hàng | D3: Cty Thuận Vũ
E4: Số dư đầu kỳ | F4: 0
A5: Ngày tháng | D5: =+'Tổng hợp'!$G$2 -> 45784 | E5: Phát sinh Nợ | F5: =SUM(D10:D68) -> 335678000
E6: Phát sinh Có | F6: =SUM(E10:E68) -> 331250000
E7: Số dư cuối kỳ | F7: =+F4+F5-F6 -> 4428000
A8: STT | B8: Ngày tháng | C8: Diễn giải | D8: Phát sinh | F8: Ghi chú
D9: Nợ | E9: Có
A11: 1 | B11: 44377 | C11: Cước vận chuyển tháng 06/21 | D11: 22500000
A12: 2 | B12: 44408 | C12: Cước vận chuyển tháng 07/21 | D12: 40100000
A13: 3 | B13: 44439 | C13: Cước vận chuyển tháng 08/21 | D13: 3500000
A14: 4 | B14: 44469 | C14: Cước vận chuyển tháng 9/21 | D14: 6200000
A15: 5 | B15: 44498 | C15: Thuận Vũ thanh toán tiền tháng 6 | E15: 22500000
A16: 6 | B16: 44499 | C16: Cước vận chuyển tháng 10/21 | D16: 26200000
A17: 7 | B17: 31/11/2021 | C17: Cước vận chuyển tháng 11/21 | D17: 20650000
A18: 8 | B18: 44558 | C18: Thuận Vũ thanh toán tiền cước T7,8 | E18: 43600000
A19: 9 | B19: 44620 | C19: Cước vận chuyển Tháng 02/22 | D19: 3800000
A20: 10 | B20: 44621 | C20: Thuận Vũ thanh toán tiền cước T9,10,11 | E20: 53050000
A21: 11 | B21: 44757 | C21: Thuận Vũ thanh toán tiền cước T2 | E21: 3800000
A22: 12 | B22: 44770 | C22: Cước vận chuyển tháng 07/22 | D22: 6800000
A23: 13 | B23: 44895 | C23: Cước vận chuyển tháng 11/22 | D23: 3400000
A24: 14 | B24: 44919 | C24: Thuận Vũ thanh toán tiền cước T7,8 | E24: 6800000
A25: 15 | B25: 45003 | C25: Thuận Vũ thanh toán tiền cước T11 | E25: 3400000
A26: 16 | B26: 45045 | C26: Cước vận chuyển tháng 04/23 | D26: 37700000
A27: 17 | B27: 45076 | C27: Cước vận chuyển tháng 5/23 | D27: 15730000
A28: 18 | B28: 45106 | C28: Cước vận chuyển tháng 6/23 | D28: 15070000
A29: 19 | B29: 45138 | C29: Cước vận chuyển tháng 7/23 | D29: 38772000
A30: 20 | B30: 45139 | C30: Thuận Vũ thanh toán tiền cước T4 | E30: 20000000
A31: 21 | B31: 45145 | C31: Thuận vũ thanh toán tiền cước T4 | E31: 17700000
A32: 22 | B32: 45168 | C32: Cước vận chuyển tháng 8/23 | D32: 9936000
A33: 23 | B33: 45188 | C33: Thuận vũ thanh toán tiền cước T5 | E33: 15730000
A34: 24 | B34: 45218 | C34: Thuận vũ thanh toán tiền cước T6 | E34: 15070000
A35: 25 | B35: 45251 | C35: Thuận vũ thanh toán tiền cước tháng 7 | E35: 38772000
A36: 26 | B36: 45260 | C36: Cước vận chuyển tháng 11/23 | D36: 15444000
A37: 27 | B37: 45275 | C37: Thuận vũ thanh toán tiền T8 | E37: 9936000
A38: 28 | B38: 45291 | C38: Cước vận chuyển tháng 12/23 | D38: 8100000
A39: 29 | B39: 45322 | C39: Phát sinh công nợ phải thu T1/24 | D39: 2268000
A40: 30 | B40: 45381 | C40: Thuận vũ thanh toán tiền tháng 11 | E40: 15444000
A41: 31 | B41: 45406 | C41: Thuận vũ thanh toán tiền tháng 12 | E41: 8100000
A42: 32 | B42: 45412 | C42: Phát sinh công nợ phải thu T4/24 | D42: 8964000
A43: 33 | B43: 45422 | C43: Thuận Vũ thanh toán tiền tháng 1 | E43: 2268000
A44: 34 | B44: 45443 | C44: Phát sinh công nợ phải thu T5/24 | D44: 3348000
A45: 35 | B45: 45472 | C45: Phát sinh công nợ phải thu T6/24 | D45: 4428000
A46: 36 | B46: 45503 | C46: Phát sinh công nợ phải thu T7/24 | D46: 13068000
A47: 37 | B47: 45531 | C47: Thuận Vũ tt tiền tháng 4/24 | E47: 9072000
A48: 38 | B48: 45534 | C48: Phát sinh công nợ phải thu T8/24 | D48: 9072000
A49: 39 | B49: 45562 | C49: Thuận vũ thanh toán tiền tháng 5 | E49: 3348000
A50: 40 | B50: 45595 | C50: Thuận Vũ thanh toán tiền tháng 6 | E50: 4428000
A51: 41 | B51: 45622 | C51: Thuận Vũ thanh toán tiền tháng 7 | E51: 13068000
A52: 42 | B52: 45626 | C52: Phát sinh công nợ phải thu T11/2024 | D52: 12204000
A53: 43 | B53: 45656 | C53: Phát sinh công nợ phải thu T12/2024 | D53: 3996000
A54: 44 | B54: 45664 | C54: Thuận Vũ thanh toán tiền tháng 8 | E54: 8964000
A55: 45 | B55: 45716 | C55: Phát sinh công nợ phải thu T02/2025 | D55: 4428000
A56: 46 | B56: 45737 | C56: Thuận Vũ thanh toán tiến tháng 11 | E56: 12204000
A57: 47 | B57: 45772 | C57: Thuận Vũ thanh toán tiền tháng 12 | E57: 3996000
A58: 48
A59: 49
A60: 50
A61: 51
A62: 52
A63: 53

Sheet Cty Minh An
G1: TH
A2: BẢNG KÊ CHI TIẾT CÔNG NỢ
A3: Khách hàng | D3: Cty Minh An
E4: Số dư đầu kỳ | F4: 0
A5: Ngày tháng | D5: =+'Tổng hợp'!$G$2 -> 45784 | E5: Phát sinh Nợ | F5: =SUM(D10:D68) -> 3700000
E6: Phát sinh Có | F6: =SUM(E10:E68) -> 3700000
E7: Số dư cuối kỳ | F7: =+F4+F5-F6 -> 0
A8: STT | B8: Ngày tháng | C8: Diễn giải | D8: Phát sinh | F8: Ghi chú
D9: Nợ | E9: Có
A11: 1 | B11: 44407 | C11: Cước vận chuyển tháng 07/21 | D11: 3700000
A12: 2 | B12: 44480 | C12: Cty Minh An thanh toán | E12: 3700000
A13: 3
A14: 4
A15: 5
A16: 6
A17: 7
A18: 8
A19: 9
A20: 10
A21: 11
A22: 12
A23: 13
A24: 14
... A38: 28

Sheet Cty Dahua
G1: TH
A2: BẢNG KÊ CHI TIẾT CÔNG NỢ
A3: Khách hàng | D3: Cty Dahua
E4: Số dư đầu kỳ | F4: 0
A5: Ngày tháng | D5: =+'Tổng hợp'!$G$2 -> 45784 | E5: Phát sinh Nợ | F5: =SUM(D10:D68) -> 213440000
E6: Phát sinh Có | F6: =SUM(E10:E68) -> 213440000
E7: Số dư cuối kỳ | F7: =+F4+F5-F6 -> 0
A8: STT | B8: Ngày tháng | C8: Diễn giải | D8: Phát sinh | F8: Ghi chú
D9: Nợ | E9: Có
A11: 1 | B11: 44407 | C11: Cước vận chuyển tháng 07/21 | D11: 22340000 | G11: Mỗi cont 200k cho Linh
A12: 2 | B12: 44439 | C12: Cước vận chuyển tháng 08/21 | D12: 141500000
A13: 3 | B13: 44438 | C13: Tiền VAT HĐ 644 ngày 30/8 | D13: 5000000
A14: 4 | B14: 44461 | C14: Dahua thanh toán tiền cước | E14: 22340000
A15: 5 | B15: 44450 | C15: Tiền VAT HĐ 667 | D15: 3200000
A16: 6 | B16: 44469 | C16: Cước vận chuyển T09/21 | D16: 33900000
A17: 7 | B17: 44477 | C17: Tiền VAT HĐ 690 | D17: 7500000
A18: 8 | B18: 44502 | C18: Dahua thanh toán tiền cước | E18: 90200000
A19: 9 | B19: 44511 | C19: Dahua thanh toán tiền cước | E19: 82500000
A20: 10 | B20: 44558 | C20: Dahua thanh toán tiền cước | E20: 18400000 | H20: =D11+D12+D16 -> 197740000
A21: 11
A22: 12
A23: 13
A24: 14
A25: 15
A26: 16
A27: 17
A28: 18
A29: 19
A30: 20
A31: 21
A32: 22
... A38: 28

Sheet PAM Cargo
G1: TH
A2: BẢNG KÊ CHI TIẾT CÔNG NỢ
A3: Khách hàng | D3: PAM CARGO
E4: Số dư đầu kỳ | F4: 0
A5: Ngày tháng | D5: =+'Tổng hợp'!$G$2 -> 45784 | E5: Phát sinh Nợ | F5: =SUM(D10:D68) -> 45890000
E6: Phát sinh Có | F6: =SUM(E10:E68) -> 45890000
E7: Số dư cuối kỳ | F7: =+F4+F5-F6 -> 0
A8: STT | B8: Ngày tháng | C8: Diễn giải | D8: Phát sinh | F8: Ghi chú
D9: Nợ | E9: Có
A11: 1 | B11: 44464 | C11: GBN PAM2109001 | D11: 31740000
A12: 2 | B12: 44497 | C12: GBN PAM2110001 | D12: 14150000
A13: 3 | B13: 44505 | C13: PAM cargo thanh toán tiền | E13: 31740000
A14: 4 | B14: 44539 | C14: PAM cargo thanh toán tiền | E14: =12500000+1650000 -> 14150000
A15: 5
A16: 6
A17: 7
A18: 8
A19: 9
A20: 10
A21: 11
A22: 12
A23: 13
A24: 14
A25: 15
A26: 16
... A38: 28

Sheet Nam Tùng
G1: TH
A2: BẢNG KÊ CHI TIẾT CÔNG NỢ
A3: Khách hàng | D3: Nam Tùng
E4: Số dư đầu kỳ | F4: 0
A5: Ngày tháng | D5: =+'Tổng hợp'!$G$2 -> 45784 | E5: Phát sinh Nợ | F5: =SUM(D10:D200) -> 566941956
E6: Phát sinh Có | F6: =SUM(E10:E200) -> 572773956
E7: Số dư cuối kỳ | F7: =+F4+F5-F6 -> -5832000
A8: STT | B8: Ngày tháng | C8: Diễn giải | D8: Phát sinh | F8: Ghi chú
D9: Nợ | E9: Có
A11: 1 | B11: 44377 | C11: Phát sinh công nợ phải trả T6 | E11: 3900000 | G11: =D11-E11 -> -3900000
A12: 2 | B12: 44407 | C12: Phát sinh công nợ phải thu T7 | D12: 13500000 | G12: =G11+D12-E12 -> 9600000
A13: 3 | B13: 44438 | C13: Phát sinh công nợ phải trả T8 | E13: 9100000 | G13: =G12+D13-E13 -> 500000
A14: 4 | B14: 44469 | C14: Phát sinh công nợ phải thu T9 | D14: 1400000 | G14: =G13+D14-E14 -> 1900000
A15: 5 | B15: 44530 | C15: Phát sinh công nợ phải thu T11 | D15: 7400000 | G15: =G14+D15-E15 -> 9300000
A16: 6 | B16: 44561 | C16: Phát sinh công nợ phải thu T12 | D16: 54300000 | G16: =G15+D16-E16 -> 63600000
A17: 7 | B17: 44589 | C17: Nam Tùng thanh toán tiền hết tháng 11 | E17: 9300000 | G17: =G16+D17-E17 -> 54300000
A18: 8 | B18: 44589 | C18: Phát sinh công nợ phải thu T1 | D18: 19400000 | G18: =G17+D18-E18 -> 73700000
A19: 9 | B19: 44651 | C19: Phát sinh công nợ phải trả T3 | E19: 3580000 | G19: =G18+D19-E19 -> 70120000
A20: 10 | B20: 44657 | C20: Nam Tùng thanh toán tiền hết tháng 12 | E20: 54300000 | G20: =G19+D20-E20 -> 15820000
A21: 11 | B21: 44680 | C21: Phát sinh công nợ phải thu T4 | D21: 27400000 | G21: =G20+D21-E21 -> 43220000
A22: 12 | B22: 44718 | C22: Nam Tùng thanh toán tiền T1 | E22: 19400000 | G22: =G21+D22-E22 -> 23820000
A23: 13 | B23: 44711 | C23: Phát sinh công nợ phải thu T5 | D23: 16800000 | G23: =G22+D23-E23 -> 40620000
A24: 14 | B24: 44742 | C24: Phát sinh công nợ phải trả T6 | E24: 2850000 | G24: =G23+D24-E24 -> 37770000
A25: 15 | B25: 44772 | C25: Phát sinh công nợ phải thu T7 | D25: 93450000 | G25: =G24+D25-E25 -> 131220000
A26: 16 | B26: 44793 | C26: Nam Tùng thanh toán công nợ T4 | E26: 27400000 | G26: =G25+D26-E26 -> 103820000
A27: 17 | B27: 44803 | C27: Phát sinh công nợ phải trả T8 | E27: 3600000 | G27: =G26+D27-E27 -> 100220000
A28: 18 | B28: 44817 | C28: Nam Tùng thanh toán công nợ T5 | E28: 10370000 | G28: =G27+D28-E28 -> 89850000
A29: 19 | B29: 44834 | C29: Phát sinh công nợ phải trả T9 | E29: 8300000 | G29: =G28+D29-E29 -> 81550000
A30: 20 | B30: 44864 | C30: Phát sinh công nợ phải thu T10 | D30: 17200000 | G30: =G29+D30-E30 -> 98750000
A31: 21 | B31: 44872 | C31: Nam Tùng thanh toán công nợ T7, đối trừ tháng 8 | E31: 89850000 | G31: =G30+D31-E31 -> 8900000
A32: 22 | B32: 44895 | C32: Phát sinh công nợ phải thu T11 | D32: 12900000 | G32: =G31+D32-E32 -> 21800000
A33: 23 | B33: 45290 | C33: Phát sinh công nợ phải thu T12 | D33: 2400000 | G33: =G32+D33-E33 -> 24200000
A34: 24 | B34: 44956 | C34: Phát sinh công nợ phải trả T1 | E34: 500000 | G34: =G33+D34-E34 -> 23700000
A35: 25 | B35: 44965 | C35: Nam Tùng thanh toán công nợ T10 đối trừ T9 | E35: 8900000 | G35: =G34+D35-E35 -> 14800000
A36: 26 | B36: 44985 | C36: Phát sinh công nợ phải thu T2 | D36: 9300000 | G36: =G35+D36-E36 -> 24100000
A37: 27 | B37: 44993 | C37: Nam Tùng thanh toán tháng 11 | E37: 12900000 | G37: =G36+D37-E37 -> 11200000
A38: 28 | B38: 45016 | C38: Phát sinh công nợ phải thu T3 | D38: 6300000 | G38: =G37+D38-E38 -> 17500000
A39: 29 | B39: 45046 | C39: Phát sinh công nợ phải thu T4 | D39: 14000000 | G39: =G38+D39-E39 -> 31500000
A40: 30 | B40: 45085 | C40: Nam Tùng thanh toán công nợ T12,2 đối trừ T1 | E40: 11200000 | G40: =G39+D40-E40 -> 20300000
A41: 31 | B41: 45076 | C41: Phát sinh công nợ phải thu T5 | D41: 8000000 | G41: =G40+D41-E41 -> 28300000
A42: 32 | B42: 45107 | C42: Phát sinh công nợ phải thu T6 | D42: 8740000 | G42: =G41+D42-E42 -> 37040000
A43: 33 | B43: 45138 | C43: Phát sinh công nợ phải thu T7 | D43: 21222000 | G43: =G42+D43-E43 -> 58262000
A44: 34 | B44: 45141 | C44: Nam Tùng thanh toán công nợ T3,4 | E44: 20300000 | G44: =G43+D44-E44 -> 37962000
A45: 35 | B45: 45169 | C45: Phát sinh công nợ phải trả T8 | E45: =4900000 -> 4900000 | G45: =G44+D45-E45 -> 33062000
A46: 36 | B46: 45182 | C46: Nam Tùng thanh toán công nợ T5 | E46: 8000000 | G46: =G45+D46-E46 -> 25062000
A47: 37 | B47: 45199 | C47: Phát sinh công nợ phải trả T9 | E47: 3640000 | G47: =G46+D47-E47 -> 21422000
