Workbook

Sheet CHI PHI BAN DAU
A1: Bảng tổng hợp chi phí xe 15C-180.99
A3: STT | B3: Nội dung | C3: Thành tiền
A4: 1 | B4: Chi phí mua đầu kéo | C4: 740000000
A5: 2 | B5: Định giá rơ mooc 15R-050.37 | C5: 140000000
B6: Tổng cộng | C6: =SUM(C4:C5) -> 880000000
B8: Định giá xe cũ 15C-119.57 | C8: 650000000 | D8: Tỷ lệ
B9: Tiền góp của Mr. Thưởng (không bao gồm phần vốn lưu động) 40.01% | C9: =C8*40.01% -> 2.60065e+08 | D9: =C9/C8 -> 0.4001
B10: Tiền góp của Mr. Phụng (không bao gồm phần vốn lưu động) 59.99% | C10: =C8*59.99% -> 389935000 | D10: =C10/C8 -> 0.5999
B12: Định giá xe mới 15C-180.99 | C12: =C6 -> 880000000 | D12: Tỷ lệ
B13: Tiền góp của Mr. Thưởng | C13: =C9 -> 2.60065e+08 | D13: =C13/C12 -> 0.29552841
B14: Tiền góp của Mr. Phụng | C14: =C12-C13 -> 619935000 | D14: =C14/C12 -> 0.70447159

Sheet 03.2022
A1: Bảng theo dõi doanh thu/ chi phí theo phương tiện vận chuyển
A2: Biển số xe: 15C - 180.99
A3: THÁNG 03.2022
A5: STT | B5: Ngày tháng | C5: Diễn giải | D5: Số cont | E5: Tuyến đường vận chuyển | F5: Khoảng cách (km) | G5: Chi phí | I5: Mức TTBQ | J5: Đi đường | K5: Lương lx | L5: Sửa chữa | M5: Lốp | N5: Dầu máy | O5: Tổng chi phí | P5: Cước vận chuyển | Q5: Lợi nhuận gộp
G6: Dầu (l) | H6: Dầu (đồng)
A8: 1 | B8: 44641 | C8: Đóng hàng XK sáng 21/03 | D8: FSCU5973084 | E8: Bãi 1 Lê Thánh Tông, Hải Phòng | G8: 19 | H8: =G8*23630 -> 448970 | J8: 300000 | O8: =H8+J8+K8+L8+M8+N8 -> 748970 | P8: 2000000 | Q8: =P8-O8 -> 1251030
A9: 2 | B9: 44641 | C9: Đóng hàng XK chiều 21/03 | D9: AXIU6139031 | E9: Bãi 1 Lê Thánh Tông, Hải Phòng | H9: =G9*23630 -> 0 | J9: 300000 | O9: =H9+J9+K9+L9+M9+N9 -> 300000 | P9: 2000000 | Q9: =P9-O9 -> 1700000
A10: 3 | B10: 44641 | C10: Đóng hàng XK sáng 22/03 | D10: GESU9183653 | E10: Bãi 1 Lê Thánh Tông, Hải Phòng | G10: 15 | H10: =G10*23630 -> 354450 | J10: 300000 | O10: =H10+J10+K10+L10+M10+N10 -> 654450 | P10: 2000000 | Q10: =P10-O10 -> 1345550
A11: 4 | B11: 44641 | C11: Đóng hàng XK sáng 22/03 | D11: GESU9268869 | E11: Bãi 1 Lê Thánh Tông, Hải Phòng | G11: 4 | H11: =G11*23630 -> 94520 | J11: 300000 | O11: =H11+J11+K11+L11+M11+N11 -> 394520 | P11: 2000000 | Q11: =P11-O11 -> 1605480
A12: 5 | B12: 44644 | C12: Đóng hàng chè sáng 24/03 | D12: SEGU5815582 | E12: TT. Phong Hải, Bảo Thắng, Lào Cai | G12: 280 | H12: =G12*23630 -> 6616400 | J12: 4200000 | O12: =H12+J12+K12+L12+M12+N12 -> 10816400 | P12: 15650000 | Q12: =P12-O12 -> 4833600
A13: 6 | B13: 44644 | C13: Đóng hàng chè chiều 25/03 | D13: CAXU9055369 | E13: Bình Xuyên, Vĩnh Phúc | G13: 111 | H13: =G13*23630 -> 2622930 | J13: 1150000 | O13: =H13+J13+K13+L13+M13+N13 -> 3772930 | P13: 5650000 | Q13: =P13-O13 -> 1877070
A14: 7 | B14: 44645 | C14: Đóng hàng chè chiều 26/03 | D14: BMOU5757339 | E14: Cty chè Thành Đạt, Thanh Chương, Nghệ An | G14: 264 | H14: =G14*23630 -> 6238320 | J14: 1720000 | O14: =H14+J14+K14+L14+M14+N14 -> 7958320 | P14: 10650000 | Q14: =P14-O14 -> 2691680
A15: 8 | B15: 44648 | C15: Trả hàng NK sáng 28/03 | D15: SEGU4775818 | E15: Đình Bảng, Bắc Ninh | G15: 164 | H15: =G15*23630 -> 3875320 | J15: 1990000 | O15: =H15+J15+K15+L15+M15+N15 -> 5865320 | P15: 4600000 | Q15: =P15-O15 -> -1265320
A16: 9 | B16: 44648 | C16: Đóng hàng KH chiều 28/03 | D16: SEGU4775818 | E16: KCN Mông Hóa, Kỳ Sơn, Hòa Bình | H16: =G16*23630 -> 0 | J16: 0 | O16: =H16+J16+K16+L16+M16+N16 -> 0 | P16: 3800000 | Q16: =P16-O16 -> 3800000
A17: 10 | B17: 44648 | C17: Đóng hàng XK 29/03 | D17: SEGU9515454 | E17: Bãi 1 Lê Thánh Tông, Hải Phòng | G17: 10 | H17: =G17*23630 -> 236300 | J17: 300000 | O17: =H17+J17+K17+L17+M17+N17 -> 536300 | P17: 2000000 | Q17: =P17-O17 -> 1463700
A18: 11 | B18: 44649 | C18: Đóng hàng XK 30/03 | D18: SZLU9520752 | E18: Bãi 1 Lê Thánh Tông, Hải Phòng | G18: 17 | H18: =G18*23630 -> 401710 | J18: 300000 | O18: =H18+J18+K18+L18+M18+N18 -> 701710 | P18: 2200000 | Q18: =P18-O18 -> 1498290
A19: 12 | B19: 44649 | C19: Đóng hàng XK 30/03 | D19: TLLU1132219 | E19: Bãi 1 Lê Thánh Tông, Hải Phòng | H19: =G19*23630 -> 0 | J19: 300000 | O19: =H19+J19+K19+L19+M19+N19 -> 300000 | P19: 2200000 | Q19: =P19-O19 -> 1900000
A20: 13 | B20: 44650 | C20: Đóng hàng chè sáng 31/03 | D20: GCXU5357098 | E20: Thuận Châu, Sơn La | G20: 340 | H20: =G20*25080 -> 8527200 | J20: 3820000 | O20: =H20+J20+K20+L20+M20+N20 -> 12347200 | P20: 20032407 | Q20: =P20-O20 -> 7685207
Q21: =P21-O21 -> 0
C22: Nộp lệ phí trước bạ xe 15C-180.99 | L22: 9900000 | O22: =H22+J22+K22+L22+M22+N22 -> 9900000 | Q22: =P22-O22 -> -9900000
C23: Phí dịch vụ nộp lệ phí trước bạ xe 15C-180.99 | L23: 150000 | O23: =H23+J23+K23+L23+M23+N23 -> 150000 | Q23: =P23-O23 -> -150000
C24: Thanh toán tiền làm phù hiệu xe 15C-180.99 | L24: 300000 | O24: =H24+J24+K24+L24+M24+N24 -> 300000 | Q24: =P24-O24 -> -300000
C25: Thanh toán tiền mua dầu nhớt | N25: 2900000 | O25: =H25+J25+K25+L25+M25+N25 -> 2900000 | Q25: =P25-O25 -> -2900000
C26: Mua 2 chụp cốc lọc nhớt, cốc lọc ly tâm xe 15C-180.99 | L26: 2500000 | O26: =H26+J26+K26+L26+M26+N26 -> 2500000 | Q26: =P26-O26 -> -2500000
C27: Thanh toán mua đôi đèn vàng led, công đấu chuyển xe 15C-180.99 | L27: 800000 | O27: =H27+J27+K27+L27+M27+N27 -> 800000 | Q27: =P27-O27 -> -800000
C28: Mua cờ lê, kìm điện, mỏ lết, hoa thị, súng dây, zắc co xe 15C-180.99 | L28: 740000 | O28: =H28+J28+K28+L28+M28+N28 -> 740000 | Q28: =P28-O28 -> -740000
C29: Mua đèn hậu, 2 bóng pha, 1 rắc pha, chế công tắc xe 15C-180.99 | L29: 580000 | O29: =H29+J29+K29+L29+M29+N29 -> 580000 | Q29: =P29-O29 -> -580000
C30: Thanh toán tiền sửa tổng phanh chân, nhổ 2ốc gãy, thay 1 phớt, công thợ xe 15C-180.99 ngày 23/3 | L30: 550000 | O30: =H30+J30+K30+L30+M30+N30 -> 550000 | Q30: =P30-O30 -> -550000
C31: Lắp 1 bộ cút đồng phi 16-20, 1 cút đồng ống phi 6, 1 quả lóc kê mới, 1 bát phanh xe 15C-180.99 ngày 27/3 | L31: 1050000 | O31: =H31+J31+K31+L31+M31+N31 -> 1050000 | Q31: =P31-O31 -> -1050000
C32: Dán decal xe 15C-180.99 + biển phụ inox rơ mooc | L32: 1200000 | O32: =H32+J32+K32+L32+M32+N32 -> 1200000 | Q32: =P32-O32 -> -1200000
C33: Thanh toán tiền mua lốp 1100R20 xe 15C-180.99 ngày 1/4 | M33: 11540000 | O33: =H33+J33+K33+L33+M33+N33 -> 11540000 | Q33: =P33-O33 -> -11540000
C34: mua khóa bình dầu 15C-180.99 | L34: 250000 | O34: =H34+J34+K34+L34+M34+N34 -> 250000 | Q34: =P34-O34 -> -250000
C35: Thanh toán tiền tháo vè xe 15C-180.99 (lắp cảm biến dầu) | L35: 150000 | O35: =H35+J35+K35+L35+M35+N35 -> 150000 | Q35: =P35-O35 -> -150000
C36: Thanh toán tiền điện bãi xe lấp cảm biến dầu xe 15C-180.99 | L36: 50000 | O36: =H36+J36+K36+L36+M36+N36 -> 50000 | Q36: =P36-O36 -> -50000
C37: Thanh toán mua nắp may ơ, đóng bạc tay giằng 4 đầu, giảm sóc 2 đầu, công tháo xe 15C-180.99 | L37: 1230000 | O37: =H37+J37+K37+L37+M37+N37 -> 1230000 | Q37: =P37-O37 -> -1230000
C38: Thanh toán tiền đổ bổ sung dầu cầu xe 15C-180.99 ngày 23/3 | L38: 475000 | O38: =H38+J38+K38+L38+M38+N38 -> 475000 | Q38: =P38-O38 -> -475000
C39: Thanh toán tiền làm chân moóc thay bi , xiết lắp quang nhíp moóc xe 15C-180.99 ngày 4/4 | L39: 1300000 | O39: =H39+J39+K39+L39+M39+N39 -> 1300000 | Q39: =P39-O39 -> -1300000
C40: Mua kìm cắt chì cộng lực cho xe 15C-180.99 | L40: 300000 | O40: =H40+J40+K40+L40+M40+N40 -> 300000 | Q40: =P40-O40 -> -300000
C41: Thanh toán tiền thay van la răng xe 15C-180.99 ngày 6/5 | L41: 200000 | O41: =H41+J41+K41+L41+M41+N41 -> 200000 | Q41: =P41-O41 -> -200000
C42: Thanh toán tiền sửa tổng phanh chia hơi xuống moóc, thay 1 bộ phớt, chế cút đồng ép táo pi 10, 16, 20 xe 15C-180.99 ngày 4/4" | L42: 950000 | O42: =H42+J42+K42+L42+M42+N42 -> 950000 | Q42: =P42-O42 -> -950000
C43: Sửa 1 tổng phanh mooc, 2 bát phanh mooc, thay 2 cút đồng ép táo pi 10, gỡ zoăng bà mặt bích xe 15C-180.99 ngày 22/4 | L43: 600000 | O43: =H43+J43+K43+L43+M43+N43 -> 600000 | Q43: =P43-O43 -> -600000
C44: Thanh toán tiền hệ thống camera giám sát | L44: 4180000 | O44: =H44+J44+K44+L44+M44+N44 -> 4180000 | Q44: =P44-O44 -> -4180000
C45: Thanh toán tiền mua lọc dầu nhớt, lọc nhiên liệu, nước làm mát xe 15C-180.99 | N45: 2335000 | O45: =H45+J45+K45+L45+M45+N45 -> 2335000 | Q45: =P45-O45 -> -2335000
C46: Lương (9 /26 ngày ) | K46: 2761538 | O46: =H46+J46+K46+L46+M46+N46 -> 2761538 | Q46: =P46-O46 -> -2761538
C47: Phí gửi xe | L47: 1200000 | O47: =H47+J47+K47+L47+M47+N47 -> 1200000 | Q47: =P47-O47 -> -1200000
A48: TỔNG CỘNG | G48: =SUM(G8:G47) -> 1224 | H48: =SUM(H8:H47) -> 29416120 | I48: =SUM(I8:I47) -> 0 | J48: =SUM(J8:J47) -> 14980000 | K48: =SUM(K8:K47) -> 2761538 | L48: =SUM(L8:L47) -> 28655000 | M48: =SUM(M8:M47) -> 11540000 | N48: =SUM(N8:N47) -> 5235000 | ... P48: =SUM(P8:P47) -> 74782407 | Q48: =P48-O48 -> -17805251
P50: LK = | Q50: =Q48 -> -17805251

Sheet 04.2022
A1: Bảng theo dõi doanh thu/ chi phí theo phương tiện vận chuyển
A2: Biển số xe: 15C - 180.99
A3: THÁNG 04.2022
A5: STT | B5: Ngày tháng | C5: Diễn giải | D5: Số cont | E5: Tuyến đường vận chuyển | F5: Khoảng cách (km) | G5: Chi phí | I5: Mức TTBQ | J5: Đi đường | K5: Lương lx | L5: Sửa chữa | M5: Lốp | N5: Dầu máy | O5: Tổng chi phí | P5: Cước vận chuyển | Q5: Lợi nhuận gộp
G6: Dầu (l) | H6: Dầu (đồng)
A8: 1 | B8: 44652 | C8: Đóng hàng XK 02/04 | D8: SZLU6002852 | E8: Bãi 1 Lê Thánh Tông, Hải Phòng | G8: 17 | H8: =G8*25080 -> 426360 | J8: 300000 | O8: =H8+J8+K8+L8+M8+N8 -> 726360 | P8: 2000000 | Q8: =P8-O8 -> 1273640
A9: 2 | B9: 44652 | C9: Đóng hàng XK 02/04 | D9: SZLU6000757 | E9: Bãi 1 Lê Thánh Tông, Hải Phòng | H9: =G9*25080 -> 0 | J9: 300000 | O9: =H9+J9+K9+L9+M9+N9 -> 300000 | P9: 2000000 | Q9: =P9-O9 -> 1700000
A10: 3 | B10: 44655 | C10: Trả hàng NK sáng 05/04 | D10: TRHU5021978 | E10: KCN Vân Trung, Việt Yên, Bắc Giang | G10: 87 | H10: =G10*25080 -> 2181960 | J10: 1150000 | O10: =H10+J10+K10+L10+M10+N10 -> 3331960 | P10: 4600000 | Q10: =P10-O10 -> 1268040
A11: 4 | B11: 44656 | C11: Trả hàng Vietsun sáng 06/04 | D11: DRYU9592428 | E11: KCN Tiên Sơn, Bắc Ninh | G11: 79 | H11: =G11*25080 -> 1981320 | J11: 1150000 | O11: =H11+J11+K11+L11+M11+N11 -> 3131320 | P11: 4907778 | Q11: =P11-O11 -> 1776458
A12: 5 | B12: 44658 | C12: Đóng hàng XK 07/04 | D12: BMOU9319285 | E12: Bãi 1 Lê Thánh Tông, Hải Phòng | G12: 17 | H12: =G12*25080 -> 426360 | J12: 300000 | O12: =H12+J12+K12+L12+M12+N12 -> 726360 | P12: 2000000 | Q12: =P12-O12 -> 1273640
A13: 6 | B13: 44658 | C13: Đóng hàng XK 07/04 | D13: FSCU5870595 | E13: Bãi 1 Lê Thánh Tông, Hải Phòng | H13: =G13*25080 -> 0 | J13: 300000 | O13: =H13+J13+K13+L13+M13+N13 -> 300000 | P13: 2000000 | Q13: =P13-O13 -> 1700000
A14: 7 | B14: 44658 | C14: Đóng hàng XK sáng 08/04 | D14: OTPU6142507 | E14: Bãi 1 Lê Thánh Tông, Hải Phòng | G14: 65 | H14: =G14*24380 -> 1584700 | J14: 300000 | O14: =H14+J14+K14+L14+M14+N14 -> 1884700 | P14: 2000000 | Q14: =P14-O14 -> 115300
A15: 8 | B15: 44658 | C15: Trả hàng Vietsun chiều 08/04 | D15: GAOU6143740 | E15: Kho Masan Dị Sử, Hưng Yên | H15: =G15*24380 -> 0 | J15: 790000 | O15: =H15+J15+K15+L15+M15+N15 -> 790000 | P15: 3260000 | Q15: =P15-O15 -> 2470000
A16: 9 | B16: 44659 | C16: Trả hàng NK sáng 09/04 | D16: AXEU6005758 | E16: KCN Vân Trung, Việt Yên, Bắc Giang | G16: 84 | H16: =G16*24380 -> 2047920 | J16: 1150000 | O16: =H16+J16+K16+L16+M16+N16 -> 3197920 | P16: 4600000 | Q16: =P16-O16 -> 1402080
A17: 10 | B17: 44663 | C17: Trả hàng Vietsun sáng 12/04 | D17: GAOU6143165 | E17: Văn Môn, Yên Phong, Bắc Ninh | G17: 99 | H17: =G17*24380 -> 2413620 | J17: 1150000 | O17: =H17+J17+K17+L17+M17+N17 -> 3563620 | P17: 4517778 | Q17: =P17-O17 -> 954158
A18: 11 | B18: 44663 | C18: Đóng hàng KH 12/04 trả 13/04 | D18: GAOU6143165 | E18: Cẩm Giàng, Hải Dương | J18: 600000 | O18: =H18+J18+K18+L18+M18+N18 -> 600000 | P18: 3000000 | Q18: =P18-O18 -> 2400000
A19: 12 | B19: 44664 | C19: Trả hàng NK sáng 14/04 | D19: SMCU1176464 | E19: Lai Cách, Hải Dương | G19: 50 | H19: =G19*24380 -> 1219000 | J19: 700000 | O19: =H19+J19+K19+L19+M19+N19 -> 1919000 | P19: 3200000 | Q19: =P19-O19 -> 1281000
A20: 13 | B20: 44665 | C20: Trả hàng NK sáng 15/04 | D20: ZCSU6729113 | E20: KCN Tây Bắc Ga, Thanh Hóa | G20: 148 | H20: =G20*24380 -> 3608240 | J20: 1000000 | O20: =H20+J20+K20+L20+M20+N20 -> 4608240 | P20: 7000000 | Q20: =P20-O20 -> 2391760
A21: 14 | B21: 44667 | C21: Trả hàng NK sáng 16/04 | D21: ZSCU7536058 | E21: Từ Sơn, Bắc Ninh | G21: 92 | H21: =G21*24380 -> 2242960 | J21: 1150000 | O21: =H21+J21+K21+L21+M21+N21 -> 3392960 | P21: 4800000 | Q21: =P21-O21 -> 1407040
A22: 15 | B22: 44670 | C22: Đóng hàng XK sáng 19/04 | D22: RXTU4508830 | E22: Như Quỳnh, Văn Lâm, Hưng Yên | G22: 70 | H22: =G22*24380 -> 1706600 | J22: 1150000 | O22: =H22+J22+K22+L22+M22+N22 -> 2856600 | P22: 4000000 | Q22: =P22-O22 -> 1143400
A23: 16 | B23: 44670 | C23: Đóng hàng chè sáng 20/04 | D23: TRHU6590407 | E23: Bình Xuyên, Vĩnh Phúc | G23: 113 | H23: =G23*25350 -> 2864550 | J23: 1150000 | O23: =H23+J23+K23+L23+M23+N23 -> 4014550 | P23: 5750000 | Q23: =P23-O23 -> 1735450
A24: 17 | B24: 44671 | C24: Đóng hàng chè sáng 21/04 | D24: BEAU5895729 | E24: Tân Lập, Mộc Châu, Sơn La | G24: 253 | H24: =G24*25350 -> 6413550 | J24: 2740000 | O24: =H24+J24+K24+L24+M24+N24 -> 9153550 | P24: 14636364 | Q24: =P24-O24 -> 5482814
A25: 18 | B25: 44673 | C25: Đóng hàng XK sáng 22/04 | D25: KMTU9323018 | E25: Phong Khê, Bắc Ninh | G25: 79 | H25: =G25*25350 -> 2002650 | J25: 1150000 | O25: =H25+J25+K25+L25+M25+N25 -> 3152650 | P25: 4700000 | Q25: =P25-O25 -> 1547350
A26: 19 | B26: 44673 | C26: Trả hàng NK sáng 23/04 | D26: TCNU8846860 | E26: Ngũ Hiệp, Thanh Trì, Hà Nội | G26: 124 | H26: =G26*25350 -> 3143400 | J26: 1150000 | O26: =H26+J26+K26+L26+M26+N26 -> 4293400 | P26: 6200000 | Q26: =P26-O26 -> 1906600
A27: 20 | B27: 44674 | C27: Đóng hàng KH chiều 23/04 | D27: TCNU8846860 | E27: Phúc Yên, Vĩnh Phúc | H27: =G27*25350 -> 0 | J27: 380000 | O27: =H27+J27+K27+L27+M27+N27 -> 380000 | P27: 0 | Q27: =P27-O27 -> -380000
A28: 21 | B28: 44676 | C28: Trả hàng Vietsun sáng 25/04 | D28: TCNU6672862 | E28: KCN Quế Võ, Bắc Ninh | G28: 72 | H28: =G28*25350 -> 1825200 | J28: 1150000 | O28: =H28+J28+K28+L28+M28+N28 -> 2975200 | P28: 4420000 | Q28: =P28-O28 -> 1444800
A29: 22 | B29: 44676 | C29: Trả hàng NK sáng 26/04 | D29: APZU4839050 | E29: KCN VSIP Bắc Ninh | G29: 86 | H29: =G29*25350 -> 2180100 | J29: 1150000 | O29: =H29+J29+K29+L29+M29+N29 -> 3330100 | P29: 4600000 | Q29: =P29-O29 -> 1269900
A30: 23 | B30: 44678 | C30: Trả hàng NK sáng 27/04 | D30: BMOU6854591 | E30: Yên Mỹ, Hưng Yên | G30: 66 | H30: =G30*25350 -> 1673100 | J30: 790000 | O30: =H30+J30+K30+L30+M30+N30 -> 2463100 | P30: 3500000 | Q30: =P30-O30 -> 1036900
A31: 24 | B31: 44678 | C31: Đóng hàng chè sáng 28/04 | D31: DFSU3050673 | E31: Tân Lập, Mộc Châu, Sơn La | G31: 258 | H31: =G31*25350 -> 6540300 | J31: 2740000 | O31: =H31+J31+K31+L31+M31+N31 -> 9280300 | P31: 8842593 | Q31: =P31-O31 -> -437707
A32: 25 | B32: 44678 | C32: Đóng hàng chè sáng 28/04 | D32: WHSU2383013 | E32: Tân Lập, Mộc Châu, Sơn La | H32: =G32*25350 -> 0 | J32: 300000 | O32: =H32+J32+K32+L32+M32+N32 -> 300000 | P32: 8842593 | Q32: =P32-O32 -> 8542593
A33: 26 | B33: 44679 | C33: Trả hàng Vietsun sáng 29/04 | D33: TCNU4595767 | E33: Bỉm Sơn, Thanh Hóa + KCN Nam Xá, TP. Nam Định | G33: 126 | H33: =G33*25350 -> 3194100 | J33: 1200000 | O33: =H33+J33+K33+L33+M33+N33 -> 4394100 | P33: 7676296 | Q33: =P33-O33 -> 3282196
O34: =H34+J34+K34+L34+M34+N34 -> 0
C35: Lương lx | K35: 8000000 | O35: =H35+J35+K35+L35+M35+N35 -> 8000000
C36: Phí gửi xe | L36: 1200000 | O36: =H36+J36+K36+L36+M36+N36 -> 1200000
A37: TỔNG CỘNG | G37: =SUM(G8:G36) -> 1985 | H37: =SUM(H7:H36) -> 49675990 | I37: =SUM(I7:I36) -> 0 | J37: =SUM(J7:J36) -> 25390000 | K37: =SUM(K7:K36) -> 8000000 | L37: =SUM(L7:L36) -> 1200000 | M37: =SUM(M7:M36) -> 0 | N37: =SUM(N7:N36) -> 0 | O37: =SUM(O8:O36) -> 84265990 | P37: =SUM(P8:P36) -> 123053402 | Q37: =P37-O37 -> 38787412
P39: LK = | Q39: ='03.2022'!Q50+'04.2022'!Q37 -> 20982161

Sheet 05.2022
A1: Bảng theo dõi doanh thu/ chi phí theo phương tiện vận chuyển
A2: Biển số xe: 15C - 180.99
A3: THÁNG 05.2022
A5: STT | B5: Ngày tháng | C5: Diễn giải | D5: Số cont | E5: Tuyến đường vận chuyển | F5: Khoảng cách (km) | G5: Chi phí | I5: Mức TTBQ | J5: Đi đường | K5: Lương lx | L5: Sửa chữa | M5: Lốp | N5: Dầu máy | O5: Tổng chi phí | P5: Cước vận chuyển | Q5: Lợi nhuận gộp
G6: Dầu (l) | H6: Dầu (đồng)
A8: 1 | B8: 44684 | C8: Trả hàng Vietsun sáng 04/05 | D8: DRYU9592921 | E8: Kho DHL - Samsung, KCN VSIP Bắc Ninh | G8: 80 | H8: =G8*25530 -> 2042400 | J8: 1150000 | O8: =H8+J8+K8+L8+M8+N8 -> 3192400 | P8: 4517778 | Q8: =P8-O8 -> 1325378
A9: 2 | B9: 44685 | C9: Trả hàng NK sáng 05/05 | D9: FCIU7233940 | E9: Hải Bối, Đông Anh, Hà Nội | G9: 87 | H9: =G9*25530 -> 2221110 | J9: 1150000 | O9: =H9+J9+K9+L9+M9+N9 -> 3371110 | P9: 4700000 | Q9: =P9-O9 -> 1328890
A10: 3 | B10: 44686 | C10: Trả hàng NK sáng 06/05 | D10: CAIU4415516 | E10: Trưng Trắc, Văn Lâm, Hưng Yên | G10: 71 | H10: =G10*25530 -> 1812630 | J10: 790000 | O10: =H10+J10+K10+L10+M10+N10 -> 2602630 | P10: 3700000 | Q10: =P10-O10 -> 1097370
A11: 4 | B11: 44688 | C11: Trả hàng NK sáng 07/05 | D11: HLXU5342380 | E11: Nguyên Khê, Đông Anh, Hà Nội | G11: 91 | H11: =G11*25530 -> 2323230 | J11: 1150000 | O11: =H11+J11+K11+L11+M11+N11 -> 3473230 | P11: 4700000 | Q11: =P11-O11 -> 1226770
A12: 5 | B12: 44690 | C12: Trả hàng NK sáng 09/05 | D12: JXLU7840570 | E12: KCN Tiên Sơn, Bắc Ninh | G12: 93 | H12: =G12*25530 -> 2374290 | J12: 1150000 | O12: =H12+J12+K12+L12+M12+N12 -> 3524290 | P12: 4800000 | Q12: =P12-O12 -> 1275710
A13: 6 | B13: 44690 | C13: Trả hàng NK sáng 10/05 | D13: ZCSU7195861 | E13: KCN Tây Bắc Ga, Thanh Hóa | G13: 149 | H13: =G13*25530 -> 3803970 | J13: 1000000 | O13: =H13+J13+K13+L13+M13+N13 -> 4803970 | P13: 6900000 | Q13: =P13-O13 -> 2096030
A14: 7 | B14: 44691 | C14: Trả hàng NK sáng 11/05 | D14: ZCSU7562680 | E14: KCN Tây Bắc Ga, Thanh Hóa | G14: 149 | H14: =G14*26650 -> 3970850 | J14: 1000000 | O14: =H14+J14+K14+L14+M14+N14 -> 4970850 | P14: 6900000 | Q14: =P14-O14 -> 1929150
A15: 8 | B15: 44692 | C15: Đóng hàng chè sáng 12/05 | D15: SEGU5303930 | E15: Bình Xuyên, Vĩnh Phúc | G15: 111 | H15: =G15*26650 -> 2958150 | J15: 1150000 | O15: =H15+J15+K15+L15+M15+N15 -> 4108150 | P15: 5850000 | Q15: =P15-O15 -> 1741850
A16: 9 | B16: 44693 | C16: Trả hàng NK sáng 13/05 | D16: BMOU5229497 | E16: Sài Đồng, Long Biên, Hà Nội | G16: 76 | H16: =G16*26650 -> 2025400 | J16: 1150000 | O16: =H16+J16+K16+L16+M16+N16 -> 3175400 | P16: 4400000 | Q16: =P16-O16 -> 1224600
A17: 10 | B17: 44695 | C17: Trả hàng NK đêm 13/05 | D17: TGBU4844849 | E17: cầu Thanh Trì, Hà Nội | G17: 80 | H17: =G17*26650 -> 2132000 | J17: 1150000 | O17: =H17+J17+K17+L17+M17+N17 -> 3282000 | P17: 4600000 | Q17: =P17-O17 -> 1318000
A18: 11 | B18: 44698 | C18: Trả hàng NK chiều 17/05 | D18: SUDU7756642 | E18: Nam Sách, Hải Dương | G18: 51 | H18: =G18*26650 -> 1359150 | J18: 700000 | O18: =H18+J18+K18+L18+M18+N18 -> 2059150 | P18: 3300000 | Q18: =P18-O18 -> 1240850
A19: 12 | B19: 44698 | C19: Trả hàng NK sáng 18/05 | D19: TGBU2068509 | E19: KCN Phú Nghĩa, Chương Mỹ, Hà Nội | G19: 102 | H19: =G19*26650 -> 2718300 | J19: 1150000 | O19: =H19+J19+K19+L19+M19+N19 -> 3868300 | P19: 4700000 | Q19: =P19-O19 -> 831700
A20: 13 | B20: 44700 | C20: Đóng hàng chè sáng 19/05 | D20: TGBU4911931 | E20: Mỹ Bằng, Yên Sơn, Tuyên Quang | G20: 180 | H20: =G20*26650 -> 4797000 | J20: 1890000 | O20: =H20+J20+K20+L20+M20+N20 -> 6687000 | P20: 9716667 | Q20: =P20-O20 -> 3029667
A21: 14 | B21: 44700 | C21: Đóng hàng chè sáng 20/05 | D21: TGCU5032801 | E21: Bình Xuyên, Vĩnh Phúc | G21: 111 | H21: =G21*26650 -> 2958150 | J21: 1150000 | O21: =H21+J21+K21+L21+M21+N21 -> 4108150 | P21: 5980000 | Q21: =P21-O21 -> 1871850
A22: 15 | B22: 44701 | C22: Trả hàng NK sáng 21/05 | D22: TCNU5577557 | E22: Ngọc Long, Yên Mỹ, Hưng Yên | G22: 83 | H22: =G22*26650 -> 2211950 | J22: 790000 | O22: =H22+J22+K22+L22+M22+N22 -> 3001950 | P22: 3800000 | Q22: =P22-O22 -> 798050
A23: 16 | B23: 44704 | C23: Trả hàng Vietsun sáng 23/05 | D23: DRYU6672270 | E23: KCN Quang Minh 2, Mê Linh, Hà Nội | G23: 98 | H23: =G23*25550 -> 2503900 | J23: 1150000 | O23: =H23+J23+K23+L23+M23+N23 -> 3653900 | P23: 4180000 | Q23: =P23-O23 -> 526100
A24: 17 | B24: 44704 | C24: Đóng hàng chè sáng 24/05 | D24: TCNU4070104 | E24: Bình Xuyên, Vĩnh Phúc | G24: 111 | H24: =G24*25550 -> 2836050 | J24: 1150000 | O24: =H24+J24+K24+L24+M24+N24 -> 3986050 | P24: 5980000 | Q24: =P24-O24 -> 1993950
A25: 18 | B25: 44706 | C25: Trả hàng NK sáng 25/05 | D25: TRHU8584039 | E25: KCN VSIP Bắc Ninh | G25: 100 | H25: =G25*25550 -> 2555000 | J25: 1150000 | O25: =H25+J25+K25+L25+M25+N25 -> 3705000 | P25: 4900000 | Q25: =P25-O25 -> 1195000
A26: 19 | B26: 44706 | C26: Trả hàng Vietsun sáng 26/05 | D26: HMMU6459580 | E26: KCN Phú Thụy, Gia Lâm, Hà Nội | G26: 73 | H26: =G26*25550 -> 1865150 | J26: 1150000 | O26: =H26+J26+K26+L26+M26+N26 -> 3015150 | P26: 4110000 | Q26: =P26-O26 -> 1094850
A27: 20 | B27: 44707 | C27: Trả hàng NK sáng 27/05 | D27: KMTU9353326 | E27: Dân Hòa, Kỳ Sơn, Hòa Bình | G27: 129 | H27: =G27*25550 -> 3295950 | J27: 1610000 | O27: =H27+J27+K27+L27+M27+N27 -> 4905950 | P27: 6250000 | Q27: =P27-O27 -> 1344050
A28: 21 | B28: 44708 | C28: Trả hàng Vietsun sáng 28/05 | D28: TCNU4785896 | E28: Kho DHL - Samsung, KCN VSIP Bắc Ninh | G28: 80 | H28: =G28*25550 -> 2044000 | J28: 1150000 | O28: =H28+J28+K28+L28+M28+N28 -> 3194000 | P28: 4517778 | Q28: =P28-O28 -> 1323778
O29: =H29+J29+K29+L29+M29+N29 -> 0
C30: Mua kìm cắt chì cộng lực cho xe 15C-180.99 | L30: 300000 | O30: =H30+J30+K30+L30+M30+N30 -> 300000
C31: Thanh toán tiền thay van la răng xe 15C-180.99 ngày 6/5 | L31: 200000 | O31: =H31+J31+K31+L31+M31+N31 -> 200000
C32: Thanh toán tiền làm lốp đầu kéo xe 15C-180.99 ngày 12/5 | L32: 300000 | O32: =H32+J32+K32+L32+M32+N32 -> 300000
C33: Thanh toán tiền đăng kiểm xe 15C-180.99 | L33: 8249000 | O33: =H33+J33+K33+L33+M33+N33 -> 8249000
C34: Chi tiền ngoài đăng kiểm xe 15C-180.99 | L34: 300000 | O34: =H34+J34+K34+L34+M34+N34 -> 300000
C35: Lương lx (24/26) | K35: 7400000 | O35: =H35+J35+K35+L35+M35+N35 -> 7400000
C36: Phí gửi xe | L36: 1200000 | O36: =H36+J36+K36+L36+M36+N36 -> 1200000
A37: TỔNG CỘNG | G37: =SUM(G8:G36) -> 2105 | H37: =SUM(H7:H36) -> 54808630 | I37: =SUM(I7:I36) -> 0 | J37: =SUM(J7:J36) -> 23880000 | K37: =SUM(K7:K36) -> 7400000 | L37: =SUM(L7:L36) -> 10549000 | M37: =SUM(M7:M36) -> 0 | N37: =SUM(N7:N36) -> 0 | O37: =SUM(O8:O36) -> 96637630 | P37: =SUM(P8:P36) -> 108502223 | Q37: =P37-O37 -> 11864593
P39: LK = | Q39: ='04.2022'!Q39+'05.2022'!Q37 -> 32846754

Sheet 06.2022
A1: Bảng theo dõi doanh thu/ chi phí theo phương tiện vận chuyển
A2: Biển số xe: 15C - 180.99
A3: THÁNG 06.2022
A5: STT | B5: Ngày tháng | C5: Diễn giải | D5: Số cont | E5: Tuyến đường vận chuyển | F5: Khoảng cách (km) | G5: Chi phí | I5: Mức TTBQ | J5: Đi đường | K5: Lương lx | L5: Sửa chữa | M5: Lốp | N5: Dầu máy | O5: Tổng chi phí | P5: Cước vận chuyển | Q5: Lợi nhuận gộp
G6: Dầu (l) | H6: Dầu (đồng)
A8: 1 | B8: 44713 | C8: Trả hàng NK sáng 02/06 | D8: WHLU0350611 | E8: Yên Mỹ, Hưng Yên | G8: 85 | H8: =G8*26390 -> 2243150 | J8: 430000 | O8: =H8+J8+K8+L8+M8+N8 -> 2673150 | P8: 4400000 | Q8: =P8-O8 -> 1726850
A9: 2 | B9: 44714 | C9: Trả hàng NK sáng 03/06 | D9: HSLU5005764 | E9: KCN Quế Võ, Bắc Ninh | G9: 67 | H9: =G9*26390 -> 1768130 | J9: 790000 | O9: =H9+J9+K9+L9+M9+N9 -> 2558130 | P9: 4300000 | Q9: =P9-O9 -> 1741870
A10: 3 | B10: 44716 | C10: Trả hàng NK sáng 04/06 | D10: BMOU2152940 | E10: TT. Lai Cách, Cẩm Giàng, Hải Dương | G10: 60 | H10: =G10*26390 -> 1583400 | J10: 340000 | O10: =H10+J10+K10+L10+M10+N10 -> 1923400 | P10: 3700000 | Q10: =P10-O10 -> 1776600
A11: 4 | B11: 44720 | C11: Đóng hàng chè sáng 09/06 | D11: WHSU2813747 | E11: Thuận Châu, Sơn La | G11: 340 | H11: =G11*26390 -> 8972600 | J11: 3460000 | O11: =H11+J11+K11+L11+M11+N11 -> 12432600 | P11: 19768519 | Q11: =P11-O11 -> 7335919
A12: 5 | B12: 44722 | C12: Đóng hàng chè sáng 11/06 | D12: BEAU4577699 | E12: Bình Xuyên, Vĩnh Phúc | G12: 111 | H12: =G12*29020 -> 3221220 | J12: 790000 | O12: =H12+J12+K12+L12+M12+N12 -> 4011220 | P12: 5980000 | Q12: =P12-O12 -> 1968780
A13: 6 | B13: 44723 | C13: Đóng hàng chè sáng 13/06 | D13: TGBU6457978 | E13: Bình Xuyên, Vĩnh Phúc | G13: 111 | H13: =G13*29020 -> 3221220 | J13: 790000 | O13: =H13+J13+K13+L13+M13+N13 -> 4011220 | P13: 5980000 | Q13: =P13-O13 -> 1968780
A14: 7 | B14: 44725 | C14: Đóng hàng chè sáng 14/06 | D14: WHLU5820180 | E14: TT Trần Phú, Văn Chấn, Yên Bái | G14: 180 | H14: =G14*29020 -> 5223600 | J14: 1530000 | O14: =H14+J14+K14+L14+M14+N14 -> 6753600 | P14: 11666667 | Q14: =P14-O14 -> 4913067
A15: 8 | B15: 44726 | C15: Đóng hàng XK sáng 15/06 | D15: YMLU5717338 | E15: KCN Phố Nối A, Văn Lâm, Hưng Yên | G15: 77 | H15: =G15*29020 -> 2234540 | J15: 430000 | O15: =H15+J15+K15+L15+M15+N15 -> 2664540 | P15: 4000000 | Q15: =P15-O15 -> 1335460
A16: 9 | B16: 44727 | C16: Đóng hàng chè sáng 16/06 | D16: TEMU7628930 | E16: TT. Phong Hải, Bảo Thắng, Lào Cai | G16: 278 | H16: =G16*29020 -> 8067560 | J16: 3940000 | O16: =H16+J16+K16+L16+M16+N16 -> 12007560 | P16: 16342593 | Q16: =P16-O16 -> 4335033
A17: 10 | B17: 44729 | C17: Đóng hàng XK chiều 17/06 | D17: TRHU5979565 | E17: KCN Đồng Văn, Hà Nam | G17: 91 | H17: =G17*29020 -> 2640820 | J17: 430000 | O17: =H17+J17+K17+L17+M17+N17 -> 3070820 | P17: 4700000 | Q17: =P17-O17 -> 1629180
A18: 11 | B18: 44732 | C18: Đóng hàng chè sáng 20/06 | D18: YMLU8714121 | E18: Bình Xuyên, Vĩnh Phúc | G18: 111 | H18: =G18*29020 -> 3221220 | J18: 790000 | O18: =H18+J18+K18+L18+M18+N18 -> 4011220 | P18: 6200000 | Q18: =P18-O18 -> 2188780
A19: 12 | B19: 44733 | C19: Trả hàng NK sáng 21/06 | D19: WHSU2545182 | E19: KCN Tam Quang, Vũ Thư, Thái Bình | G19: 68 | H19: =G19*30010 -> 2040680 | J19: =790000-360000 -> 430000 | O19: =H19+J19+K19+L19+M19+N19 -> 2470680 | P19: 4000000 | Q19: =P19-O19 -> 1529320
A20: 13 | B20: 44733 | C20: Trả hàng NK sáng 22/06 | D20: SUDU1950326 | E20: Yên Mỹ, Hưng Yên | G20: 73 | H20: =G20*30010 -> 2190730 | J20: 430000 | O20: =H20+J20+K20+L20+M20+N20 -> 2620730 | P20: 4250000 | Q20: =P20-O20 -> 1629270
A21: 14 | B21: 44734 | C21: Đóng hàng chè sáng 23/06 | D21: BMOU6148342 | E21: TT. Phong Hải, Bảo Thắng, Lào Cai | G21: 278 | H21: =G21*30010 -> 8342780 | J21: 3940000 | O21: =H21+J21+K21+L21+M21+N21 -> 12282780 | P21: 16583333 | Q21: =P21-O21 -> 4300553
A22: 15 | B22: 44735 | C22: Trả hàng NK sáng 24/06 | D22: INKU6462055 | E22: Phổ Yên, Thái Nguyên | G22: 115 | H22: =G22*30010 -> 3451150 | J22: 830000 | O22: =H22+J22+K22+L22+M22+N22 -> 4281150 | P22: 6800000 | Q22: =P22-O22 -> 2518850
A23: 16 | B23: 44740 | C23: Trả hàng Vietsun sáng 28/06 | D23: DRYU9877694 | E23: Số 18, Trần Thái Tông, TP. Thái Bình | G23: 57 | H23: =G23*30010 -> 1710570 | J23: 430000 | O23: =H23+J23+K23+L23+M23+N23 -> 2140570 | P23: 3966296 | Q23: =P23-O23 -> 1825726
A24: 17 | B24: 44740 | C24: Đóng hàng chè sáng 29/06 | D24: YMMU6409164 | E24: Mộc Châu, Sơn La | G24: 240 | H24: =G24*30010 -> 7202400 | J24: 2020000 | O24: =H24+J24+K24+L24+M24+N24 -> 9222400 | P24: 15925926 | Q24: =P24-O24 -> 6703526
A25: 18 | B25: 44741 | C25: Trả hàng NK sáng 30/06 | D25: NLLU9009870 | E25: KCN Tam Quang, Vũ Thư, Thái Bình | G25: 68 | H25: =G25*29610 -> 2013480 | J25: 430000 | O25: =H25+J25+K25+L25+M25+N25 -> 2443480 | P25: 4000000 | Q25: =P25-O25 -> 1556520
O26: =H26+J26+K26+L26+M26+N26 -> 0
C27: Thanh toán tiền đấu lại cụm zắc đèn pha xe 15C-180.99 | L27: 150000 | O27: =H27+J27+K27+L27+M27+N27 -> 150000
C28: Thanh toán tiền thay RL xe 15C-180.99 | L28: 400000 | O28: =H28+J28+K28+L28+M28+N28 -> 400000
C29: Thanh toán tiền mua đinh công xe 15C-180.99 | L29: 280000 | O29: =H29+J29+K29+L29+M29+N29 -> 280000
C30: Thanh toán tiền sửa xe 15C-180.99 ( thông xúc két gió, phục hồi tăng áp ....) | L30: 24700000 | O30: =H30+J30+K30+L30+M30+N30 -> 24700000
C31: Chi tiền cứu hộ + thay 2 lốp cho xe 15C-180.99 | L31: 400000 | O31: =H31+J31+K31+L31+M31+N31 -> 400000
C32: Thanh toán tiền bơm mỡ xe15C-180.99 | L32: 200000 | O32: =H32+J32+K32+L32+M32+N32 -> 200000
C33: Thanh toán tiền mua bóng 906, tiền đảo lốp 2 cầu xe 15C-180.99 | L33: 180000 | O33: =H33+J33+K33+L33+M33+N33 -> 180000
C34: Thanh toán tiền mua tua vít xe 15C-180.99 ngày 19/6 | L34: 35000 | O34: =H34+J34+K34+L34+M34+N34 -> 35000
C35: Thanh toán tiền mua 1 bì tì, đóng bạc 3 ngang dọc, át actizo + công thợ xe 15C-180.99 ngày 26/6 | L35: 3280000 | O35: =H35+J35+K35+L35+M35+N35 -> 3280000
C36: Thanh toán công thay phớt, mua 2 vòng bi mayơ, phớt may ơ lái, dầu cầu xe 15C-180.99 ngày 15/6 | L36: 1400000 | O36: =H36+J36+K36+L36+M36+N36 -> 1400000
C37: Thanh toán tiền mua dầu total Rubia Tir 7400 cho xe 15C-136.31, 15C-139.82, 15C-070.63,15C180.99 ngày 13/6 | N37: 3250000 | O37: =H37+J37+K37+L37+M37+N37 -> 3250000
C38: Thanh toán tiền mua 4 lốp 295/75R22,5 ca su xe 15C-180.99 ngày 12-15/6 | M38: 19600000 | O38: =H38+J38+K38+L38+M38+N38 -> 19600000
C39: Thanh toán tiền lọc nhiên liệu, lọc nhớt, cốc lọc, lọc nhiên liệu tách nước xe 15C-180.99 ngày 13/6 | L39: 2311200 | O39: =H39+J39+K39+L39+M39+N39 -> 2311200
C40: Tiền vé trạm thu phí Epass | K40: 7394000 | O40: =H40+J40+K40+L40+M40+N40 -> 7394000
C41: Thanh toán tiền thay 1 ống tuy ô phanh bánh lái, 1 bát phanh lốc kè lái xe 15C-180.99 ngày 30/6 | L41: 350000 | O41: =H41+J41+K41+L41+M41+N41 -> 350000
C42: Lương lx (24/26) + tiền sinh nhật | K42: 7900000 | O42: =H42+J42+K42+L42+M42+N42 -> 7900000
C43: Phí gửi xe | L43: 1200000 | O43: =H43+J43+K43+L43+M43+N43 -> 1200000
A44: TỔNG CỘNG | G44: =SUM(G8:G43) -> 2410 | H44: =SUM(H7:H43) -> 69349250 | I44: =SUM(I7:I43) -> 0 | J44: =SUM(J7:J43) -> 22230000 | K44: =SUM(K7:K43) -> 15294000 | L44: =SUM(L7:L43) -> 34886200 | M44: =SUM(M7:M43) -> 19600000 | N44: =SUM(N7:N43) -> 3250000 | O44: =SUM(O8:O43) -> 164609450 | P44: =SUM(P8:P43) -> 142563334 | Q44: =P44-O44 -> -22046116
P46: LK = | Q46: ='05.2022'!Q39+'06.2022'!Q44 -> 10800638

Sheet 07.2022
A1: Bảng theo dõi doanh thu/ chi phí theo phương tiện vận chuyển
A2: Biển số xe: 15C - 180.99
A3: THÁNG 07.2022
A5: STT | B5: Ngày tháng | C5: Diễn giải | D5: Số cont | E5: Tuyến đường vận chuyển | F5: Khoảng cách (km) | G5: Chi phí | I5: Mức TTBQ | J5: Đi đường | K5: Lương lx | L5: Sửa chữa | M5: Lốp | N5: Dầu máy | O5: Tổng chi phí | P5: Cước vận chuyển | Q5: Lợi nhuận gộp
G6: Dầu (l) | H6: Dầu (đồng)
A8: 1 | B8: 44742 | C8: Trả hàng NK sáng 01/07 | D8: FSCU5340445 | E8: Km 12, đường Ngọc Hồi, Thanh Trì, Hà Nội | G8: 85 | H8: =G8*29610 -> 2516850 | J8: 890000 | O8: =H8+J8+K8+L8+M8+N8 -> 3406850 | P8: 5400000 | Q8: =P8-O8 -> 1993150
A9: 2 | B9: 44748 | C9: Trả hàng Vietsun sáng 02/07 | D9: DRYU9961634 | E9: KCN Phố Nối A, Văn Lâm, Hưng Yên | G9: 62 | H9: =G9*29610 -> 1835820 | J9: 430000 | O9: =H9+J9+K9+L9+M9+N9 -> 2265820 | P9: 3680000 | Q9: =P9-O9 -> 1414180
A10: 3 | B10: 44748 | C10: Đóng hàng chè sáng 07/07 | D10: TCNU1082354 | E10: Bình Xuyên, Vĩnh Phúc | G10: 111 | H10: =G10*29610 -> 3286710 | J10: 790000 | O10: =H10+J10+K10+L10+M10+N10 -> 4076710 | P10: 6250000 | Q10: =P10-O10 -> 2173290
A11: 4 | B11: 44749 | C11: Trả hàng NK sáng 08/07 | D11: SEGU4565576 | E11: Hưng Thịnh, Bình Giang, Hải Dương | G11: 59 | H11: =G11*29610 -> 1746990 | J11: 340000 | O11: =H11+J11+K11+L11+M11+N11 -> 2086990 | P11: 3400000 | Q11: =P11-O11 -> 1313010
A12: 5 | B12: 44750 | C12: Trả hàng Vietsun sáng 09/07 | D12: CAIU4667884 | E12: Cẩm Giàng, Hải Dương | G12: 52 | H12: =G12*29610 -> 1539720 | J12: 340000 | O12: =H12+J12+K12+L12+M12+N12 -> 1879720 | P12: 3349259 | Q12: =P12-O12 -> 1469539
A13: 6 | B13: 44751 | C13: Đóng hàng chè sáng 10/07 - 11/07 | D13: TCNU1854139 | E13: Bản Bo, TP. Tam Đường, Lai Châu | G13: 383 | H13: =G13*29610 -> 11340630 | J13: =4940000+400000 -> 5340000 | O13: =H13+J13+K13+L13+M13+N13 -> 16680630 | P13: 25000000 | Q13: =P13-O13 -> 8319370
A14: 7 | B14: 44754 | C14: Đóng hàng XK sáng 13/07 | D14: WHSU6607045 | E14: Phổ Yên, Thái Nguyên | G14: 113 | H14: =G14*26590 -> 3004670 | J14: 830000 | O14: =H14+J14+K14+L14+M14+N14 -> 3834670 | P14: 5400000 | Q14: =P14-O14 -> 1565330
A15: 8 | B15: 44755 | C15: Trả hàng NK sáng 14/07 | D15: TLLU8678080 | E15: KCN VSIP Bắc Ninh | G15: 84 | H15: =G15*26590 -> 2233560 | J15: 790000 | O15: =H15+J15+K15+L15+M15+N15 -> 3023560 | P15: 4600000 | Q15: =P15-O15 -> 1576440
A16: 9 | B16: 44756 | C16: Trả hàng NK sáng 15/07 | D16: TRHU4125957 | E16: KCN VSIP Bắc Ninh | G16: 84 | H16: =G16*26590 -> 2233560 | J16: 790000 | O16: =H16+J16+K16+L16+M16+N16 -> 3023560 | P16: 4600000 | Q16: =P16-O16 -> 1576440
A17: 10 | B17: 44757 | C17: Đóng hàng chè sáng 16/07 | D17: OCGU8051618 | E17: Bình Xuyên, Vĩnh Phúc | G17: 111 | H17: =G17*26590 -> 2951490 | J17: 790000 | O17: =H17+J17+K17+L17+M17+N17 -> 3741490 | P17: 5900000 | Q17: =P17-O17 -> 2158510
A18: 11 | B18: 44761 | C18: Đóng hàng chè sáng 19/07 | D18: SEGU6140652 | E18: Phù Ninh, Phú Thọ | G18: 147 | H18: =G18*26590 -> 3908730 | J18: 1240000 | O18: =H18+J18+K18+L18+M18+N18 -> 5148730 | P18: 7300000 | Q18: =P18-O18 -> 2151270
A19: 12 | B19: 44762 | C19: Đóng hàng chè sáng 20/07 | D19: TGBU5092978 | E19: Bình Xuyên, Vĩnh Phúc | G19: 111 | H19: =G19*26590 -> 2951490 | J19: 790000 | O19: =H19+J19+K19+L19+M19+N19 -> 3741490 | P19: 5900000 | Q19: =P19-O19 -> 2158510
A20: 13 | B20: 44762 | C20: Đóng hàng chè sáng 21/07 | D20: FBLU0064991 | E20: Mỹ Bằng, Yên Sơn, Tuyên Quang | G20: 193 | H20: =G20*24850 -> 4796050 | J20: 1530000 | O20: =H20+J20+K20+L20+M20+N20 -> 6326050 | P20: 10124074 | Q20: =P20-O20 -> 3798024
A21: 14 | B21: 44764 | C21: Đóng hàng XK sáng 22/07 | D21: FCIU7413979 | E21: KCN Phố Nối A, Văn Lâm, Hưng Yên | G21: 78 | H21: =G21*24850 -> 1938300 | J21: 430000 | O21: =H21+J21+K21+L21+M21+N21 -> 2368300 | P21: 4000000 | Q21: =P21-O21 -> 1631700
A22: 15 | B22: 44764 | C22: Đóng hàng chè sáng 23/07 | D22: OCGU8019025 | E22: Mộc Châu, Sơn La | G22: 240 | H22: =G22*24850 -> 5964000 | J22: 2020000 | O22: =H22+J22+K22+L22+M22+N22 -> 7984000 | P22: 14814815 | Q22: =P22-O22 -> 6830815
A23: 16 | B23: 44767 | C23: Đóng hàng chè chiều 26/07 | D23: GESU5292960 | E23: Mỹ Bằng, Yên Sơn, Tuyên Quang | G23: 193 | H23: =G23*24850 -> 4796050 | J23: 1530000 | O23: =H23+J23+K23+L23+M23+N23 -> 6326050 | P23: 9846296 | Q23: =P23-O23 -> 3520246
A24: 17 | B24: 44768 | C24: Trả hàng Vietsun sáng 27/07 | D24: GAOU6506614 | E24: Cargill Phố Nối, Hưng Yên | G24: 62 | H24: =G24*24850 -> 1540700 | J24: 430000 | O24: =H24+J24+K24+L24+M24+N24 -> 1970700 | P24: 3520000 | Q24: =P24-O24 -> 1549300
A25: 18 | B25: 44770 | C25: Trả hàng NK chiều 28/07 - 29/07 | D25: OOLU1540124 | E25: Mỹ Bằng, Yên Sơn, Tuyên Quang | G25: 193 | H25: =G25*24850 -> 4796050 | J25: 1530000 | O25: =H25+J25+K25+L25+M25+N25 -> 6326050 | P25: 9475926 | Q25: =P25-O25 -> 3149876
A26: 19 | B26: 44771 | C26: Trả hàng NK sáng 30/07 | D26: FSCU4745942 | E26: Kiêu Kỵ, Gia Lâm, Hà Nội | G26: 85 | H26: =G26*23900 -> 2031500 | J26: 790000 | O26: =H26+J26+K26+L26+M26+N26 -> 2821500 | P26: 4400000 | Q26: =P26-O26 -> 1578500
C27: Thanh toán tiền mua đèn hậu led, còi hơi xe 15C-180.99 | L27: 850000 | O27: =SUM(K27:N27) -> 850000
C28: Thanh toán tiền công thay lốp xe 15C-180.99 ngày 7/7 | M28: 100000 | O28: =SUM(K28:N28) -> 100000
C29: Thanh toán tiền đảo lốp xe 15C-180.99 ngày 8/7 | M29: 100000 | O29: =SUM(K29:N29) -> 100000
C30: Thanh toán tiền làm lốp, thay săm xe 15C-180.99 ngày 23/7 | M30: 500000 | O30: =SUM(K30:N30) -> 500000
C31: Mua phớt mayơ lái, bảo dưỡng 2 mayơ moóc, mỡ 4 cân, nắp mayơ, đường ống nước xe 15C-180.99 ngày 25/7 | M31: 1540000 | O31: =SUM(K31:N31) -> 1540000
C32: Tiền vé trạm thu phí Epass | K32: 6903000 | O32: =SUM(K32:N32) -> 6903000
C33: Lương lx (25/26) | K33: 7700000 | O33: =H33+J33+K33+L33+M33+N33 -> 7700000
C34: Phí gửi xe | L34: 1200000 | O34: =H34+J34+K34+L34+M34+N34 -> 1200000
A35: TỔNG CỘNG | G35: =SUM(G8:G34) -> 2446 | H35: =SUM(H7:H34) -> 65412870 | I35: =SUM(I7:I34) -> 0 | J35: =SUM(J7:J34) -> 21620000 | K35: =SUM(K7:K34) -> 14603000 | L35: =SUM(L7:L34) -> 2050000 | M35: =SUM(M7:M34) -> 2240000 | N35: =SUM(N7:N34) -> 0 | O35: =SUM(O8:O34) -> 105925870 | P35: =SUM(P8:P34) -> 136960370 | Q35: =P35-O35 -> 31034500
P37: LK = | Q37: ='06.2022'!Q46+'07.2022'!Q35 -> 41835138

Sheet 08.2022
A1: Bảng theo dõi doanh thu/ chi phí theo phương tiện vận chuyển
A2: Biển số xe: 15C - 180.99
A3: THÁNG 08.2022
A5: STT | B5: Ngày tháng | C5: Diễn giải | D5: Số cont | E5: Tuyến đường vận chuyển | F5: Khoảng cách (km) | G5: Chi phí | I5: Mức TTBQ | J5: Đi đường | K5: Lương lx | L5: Sửa chữa | M5: Lốp | N5: Dầu máy | O5: Tổng chi phí | P5: Cước vận chuyển | Q5: Lợi nhuận gộp
G6: Dầu (l) | H6: Dầu (đồng)
A8: 1 | B8: 44773 | C8: Đóng hàng chè sáng 01/08 | D8: FCIU9051550 | E8: Phù Ninh, Phú Thọ | G8: 147 | H8: =G8*23900 -> 3513300 | J8: 840000 | O8: =H8+J8+K8+L8+M8+N8 -> 4353300 | P8: 7050000 | Q8: =P8-O8 -> 2696700
A9: 2 | B9: 44775 | C9: Đóng hàng XK sáng 02/08 | D9: MIOU4960810 | E9: Thổ Tang, Vĩnh Tường, Vĩnh Phúc | G9: 121 | H9: =G9*23900 -> 2891900 | J9: 790000 | O9: =H9+J9+K9+L9+M9+N9 -> 3681900 | P9: 5800000 | Q9: =P9-O9 -> 2118100
A10: 3 | B10: 44775 | C10: Đóng hàng xỉ bọt sáng 03/08 | D10: DYLU5110265 | E10: Phả Lại, Hải Dương | G10: 57 | H10: =G10*23900 -> 1362300 | J10: 340000 | O10: =H10+J10+K10+L10+M10+N10 -> 1702300 | P10: 3700000 | Q10: =P10-O10 -> 1997700
A11: 4 | B11: 44776 | C11: Đóng hàng chè sáng 04/08 | D11: DFSU7821357 | E11: TT Trần Phú, Văn Chấn, Yên Bái | G11: 180 | H11: =G11*23900 -> 4302000 | J11: 1530000 | O11: =H11+J11+K11+L11+M11+N11 -> 5832000 | P11: 11203704 | Q11: =P11-O11 -> 5371704
A12: 5 | B12: 44779 | C12: Đóng hàng chè sáng 06/08 | D12: TGBU4597461 | E12: Mộc Châu, Sơn La | G12: 240 | H12: =G12*23900 -> 5736000 | J12: =2380000-360000 -> 2020000 | O12: =H12+J12+K12+L12+M12+N12 -> 7756000 | P12: 14629630 | Q12: =P12-O12 -> 6873630
A13: 6 | B13: 44780 | C13: Đóng hàng chè sáng 08/08 | D13: ONEU0072917 | E13: Phù Ninh, Phú Thọ | G13: 147 | H13: =G13*23900 -> 3513300 | J13: 1100000 | O13: =H13+J13+K13+L13+M13+N13 -> 4613300 | P13: 7000000 | Q13: =P13-O13 -> 2386700
A14: 7 | B14: 44781 | C14: Trả hàng Vietsun chiều 09/08 | D14: TGCU5262717 | E14: Thôn Ngọc Long, Yên Mỹ, Hưng Yên | G14: 67 | H14: =G14*23900 -> 1601300 | J14: 430000 | O14: =H14+J14+K14+L14+M14+N14 -> 2031300 | P14: 3290000 | Q14: =P14-O14 -> 1258700
A15: 8 | B15: 44782 | C15: Đóng hàng chè sáng 10/08 | D15: GAOU6554715 | E15: Bình Xuyên, Vĩnh Phúc | G15: 111 | H15: =G15*23900 -> 2652900 | J15: 790000 | O15: =H15+J15+K15+L15+M15+N15 -> 3442900 | P15: 5600000 | Q15: =P15-O15 -> 2157100
A16: 9 | B16: 44783 | C16: Đóng hàng chè sáng 11/08 | D16: WHLU4277150 | E16: Tân Lập, Mộc Châu, Sơn La | G16: 253 | H16: =G16*22900 -> 5793700 | J16: 2200000 | O16: =H16+J16+K16+L16+M16+N16 -> 7993700 | P16: 14814815 | Q16: =P16-O16 -> 6821115
A17: 10 | B17: 44784 | C17: Đóng hàng gỗ sáng 12/08 | D17: FFAU3524175 | E17: Quảng Chu, Chợ Mới, Bắc Cạn | G17: 154 | H17: =G17*22900 -> 3526600 | J17: 1140000 | O17: =H17+J17+K17+L17+M17+N17 -> 4666600 | P17: 7500000 | Q17: =P17-O17 -> 2833400
A18: 11 | B18: 44787 | C18: Đóng hàng chè chiều 15/08 | D18: OCGU8011030 | E18: Bình Xuyên, Vĩnh Phúc | G18: 111 | H18: =G18*22900 -> 2541900 | J18: 790000 | O18: =H18+J18+K18+L18+M18+N18 -> 3331900 | P18: 5500000 | Q18: =P18-O18 -> 2168100
A19: 12 | B19: 44789 | C19: Đóng hàng XK sáng 16/08 | D19: ONEU0152099 | E19: KCN Quang Châu, Bắc Giang | G19: 92 | H19: =G19*22900 -> 2106800 | J19: 790000 | O19: =H19+J19+K19+L19+M19+N19 -> 2896800 | P19: 4000000 | Q19: =P19-O19 -> 1103200
A20: 13 | B20: 44789 | C20: Trả hàng NK sáng 17/08 | D20: TGCU0199798 | E20: Nghiêm Xuyên, Phú Xuyên, Hà Nội | G20: 99 | H20: =G20*22900 -> 2267100 | J20: 790000 | O20: =H20+J20+K20+L20+M20+N20 -> 3057100 | P20: 4500000 | Q20: =P20-O20 -> 1442900
A21: 14 | B21: 44790 | C21: Trả hàng NK sáng 18/08 | D21: MSDU8950484 | E21: Phùng Xá, Thạch Thất, Hà Nội | G21: 117 | H21: =G21*22900 -> 2679300 | J21: 790000 | O21: =H21+J21+K21+L21+M21+N21 -> 3469300 | P21: 4900000 | Q21: =P21-O21 -> 1430700
A22: 15 | B22: 44791 | C22: Đóng hàng chè sáng 19/08 | D22: OOCU7369075 | E22: Mỹ Bằng, Yên Sơn, Tuyên Quang | G22: 183 | H22: =G22*22900 -> 4190700 | J22: 1350000 | O22: =H22+J22+K22+L22+M22+N22 -> 5540700 | P22: 9114815 | Q22: =P22-O22 -> 3574115
A23: 16 | B23: 44792 | C23: Trả hàng NK chiều 20/08 | D23: CMAU9438991 | E23: Bản Bo, TP. Tam Đường, Lai Châu | G23: 365 | H23: =G23*22900 -> 8358500 | J23: 2690000 | O23: =H23+J23+K23+L23+M23+N23 -> 11048500 | P23: 21550000 | Q23: =P23-O23 -> 10501500
A24: 17 | B24: 44797 | C24: Đóng hàng chè sáng 24/08 | D24: TGBU7778503 | E24: Bình Xuyên, Vĩnh Phúc | G24: 111 | H24: =G24*23750 -> 2636250 | J24: 790000 | O24: =H24+J24+K24+L24+M24+N24 -> 3426250 | P24: 5600000 | Q24: =P24-O24 -> 2173750
A25: 18 | B25: 44798 | C25: Trả hàng Vietsun sáng 25/08 | D25: GAOU6799929 | E25: KCN Yên Phong, Bắc Ninh | G25: 80 | H25: =G25*23750 -> 1900000 | J25: 790000 | O25: =H25+J25+K25+L25+M25+N25 -> 2690000 | P25: 4350000 | Q25: =P25-O25 -> 1660000
A26: 19 | B26: 44798 | C26: Đóng hàng chè sáng 26/08 | D26: OOLU9477917 | E26: TT Tân Uyên, Tân Uyên, Lai Châu | G26: 406 | H26: =G26*23750 -> 9642500 | J26: 2840000 | O26: =H26+J26+K26+L26+M26+N26 -> 12482500 | P26: 21950000 | Q26: =P26-O26 -> 9467500
A27: 20 | B27: 44803 | C27: Đóng hàng chè sáng 30/08 | D27: YMMU6276884 | E27: TT Tân Uyên, Tân Uyên, Lai Châu | G27: 376 | H27: =G27*23750 -> 8930000 | J27: 3020000 | O27: =H27+J27+K27+L27+M27+N27 -> 11950000 | P27: 21950000 | Q27: =P27-O27 -> 10000000
C29: Thanh toán tiền tay quay lốp, dây SPH, khẩu 14+17, tay L, đai ống xả, bóng 9005 xe 15C-180.99 | L29: 880000 | O29: =SUM(K29:N29) -> 880000
C30: Thanh toán tiền mua bóng 9006, RP7 bé xe 15C-180.99 | L30: 140000 | O30: =SUM(K30:N30) -> 140000
C31: Thanh toán tiền thay lốc lạnh, lọc ga, bơm ga + dầu lạnh xe 15C-180.99 | L31: 5000000 | O31: =SUM(K31:N31) -> 5000000
C32: Thanh toán tiền mua nhớt cầu xe 15C-180.99 ngày 8/8 | N32: 210000 | O32: =SUM(K32:N32) -> 210000
C33: Mua 2 lá còn, phanh Acơ, lán bánh đà, bàn ép, mâm trung gian công hạ côn xe 15C-180.99 | L33: 7100000 | O33: =SUM(K33:N33) -> 7100000
C34: Thanh toán tiền mua dây nối đồng, đan xiết, dây, lạt xe 15C-180.99 ngày 15/8 | L34: 95000 | O34: =SUM(K34:N34) -> 95000
C35: Thanh toán tiền đảo lốp xe 15C-180.99 ngày 17/8 | L35: 120000 | O35: =SUM(K35:N35) -> 120000
C36: Thanh toán tiền nước xanh làm mát động cơ xe 15C-180.99 | L36: 650000 | O36: =SUM(K36:N36) -> 650000
C37: Thanh toán tiền mua nối nhanh các loại, dây hơi, chổi gạt mưa, moóc kéo xe 15C-180.99 ngày 23/8 | L37: 480000 | O37: =SUM(K37:N37) -> 480000
C38: Thanh toán tiền mua đèn xin nhan sườn xe 15C-180.99 ngày 23/8 | L38: 350000 | O38: =SUM(K38:N38) -> 350000
C39: Thanh toán tiền mua đui đèn cốt xe 15C-180.99 ngày 18/8 | L39: 50000 | O39: =SUM(K39:N39) -> 50000
C40: Thanh toán tiền đảo cầu xe 15C-180.99 ngày 22/8 | L40: 80000 | O40: =SUM(K40:N40) -> 80000
C41: Thanh toán tiền mua rơ le + giá xe 15C-180.99 ngày 31/8 | L41: 100000 | O41: =SUM(K41:N41) -> 100000
C42: Thanh toán tiền mua 6 đèn sườn moóc, làm điện xe 15C-180.99 ngày 31/8 | L42: 460000 | O42: =SUM(K42:N42) -> 460000
C43: Tiền vé trạm thu phí Epass | K43: 15329000 | O43: =SUM(K43:N43) -> 15329000
C44: Lương lx ( ngày công 27/26) | K44: 8300000 | O44: =H44+J44+K44+L44+M44+N44 -> 8300000
C45: Phí gửi xe | L45: 1200000 | O45: =H45+J45+K45+L45+M45+N45 -> 1200000
A46: TỔNG CỘNG | G46: =SUM(G8:G45) -> 3417 | H46: =SUM(H7:H45) -> 80146350 | I46: =SUM(I7:I45) -> 0 | J46: =SUM(J7:J45) -> 25820000 | K46: =SUM(K7:K45) -> 23629000 | L46: =SUM(L7:L45) -> 16705000 | M46: =SUM(M7:M45) -> 0 | N46: =SUM(N7:N45) -> 210000 | O46: =SUM(O8:O45) -> 146510350 | P46: =SUM(P8:P45) -> 184002964 | Q46: =P46-O46 -> 37492614
P48: LK = | Q48: ='07.2022'!Q37+'08.2022'!Q46 -> 79327752

Sheet 09.2022
A1: Bảng theo dõi doanh thu/ chi phí theo phương tiện vận chuyển
A2: Biển số xe: 15C - 180.99
A3: THÁNG 09.2022
A5: STT | B5: Ngày tháng | C5: Diễn giải | D5: Số cont | E5: Tuyến đường vận chuyển | F5: Khoảng cách (km) | G5: Chi phí | I5: Mức TTBQ | J5: Đi đường | K5: Lương lx | L5: Sửa chữa | M5: Lốp | N5: Dầu máy | O5: Tổng chi phí | P5: Cước vận chuyển | Q5: Lợi nhuận gộp
G6: Dầu (l) | H6: Dầu (đồng)
A8: 1 | B8: 44805 | C8: Trả hàng NK sáng 01/09 | D8: UACU4014078 | E8: Yên Phong, Bắc Ninh | G8: 88 | H8: =G8*25180 -> 2215840 | J8: 790000 | O8: =H8+J8+K8+L8+M8+N8 -> 3005840 | P8: 4400000 | Q8: =P8-O8 -> 1394160
A9: 2 | B9: 44808 | C9: Đóng hàng chè sáng 05/09 | D9: YMMU6105177 | E9: Mộc Châu, Sơn La | G9: 249 | H9: =G9*25180 -> 6269820 | J9: =2380000-180000 -> 2200000 | O9: =H9+J9+K9+L9+M9+N9 -> 8469820 | P9: 14629630 | Q9: =P9-O9 -> 6159810
A10: 3 | B10: 44810 | C10: Đóng hàng chè sáng 07/09 | D10: CBHU7046197 | E10: Mỹ Bằng, Yên Sơn, Tuyên Quang | G10: 184 | H10: =G10*25180 -> 4633120 | J10: 1530000 | O10: =H10+J10+K10+L10+M10+N10 -> 6163120 | P10: 9485185 | Q10: =P10-O10 -> 3322065
A11: 4 | B11: 44811 | C11: Đóng hàng chè sáng 08/09 | D11: TCKU6974425 | E11: TT. Phong Hải, Bảo Thắng, Lào Cai | G11: 269 | H11: =G11*25180 -> 6773420 | J11: 2170000 | O11: =H11+J11+K11+L11+M11+N11 -> 8943420 | P11: 15370370 | Q11: =P11-O11 -> 6426950
A12: 5 | B12: 44812 | C12: Đóng hàng chè chiều 09/09 | D12: EITU1842624 | E12: Mỹ Bằng, Yên Sơn, Tuyên Quang | G12: 182 | H12: =G12*25180 -> 4582760 | J12: 1530000 | O12: =H12+J12+K12+L12+M12+N12 -> 6112760 | P12: 9485185 | Q12: =P12-O12 -> 3372425
A13: 6 | B13: 44813 | C13: Đóng hàng XK chiều 10/09 | D13: AMFU3159068 | E13: Xuân Mai, Chương Mỹ, Hà Nội | G13: 120 | H13: =G13*25180 -> 3021600 | J13: 790000 | O13: =H13+J13+K13+L13+M13+N13 -> 3811600 | P13: 5787037 | Q13: =P13-O13 -> 1975437
A14: 7 | B14: 44816 | C14: Đóng hàng chè sáng 12/09 | D14: TCNU3099654 | E14: Mỹ Bằng, Yên Sơn, Tuyên Quang | G14: 183 | H14: =G14*24180 -> 4424940 | J14: 1530000 | O14: =H14+J14+K14+L14+M14+N14 -> 5954940 | P14: 9485185 | Q14: =P14-O14 -> 3530245
A15: 8 | B15: 44816 | C15: Trả hàng Vietsun sáng 13/09 | D15: DRYU9961260 | E15: KCN Tiên Sơn, Bắc Ninh | G15: 76 | H15: =G15*24180 -> 1837680 | J15: 790000 | O15: =H15+J15+K15+L15+M15+N15 -> 2627680 | P15: 4517778 | Q15: =P15-O15 -> 1890098
A16: 9 | B16: 44818 | C16: Đóng hàng chè sáng 15/09 | D16: TXGU5855250 | E16: Mỹ Bằng, Yên Sơn, Tuyên Quang | G16: 182 | H16: =G16*24180 -> 4400760 | J16: 1530000 | O16: =H16+J16+K16+L16+M16+N16 -> 5930760 | P16: 9300000 | Q16: =P16-O16 -> 3369240
A17: 10 | B17: 44820 | C17: Đóng hàng bình khí chiều 16/09 | D17: DRYU3053687 | E17: Ninh Hiệp, Gia Lâm, Hà Nội - Củ Chi, HCM | G17: 87 | H17: =G17*24180 -> 2103660 | J17: 790000 | O17: =H17+J17+K17+L17+M17+N17 -> 2893660 | P17: 4800000 | Q17: =P17-O17 -> 1906340
A18: 11 | B18: 44821 | C18: Đóng hàng chè sáng 17/09 | D18: YMLU9033483 | E18: Bình Xuyên, Vĩnh Phúc | G18: 111 | H18: =G18*24180 -> 2683980 | J18: 790000 | O18: =H18+J18+K18+L18+M18+N18 -> 3473980 | P18: 5650000 | Q18: =P18-O18 -> 2176020
A19: 12 | B19: 44823 | C19: Trả hàng Vietsun sáng 20/09 | D19: YMMU6398455 | E19: KCN Yên Phong mở rộng, Yên Phong, Bắc Ninh | G19: 86 | H19: =(G19-3)*24180+3*22530 -> 2074530 | J19: 790000 | O19: =H19+J19+K19+L19+M19+N19 -> 2864530 | P19: 4517778 | Q19: =P19-O19 -> 1653248
A20: 13 | B20: 44824 | C20: Đóng hàng chè sáng 21/09 | D20: OOLU9129737 | E20: Mộc Châu, Sơn La | G20: 244 | H20: =G20*22530 -> 5497320 | J20: 2380000 | O20: =H20+J20+K20+L20+M20+N20 -> 7877320 | P20: 14722222 | Q20: =P20-O20 -> 6844902
A21: 14 | B21: 44825 | C21: Đóng hàng chè chiều 22/09 | D21: FSCU7264370 | E21: Địch Quả, Thanh Sơn, Phú Thọ | G21: 151 | H21: =G21*22530 -> 3402030 | J21: 1060000 | O21: =H21+J21+K21+L21+M21+N21 -> 4462030 | P21: 7250000 | Q21: =P21-O21 -> 2787970
A22: 15 | B22: 44827 | C22: Đóng hàng chè chiều 24/09 | D22: YMMU6629913 | E22: Bản Giang, Tam Đường, Lai Châu | G22: 390 | H22: =G22*22530 -> 8786700 | J22: 3020000 | O22: =H22+J22+K22+L22+M22+N22 -> 11806700 | P22: 21850000 | Q22: =P22-O22 -> 10043300
A23: 16 | B23: 44829 | C23: Đóng hàng XK sáng 26/09 | D23: TEMU2074203 | E23: Xuân Mai, Chương Mỹ, Hà Nội | G23: 122 | H23: =G23*22530 -> 2748660 | J23: 790000 | O23: =H23+J23+K23+L23+M23+N23 -> 3538660 | P23: 5527778 | Q23: =P23-O23 -> 1989118
A24: 17 | B24: 44831 | C24: Trả hàng Vietsun sáng 28/09 | D24: TGBU5509070 | E24: KCN Quế Võ, Bắc Ninh | G24: 70 | H24: =G24*22530 -> 1577100 | J24: 790000 | O24: =H24+J24+K24+L24+M24+N24 -> 2367100 | P24: 4200000 | Q24: =P24-O24 -> 1832900
A25: 18 | B25: 44832 | C25: Đóng hàng chè sáng 29/09 | D25: SEGU4450920 | E25: Mộc Châu, Sơn La | G25: 240 | H25: =G25*22530 -> 5407200 | J25: 2380000 | O25: =H25+J25+K25+L25+M25+N25 -> 7787200 | P25: 14351852 | Q25: =P25-O25 -> 6564652
C27: Thanh toàn tiền bảo dưỡng đề máy phát xe 15C-180.99 ngày 6/9 | L27: 800000 | O27: =SUM(K27:N27) -> 800000
C28: Thanh toán tiền cân lốp + xịt lọc xe 15C-180.99 ngày 6/9 | L28: 90000 | O28: =SUM(K28:N28) -> 90000
C29: Thanh toán tiền bơm mỡ, thây dầu, lọc, nắp lọc nhỏ, cứ hộ thay gioăng nhớt xe 15C-180.99 ngày 11/9 | L29: 600000 | O29: =SUM(K29:N29) -> 600000
C30: Thanh toán tiền mua lọc nhiên liệu P550821; lọc nhiên liệu tách nước P550748; lọc dầu nhớt P551088 xe 15C-180.99 | L30: 1792800 | O30: =SUM(K30:N30) -> 1792800
C31: Thanh toán tiền tháo lắp thay đổi két gió mới , thay 02 đai gió mới xe 15C-180.99 ngày 6/9 | L31: 11300000 | O31: =SUM(K31:N31) -> 11300000
C32: Thanh toán tiền thay chân van xe 15C-180.99 ngày 11/9 | L32: 150000 | O32: =SUM(K32:N32) -> 150000
C33: Thanh toán tiền kiểm tra, tháo lắp, vệ sinh cánh quạt, sửa lưỡi gà mặt hút, thay dầu côn cánh quạt xe 15C-180.99 ngày 19/9 | L33: 2400000 | O33: =SUM(K33:N33) -> 2400000
C34: Thanh toán tiền mua 2 đèn hậu + công xe 15C-180.99 ngày 23/9 | L34: 150000 | O34: =SUM(K34:N34) -> 150000
C35: Tiền cứu hộ xe 15C-180.99 | L35: 2000000 | O35: =SUM(K35:N35) -> 2000000
C36: Thanh toán tiền bảo dưỡng 4 mayơ moóc, mỡ 8 cân xe 15C-180.99 ngày 23/8 | L36: 1120000 | O36: =SUM(K36:N36) -> 1120000
C37: Thanh toán tiền công làm 4 mỏ gạc, ắc + đóng bạc 4 mỏ gạc, 12 bạc , 12 ắc, 5 ốc tay giằng, công làm tay giằng xe 15C-180.99 ngày 29/8 | L37: 4160000 | O37: =SUM(K37:N37) -> 4160000
C38: Thanh toán tiền thùng dầu cho Việt Phát cho xe 15C-139.82; 15C-070.63; 15C-136.31, 15C-180.99 ngày 10/9 | N38: 3375000 | O38: =SUM(K38:N38) -> 3375000
C39: Thanh toán tiền mua phớt may ơ cầu, công thay phớt xe 15C-180.99 ngày 8/8 | L39: 700000 | O39: =SUM(K39:N39) -> 700000
C40: Tiền vé trạm thu phí Epass | K40: 10991000 | O40: =SUM(K40:N40) -> 10991000
C41: Lương lx ( ngày công 26/26) | K41: 8000000 | O41: =H41+J41+K41+L41+M41+N41 -> 8000000
C42: Phí gửi xe | L42: 1200000 | O42: =H42+J42+K42+L42+M42+N42 -> 1200000
A43: TỔNG CỘNG | G43: =SUM(G8:G42) -> 3034 | H43: =SUM(H7:H42) -> 72441120 | I43: =SUM(I7:I42) -> 0 | J43: =SUM(J7:J42) -> 25650000 | K43: =SUM(K7:K42) -> 18991000 | L43: =SUM(L7:L42) -> 26462800 | M43: =SUM(M7:M42) -> 0 | N43: =SUM(N7:N42) -> 3375000 | O43: =SUM(O8:O42) -> 146919920 | P43: =SUM(P8:P42) -> 165330000 | Q43: =P43-O43 -> 18410080
P45: LK = | Q45: ='08.2022'!Q48+'09.2022'!Q43 -> 97737832

Sheet 10.2022
A1: Bảng theo dõi doanh thu/ chi phí theo phương tiện vận chuyển
A2: Biển số xe: 15C - 180.99
A3: THÁNG 10.2022
A5: STT | B5: Ngày tháng | C5: Diễn giải | D5: Số cont | E5: Tuyến đường vận chuyển | F5: Khoảng cách (km) | G5: Chi phí | I5: Mức TTBQ | J5: Đi đường | K5: Lương lx | L5: Sửa chữa | M5: Lốp | N5: Dầu máy | O5: Tổng chi phí | P5: Cước vận chuyển | Q5: Lợi nhuận gộp
G6: Dầu (l) | H6: Dầu (đồng)
A8: 1 | B8: 44838 | C8: Đóng hàng chè sáng 04/10 | D8: FFAU3542219 | E8: Bản Giang, Tam Đường, Lai Châu | G8: 393 | H8: =(G8-44)*22200+44*22530 -> 8739120 | J8: 3020000 | O8: =H8+J8+K8+L8+M8+N8 -> 11759120 | P8: 21850000 | Q8: =P8-O8 -> 10090880
A9: 2 | B9: 44839 | C9: Trả hàng Vietsun tối 05/10 | D9: NLLU4211548 | E9: KCN Đồng Văn, Duy Tiên, Hà Nam | G9: 83 | H9: =G9*22200 -> 1842600 | J9: 430000 | O9: =H9+J9+K9+L9+M9+N9 -> 2272600 | P9: 4627037 | Q9: =P9-O9 -> 2354437
A10: 3 | B10: 44840 | C10: Đóng hàng chè sáng 07/10 | D10: TLLU4946590 | E10: Mộc Châu, Sơn La | G10: 243 | H10: =G10*22200 -> 5394600 | J10: 2200000 | O10: =H10+J10+K10+L10+M10+N10 -> 7594600 | P10: 14259259 | Q10: =P10-O10 -> 6664659
A11: 4 | B11: 44841 | C11: Đóng hàng chè sáng 08/10 | D11: BMOU6188643 | E11: Bình Xuyên, Vĩnh Phúc | G11: 111 | H11: =G11*22200 -> 2464200 | J11: 790000 | O11: =H11+J11+K11+L11+M11+N11 -> 3254200 | P11: 5450000 | Q11: =P11-O11 -> 2195800
A12: 5 | B12: 44844 | C12: Đóng hàng chè sáng 10/10 | D12: YMMU6125208 | E12: Nghi Phú, TP. Vinh, Nghệ An | G12: 229 | H12: =G12*22200 -> 5083800 | J12: 1180000 | O12: =H12+J12+K12+L12+M12+N12 -> 6263800 | P12: 9900000 | Q12: =P12-O12 -> 3636200
A13: 6 | B13: 44844 | C13: Trả hàng Vietsun sáng 11/10 | D13: GAOU6798584 | E13: CJ Hà Nam, KCN Đồng Văn 2, Duy Tiên, Hà Nam | G13: 81 | H13: =G13*24180 -> 1958580 | J13: 430000 | O13: =H13+J13+K13+L13+M13+N13 -> 2388580 | P13: 4497037 | Q13: =P13-O13 -> 2108457
A14: 7 | B14: 44846 | C14: Trả hàng NK sáng 12/10 | D14: TGBU2424929 | E14: Lai Cách, Cẩm Giàng, Hải Dương | G14: 60 | H14: =G14*24180 -> 1450800 | J14: 340000 | O14: =H14+J14+K14+L14+M14+N14 -> 1790800 | P14: 3500000 | Q14: =P14-O14 -> 1709200
A15: 8 | B15: 44846 | C15: Đóng hàng chè sáng 13/10 | D15: SEGU6385418 | E15: Mộc Châu, Sơn La | G15: 240 | H15: =G15*24180 -> 5803200 | J15: 2380000 | O15: =H15+J15+K15+L15+M15+N15 -> 8183200 | P15: 14722222 | Q15: =P15-O15 -> 6539022
A16: 9 | B16: 44847 | C16: Trả hàng Vietsun sáng 14/10 | D16: DRYU9718347 | E16: KCN Quế Võ, Bắc Ninh | G16: 68 | H16: =G16*24180 -> 1644240 | J16: 790000 | O16: =H16+J16+K16+L16+M16+N16 -> 2434240 | P16: 4070000 | Q16: =P16-O16 -> 1635760
A17: 10 | B17: 44848 | C17: Trả hàng Vietsun sáng 15/10 | D17: TCNU4595495 | E17: KCN Phố Nối A, Văn Lâm, Hưng Yên | G17: 62 | H17: =G17*24180 -> 1499160 | J17: 430000 | O17: =H17+J17+K17+L17+M17+N17 -> 1929160 | P17: 3410000 | Q17: =P17-O17 -> 1480840
A18: 11 | B18: 44851 | C18: Đóng hàng chè sáng 18/10 | D18: SEKU4582855 | E18: Mộc Châu, Sơn La | G18: 243 | H18: =G18*24180 -> 5875740 | J18: 2380000 | O18: =H18+J18+K18+L18+M18+N18 -> 8255740 | P18: 14722222 | Q18: =P18-O18 -> 6466482
A19: 12 | B19: 44852 | C19: Đóng hàng chè sáng 19/10 | D19: DRYU9845887 | E19: Mỹ Bằng, Yên Sơn, Tuyên Quang | G19: 180 | H19: =G19*24180 -> 4352400 | J19: 1530000 | O19: =H19+J19+K19+L19+M19+N19 -> 5882400 | P19: 9300000 | Q19: =P19-O19 -> 3417600
A20: 13 | B20: 44853 | C20: Đóng hàng chè sáng 20/10 | D20: CMAU9258222 | E20: Mỹ Bằng, Yên Sơn, Tuyên Quang | G20: 196 | H20: =G20*24180 -> 4739280 | J20: 1530000 | O20: =H20+J20+K20+L20+M20+N20 -> 6269280 | P20: 9707407 | Q20: =P20-O20 -> 3438127
A21: 14 | B21: 44854 | C21: Đóng hàng chè sáng 21/10 | D21: BEAU6167353 | E21: Mỹ Bằng, Yên Sơn, Tuyên Quang | G21: 184 | H21: =G21*24780 -> 4559520 | J21: 1530000 | O21: =H21+J21+K21+L21+M21+N21 -> 6089520 | P21: 9300000 | Q21: =P21-O21 -> 3210480
A22: 15 | B22: 44858 | C22: Trả hàng Vietsun sáng 24/10 | D22: DRYU9718970 | E22: KCN Đồng Văn II, Duy Tiên, Hà Nam | G22: 81 | H22: =G22*24780 -> 2007180 | J22: 790000 | O22: =H22+J22+K22+L22+M22+N22 -> 2797180 | P22: 4497037 | Q22: =P22-O22 -> 1699857
A23: 16 | B23: 44860 | C23: Đóng hàng xỉ bọt sáng 26/10 | D23: SLSU8025773 | E23: Phả Lại, Hải Dương | G23: 59 | H23: =G23*24780 -> 1462020 | J23: 440000 | O23: =H23+J23+K23+L23+M23+N23 -> 1902020 | P23: 3700000 | Q23: =P23-O23 -> 1797980
A24: 17 | B24: 44860 | C24: Đóng hàng chè chiều 27/10 | D24: TGBU9840661 | E24: Bản Giang, Tam Đường, Lai Châu | G24: 390 | H24: =G24*24780 -> 9664200 | J24: =3232000+400000 -> 3632000 | O24: =H24+J24+K24+L24+M24+N24 -> 13296200 | P24: 24200000 | Q24: =P24-O24 -> 10903800
A25: 18 | B25: 44863 | C25: Đóng hàng XK sáng 29/10 | D25: CAIU6222959 | E25: Xuân Mai, Chương Mỹ, Hà Nội | G25: 122 | H25: =G25*24780 -> 3023160 | J25: 790000 | O25: =H25+J25+K25+L25+M25+N25 -> 3813160 | P25: 5879630 | Q25: =P25-O25 -> 2066470
A26: 19 | B26: 44864 | C26: Đóng hàng XK sáng 31/10 | D26: MEDU2699712 | E26: Xuân Mai, Chương Mỹ, Hà Nội | G26: =122 -> 122 | H26: =(G26-40)*24780+40*25070 -> 3034760 | J26: 790000 | O26: =H26+J26+K26+L26+M26+N26 -> 3824760 | P26: 5879630 | Q26: =P26-O26 -> 2054870
O27: =SUM(K27:N27) -> 0
C28: Cấp bổ sung dầu bị hao hụt do xe hỏng ngày 14/10 | L28: =50*24180 -> 1209000 | O28: =SUM(K28:N28) -> 1209000
C29: Thanh toán tiền mua đèn tròn hậu moóc, tay khóa ca bô MF xe 15C-180.99 ngày 6/10 | L29: 460000 | O29: =SUM(K29:N29) -> 460000
C30: Thanh toán tiền mua lọc gió ngoài xe 15C-180.99 ngày 6/10 | L30: 918000 | O30: =SUM(K30:N30) -> 918000
C31: Thanh toán tiền mua thân bơm cao áp , công tháo lắp xe 15C-180.99 ngày 1/10 | L31: 14000000 | O31: =SUM(K31:N31) -> 14000000
C32: Thanh toán tiền thay yếm, lót ghệt to bé, công xe 15C-180.99 | L32: 235000 | O32: =SUM(K32:N32) -> 235000
C33: Thanh toán tiền mua 3 hộp chì tạm cho xe | L33: 80000 | O33: =SUM(K33:N33) -> 80000
C34: Thanh toán tiền mua bạc cabin MF2FW, bóng hơi cabin MF, giảm sóc MF xe 15C-180.99 ngày 16/10 | L34: 2800000 | O34: =SUM(K34:N34) -> 2800000
C35: Thanh toán tiền mua bóng tải MF cho xe 15C-180.99 | L35: 2400000 | O35: =SUM(K35:N35) -> 2400000
C36: Thanh toán tiền ống gió tăng áp , quai nhê cho xe 15C-180.99 | L36: 550000 | O36: =SUM(K36:N36) -> 550000
C37: Thanh toán tiền bơm mỡ xe 15C-180.99 ngày 22/10 | L37: 200000 | O37: =SUM(K37:N37) -> 200000
C38: "Thanh toán tiền thay bóng hơi tải, tán 4 bộ phanh đầu ké, 4 tầng bua, thay 8 con lăn, đóng bạc giảm xóc, dây hơi + công xe 15C-180.99 ngày 23/10" | L38: 3700000 | O38: =SUM(K38:N38) -> 3700000
C39: Thanh toán công thay bóng hơi cabin, thay 1 giảm xóc, ép bạc giảm xóc xe 15C-180.99 ngày 16/10 | L39: 400000 | O39: =SUM(K39:N39) -> 400000
C40: Tiền vé trạm thu phí Epass | K40: 11654000 | O40: =SUM(K40:N40) -> 11654000
C41: Lương lx ( ngày công 26/26) | K41: 8000000 | O41: =H41+J41+K41+L41+M41+N41 -> 8000000
C42: Phí gửi xe | L42: 1200000 | O42: =H42+J42+K42+L42+M42+N42 -> 1200000
A43: TỔNG CỘNG | G43: =SUM(G8:G42) -> 3147 | H43: =SUM(H7:H42) -> 74598560 | I43: =SUM(I7:I42) -> 0 | J43: =SUM(J7:J42) -> 25402000 | K43: =SUM(K7:K42) -> 19654000 | L43: =SUM(L7:L42) -> 28152000 | M43: =SUM(M7:M42) -> 0 | N43: =SUM(N7:N42) -> 0 | O43: =SUM(O8:O42) -> 147806560 | P43: =SUM(P8:P42) -> 173471481 | Q43: =P43-O43 -> 25664921
P45: LK = | Q45: ='09.2022'!Q45+'10.2022'!Q43 -> 123402753

Sheet 11.2022
A1: Bảng theo dõi doanh thu/ chi phí theo phương tiện vận chuyển
A2: Biển số xe: 15C - 180.99
A3: THÁNG 11.2022
A5: STT | B5: Ngày tháng | C5: Diễn giải | D5: Số cont | E5: Tuyến đường vận chuyển | F5: Khoảng cách (km) | G5: Chi phí | I5: Mức TTBQ | J5: Đi đường | K5: Lương lx | L5: Sửa chữa | M5: Lốp | N5: Dầu máy | O5: Tổng chi phí | P5: Cước vận chuyển | Q5: Lợi nhuận gộp
G6: Dầu (l) | H6: Dầu (đồng)
A8: 1 | B8: 44866 | C8: Đóng hàng chè sáng 01/11 | D8: TRHU5578367 | E8: Mỹ Bằng, Yên Sơn, Tuyên Quang | G8: 180 | H8: =G8*25070 -> 4512600 | J8: 1530000 | O8: =H8+J8+K8+L8+M8+N8 -> 6042600 | P8: 9300000 | Q8: =P8-O8 -> 3257400
A9: 2 | B9: 44866 | C9: Đóng hàng chè sáng 02/11 | D9: TLLU4184258 | E9: Bản Bo, TP. Tam Đường, Lai Châu | G9: 368 | H9: =G9*25070 -> 9225760 | J9: 2927000 | O9: =H9+J9+K9+L9+M9+N9 -> 12152760 | P9: 21851852 | Q9: =P9-O9 -> 9699092
A10: 3 | B10: 44868 | C10: Trả hàng NK tối 03/11 | D10: BEAU5408292 | E10: Phạm Văn Đồng, Từ Liêm, Hà Nội | G10: 93 | H10: =G10*25070 -> 2331510 | J10: 790000 | O10: =H10+J10+K10+L10+M10+N10 -> 3121510 | P10: 4600000 | Q10: =P10-O10 -> 1478490
A11: 4 | B11: 44869 | C11: Đóng hàng chè sáng 06/11 | D11: TGBU5557186 | E11: TT. Phong Hải, Bảo Thắng, Lào Cai | G11: 271 | H11: =G11*25070 -> 6793970 | J11: 2600000 | O11: =H11+J11+K11+L11+M11+N11 -> 9393970 | P11: 15500000 | Q11: =P11-O11 -> 6106030
A12: 5 | B12: 44872 | C12: Trả hàng Vietsun sáng 07/11 | D12: TEMU8595641 | E12: KCN Quế Võ, Bắc Ninh | G12: 71 | H12: =G12*25070 -> 1779970 | J12: 790000 | O12: =H12+J12+K12+L12+M12+N12 -> 2569970 | P12: 4210000 | Q12: =P12-O12 -> 1640030
A13: 6 | B13: 44872 | C13: Trả hàng phế liệu sáng 08/11 | D13: BMOU6366370 | E13: Đồng Tâm, Lạc Thủy, Hòa Bình | G13: 103 | H13: =G13*25070 -> 2582210 | J13: 790000 | O13: =H13+J13+K13+L13+M13+N13 -> 3372210 | P13: 5250000 | Q13: =P13-O13 -> 1877790
A14: 7 | B14: 44875 | C14: Đóng hàng chè sáng 10/11 | D14: TLLU4078024 | E14: Mộc Châu, Sơn La | G14: 240 | H14: =G14*24980 -> 5995200 | J14: 2380000 | O14: =H14+J14+K14+L14+M14+N14 -> 8375200 | P14: 14861111 | Q14: =P14-O14 -> 6485911
A15: 8 | B15: 44875 | C15: Trả hàng NK sáng 11/11 | D15: SEGU1524629 | E15: Yên Mỹ, Hưng Yên | G15: 74 | H15: =G15*24980 -> 1848520 | J15: 430000 | O15: =H15+J15+K15+L15+M15+N15 -> 2278520 | P15: 4050000 | Q15: =P15-O15 -> 1771480
A16: 9 | B16: 44877 | C16: Trả hàng NK sáng 12/11 | D16: TGBU6932893 | E16: TP. Việt Trì, Phú Thọ | G16: 125 | H16: =G16*24980 -> 3122500 | J16: 880000 | O16: =H16+J16+K16+L16+M16+N16 -> 4002500 | P16: 6200000 | Q16: =P16-O16 -> 2197500
A17: 10 | B17: 44879 | C17: Đóng hàng chè sáng 14/11 | D17: YMMU6367264 | E17: Bản Bo, TP. Tam Đường, Lai Châu | G17: 367 | H17: =G17*24980 -> 9167660 | J17: 3450000 | O17: =H17+J17+K17+L17+M17+N17 -> 12617660 | P17: 22350000 | Q17: =P17-O17 -> 9732340
A18: 11 | B18: 44881 | C18: Đóng hàng chè sáng 16/11 | D18: TRHU8162434 | E18: Mỹ Bằng, Yên Sơn, Tuyên Quang | G18: 180 | H18: =G18*24980 -> 4496400 | J18: 1530000 | O18: =H18+J18+K18+L18+M18+N18 -> 6026400 | P18: 9300000 | Q18: =P18-O18 -> 3273600
A19: 12 | B19: 44881 | C19: Trả hàng NK sáng 17/11 | D19: MSKU0567767 | E19: CP Xuân Mai, Xuân Mai, Chương Mỹ, Hà Nội | G19: 118 | H19: =G19*24980 -> 2947640 | J19: 790000 | O19: =H19+J19+K19+L19+M19+N19 -> 3737640 | P19: 4900000 | Q19: =P19-O19 -> 1162360
A20: 13 | B20: 44883 | C20: Đóng hàng XK sáng 18/11 | D20: YMLU5147472 | E20: KCN Thăng Long 2, Yên Mỹ, Hưng Yên | G20: 64 | H20: =G20*24980 -> 1598720 | J20: 430000 | O20: =H20+J20+K20+L20+M20+N20 -> 2028720 | P20: 3400000 | Q20: =P20-O20 -> 1371280
A21: 14 | B21: 44883 | C21: Đóng hàng chè chiều 20/11 | D21: TCKU7559985 | E21: Bản Bo, TP. Tam Đường, Lai Châu | G21: 365 | H21: =G21*24800 -> 9052000 | J21: 3450000 | O21: =H21+J21+K21+L21+M21+N21 -> 12502000 | P21: 22350000 | Q21: =P21-O21 -> 9848000
A22: 15 | B22: 44886 | C22: Trả hàng phế liệu sáng 22/11 | D22: BMOU5783997 | E22: Đồng Tâm, Lạc Thủy, Hòa Bình | G22: 103 | H22: =G22*24800 -> 2554400 | J22: 790000 | O22: =H22+J22+K22+L22+M22+N22 -> 3344400 | P22: 5550000 | Q22: =P22-O22 -> 2205600
A23: 16 | B23: 44888 | C23: Trả hàng Vietsun sáng 24/11 | D23: GAOU6143606 | E23: Kho DHL - Samsung, KCN VSIP, Bắc Ninh | G23: 81 | H23: =G23*24800 -> 2008800 | J23: 610000 | O23: =H23+J23+K23+L23+M23+N23 -> 2618800 | P23: 4527778 | Q23: =P23-O23 -> 1908978
A24: 17 | B24: 44889 | C24: Trả hàng NK sáng 25/11 | D24: TCNU1242468 | E24: Lạc Đạo, Văn Lâm, Hưng Yên | G24: 72 | H24: =G24*24800 -> 1785600 | J24: 790000 | O24: =H24+J24+K24+L24+M24+N24 -> 2575600 | P24: 4100000 | Q24: =P24-O24 -> 1524400
A25: 18 | B25: 44890 | C25: Đóng hàng chè chiều 26/11 | D25: TCNU3686456 | E25: Bản Bo, TP. Tam Đường, Lai Châu | G25: 365 | H25: =G25*24800 -> 9052000 | J25: 3450000 | O25: =H25+J25+K25+L25+M25+N25 -> 12502000 | P25: 22350000 | Q25: =P25-O25 -> 9848000
A26: 19 | B26: 44894 | C26: Trả hàng NK chiều 29/11 | D26: NLLU4205150 | E26: QL17, Thuận Thành, Bắc Ninh | G26: 72 | H26: =G26*24800 -> 1785600 | J26: 430000 | O26: =H26+J26+K26+L26+M26+N26 -> 2215600 | P26: 4150000 | Q26: =P26-O26 -> 1934400
A27: 20 | B27: 44895 | C27: Trả hàng Vietsun sáng 30/11 | D27: YMMU6363187 | E27: KCN Quế Võ, Bắc Ninh | G27: 71 | H27: =G27*24800 -> 1760800 | J27: 790000 | O27: =H27+J27+K27+L27+M27+N27 -> 2550800 | P27: 4210000 | Q27: =P27-O27 -> 1659200
C29: Thanh toán tiền mua tăng MF DC 8PK 2035 đẹp cho xe 15C-180.99 ngày 5/11 | L29: 1800000 | O29: =SUM(K29:N29) -> 1800000
C30: Thanh toán tiền mua 8PK2020 day co cho xe 15C-180.99 ngày 4/11 | L30: 450000 | O30: =SUM(K30:N30) -> 450000
C31: Thanh toán tiền làm luật đăng kiểm hết hạn xe 15C-180.99 | L31: 4000000 | O31: =SUM(K31:N31) -> 4000000
C32: Thanh toán tiền phí đăng kiểm xe 15C-180.99 | L32: 9288000 | O32: =SUM(K32:N32) -> 9288000
C33: Thanh toán tiền lắp đặt cảm biến dầu xe 15C-180.99 | L33: 1400000 | O33: =SUM(K33:N33) -> 1400000
C34: Thanh toán tiền bóng hơi tải Prostar cho xe 15C-180.99 | L34: 2400000 | O34: =SUM(K34:N34) -> 2400000
C35: Thanh toán tiền đảo 2 cầu xe 15C-180.99 ngày 15/11 | L35: 80000 | O35: =SUM(K35:N35) -> 80000
C36: Thanh toán tiền bảo hiểm TNDS xe 15C-180.99 | L36: 5310000 | O36: =SUM(K36:N36) -> 5310000
C37: THanh toán tiền lọc ly tâm MF BD xe 15C-180.99 ngày 29/11 | L37: 550000 | O37: =SUM(K37:N37) -> 550000
C38: Thanh toán tiền mua dầu Total Quartz 7000 5w30 ngày 25/11xe 15C-136.31; 15C-180.99; 15C-070.63; 15C-139.82 | N38: 3375000 | O38: =SUM(K38:N38) -> 3375000
C39: Tiền vé trạm thu phí Epass | K39: 15835000 | O39: =SUM(K39:N39) -> 15835000
C40: Lương lx ( ngày công 26/26) | K40: 8000000 | O40: =H40+J40+K40+L40+M40+N40 -> 8000000
C41: Phí gửi xe | L41: 1200000 | O41: =H41+J41+K41+L41+M41+N41 -> 1200000
A42: TỔNG CỘNG | G42: =SUM(G8:G41) -> 3383 | H42: =SUM(H7:H41) -> 84401860 | I42: =SUM(I7:I41) -> 0 | J42: =SUM(J7:J41) -> 29627000 | K42: =SUM(K7:K41) -> 23835000 | L42: =SUM(L7:L41) -> 26478000 | M42: =SUM(M7:M41) -> 0 | N42: =SUM(N7:N41) -> 3375000 | O42: =SUM(O8:O41) -> 167716860 | P42: =SUM(P8:P41) -> 193010741 | Q42: =P42-O42 -> 25293881
P44: LK = | Q44: ='10.2022'!Q45+'11.2022'!Q42 -> 148696634

Sheet 12.2022
A1: Bảng theo dõi doanh thu/ chi phí theo phương tiện vận chuyển
A2: Biển số xe: 15C - 180.99
A3: THÁNG 12.2022
A5: STT | B5: Ngày tháng | C5: Diễn giải | D5: Số cont | E5: Tuyến đường vận chuyển | F5: Khoảng cách (km) | G5: Chi phí | I5: Mức TTBQ | J5: Đi đường | K5: Lương lx | L5: Sửa chữa | M5: Lốp | N5: Dầu máy | O5: Tổng chi phí | P5: Cước vận chuyển | Q5: Lợi nhuận gộp
G6: Dầu (l) | H6: Dầu (đồng)
A8: 1 | B8: 44895 | C8: Trả hàng NK sáng 01/12 | D8: TCNU6903196 | E8: KCN VSIP Bắc Ninh | G8: 105 | H8: =G8*23210 -> 2437050 | J8: 790000 | O8: =H8+J8+K8+L8+M8+N8 -> 3227050 | P8: 4700000 | Q8: =P8-O8 -> 1472950
A9: 2 | B9: 44897 | C9: Đóng hàng chè sáng 02/12 | D9: OOCU8092200 | E9: Mộc Châu, Sơn La | G9: 240 | H9: =G9*23210 -> 5570400 | J9: 2380000 | O9: =H9+J9+K9+L9+M9+N9 -> 7950400 | P9: 14509259 | Q9: =P9-O9 -> 6558859
A10: 3 | B10: 44897 | C10: Đóng hàng chè chiều 03/12 | D10: OOCU7775691 | E10: Mộc Châu, Sơn La | G10: 240 | H10: =G10*23210 -> 5570400 | J10: 2380000 | O10: =H10+J10+K10+L10+M10+N10 -> 7950400 | P10: 14509259 | Q10: =P10-O10 -> 6558859
A11: 4 | B11: 44899 | C11: Trả hàng Vietsun sáng 05/12 | D11: GAOU6505475 | E11: KCN Phố Nối A, Văn Lâm, Hưng Yên | G11: 62 | H11: =G11*23210 -> 1439020 | J11: 430000 | O11: =H11+J11+K11+L11+M11+N11 -> 1869020 | P11: 3530000 | Q11: =P11-O11 -> 1660980
A12: 5 | B12: 44900 | C12: Trả hàng NK sáng 06/12 | D12: TCLU3778920 | E12: Yên Mỹ, Hưng Yên | G12: 70 | H12: =G12*23210 -> 1624700 | J12: 430000 | O12: =H12+J12+K12+L12+M12+N12 -> 2054700 | P12: 3500000 | Q12: =P12-O12 -> 1445300
A13: 6 | B13: 44902 | C13: Đóng hàng chè chiều 07/12 | D13: CULU6206844 | E13: Thuận Châu, Sơn La | G13: 360 | H13: =G13*23210 -> 8355600 | J13: 3460000 | O13: =H13+J13+K13+L13+M13+N13 -> 11815600 | P13: 18611111 | Q13: =P13-O13 -> 6795511
A14: 7 | B14: 44903 | C14: Đóng hàng chè sáng 09/12 | D14: YMMU6631741 | E14: TT Tân Uyên, Tân Uyên, Lai Châu | G14: 378 | H14: =52*23210+326*21670 -> 8271340 | J14: 3450000 | O14: =H14+J14+K14+L14+M14+N14 -> 11721340 | P14: 21770000 | Q14: =P14-O14 -> 10048660
A15: 8 | B15: 44907 | C15: Đóng hàng chè sáng 13/12 | D15: TGBU5158627 | E15: Mỹ Bằng, Yên Sơn, Tuyên Quang | G15: 180 | H15: =G15*21670 -> 3900600 | J15: 1530000 | O15: =H15+J15+K15+L15+M15+N15 -> 5430600 | P15: 8883333 | Q15: =P15-O15 -> 3452733
A16: 9 | B16: 44909 | C16: Trả hàng Vietsun sáng 14/12 | D16: GAOU6506384 | E16: Kho Vũ Hải, km 23 Bần Yên Nhân, Mỹ Hào, Hưng Yên | G16: 62 | H16: =G16*21670 -> 1343540 | J16: 430000 | O16: =H16+J16+K16+L16+M16+N16 -> 1773540 | P16: 3530000 | Q16: =P16-O16 -> 1756460
A17: 10 | B17: 44910 | C17: Đóng hàng chè sáng 16/12 | D17: SEKU5890195 | E17: Mỹ Bằng, Yên Sơn, Tuyên Quang | G17: 184 | H17: =G17*21670 -> 3987280 | J17: 1530000 | O17: =H17+J17+K17+L17+M17+N17 -> 5517280 | P17: 8883333 | Q17: =P17-O17 -> 3366053
A18: 11 | B18: 44910 | C18: Đóng hàng chè chiều 17/12 | D18: MIOU5132235 | E18: Mộc Châu, Sơn La | G18: 240 | H18: =G18*21670 -> 5200800 | J18: 2380000 | O18: =H18+J18+K18+L18+M18+N18 -> 7580800 | P18: 14166667 | Q18: =P18-O18 -> 6585867
A19: 12 | B19: 44914 | C19: Trả hàng Vietsun sáng 19/12 | D19: TCNU4595999 | E19: KCN VSIP Bắc Ninh | G19: 81 | H19: =G19*21670 -> 1755270 | J19: 610000 | O19: =H19+J19+K19+L19+M19+N19 -> 2365270 | P19: 4367778 | Q19: =P19-O19 -> 2002508
A20: 13 | B20: 44915 | C20: Trả hàng Vietsun chiều 20/12 | D20: GAOU6505454 | E20: Cargill KCN Phố Nối A, Hưng Yên | G20: 61 | H20: =G20*21670 -> 1321870 | J20: 430000 | O20: =H20+J20+K20+L20+M20+N20 -> 1751870 | P20: 3400000 | Q20: =P20-O20 -> 1648130
A21: 14 | B21: 44915 | C21: Đóng hàng chè chiều 21/12 | D21: FFAU1514007 | E21: P. Tân Phong, TP. Lai Châu, Lai Châu | G21: 386 | H21: =G21*21600 -> 8337600 | J21: 3450000 | O21: =H21+J21+K21+L21+M21+N21 -> 11787600 | P21: 21870000 | Q21: =P21-O21 -> 10082400
A22: 15 | B22: 44917 | C22: Đóng hàng chè sáng 23/12 | D22: TGBU6097819 | E22: TT. Phong Hải, Bảo Thắng, Lào Cai | G22: 269 | H22: =G22*21600 -> 5810400 | J22: 1938000 | O22: =H22+J22+K22+L22+M22+N22 -> 7748400 | P22: 14800000 | Q22: =P22-O22 -> 7051600
A23: 16 | B23: 44917 | C23: Đóng hàng chè chiều 24/12 | D23: YMLU8754660 | E23: Mộc Châu, Sơn La | G23: 240 | H23: =G23*21600 -> 5184000 | J23: 2380000 | O23: =H23+J23+K23+L23+M23+N23 -> 7564000 | P23: 14166667 | Q23: =P23-O23 -> 6602667
A24: 17 | B24: 44921 | C24: Trả hàng NK sáng 26/12 | D24: GAOU6423187 | E24: Yên Mỹ, Hưng Yên | G24: 64 | H24: =G24*21600 -> 1382400 | J24: 430000 | O24: =H24+J24+K24+L24+M24+N24 -> 1812400 | P24: 3400000 | Q24: =P24-O24 -> 1587600
A25: 18 | B25: 44921 | C25: Đóng hàng XK sáng 27/12 | D25: GLDU9894853 | E25: Xuân Mai, Chương Mỹ, Hà Nội | G25: 110 | H25: =G25*21600 -> 2376000 | J25: 790000 | O25: =H25+J25+K25+L25+M25+N25 -> 3166000 | P25: 5185185 | Q25: =P25-O25 -> 2019185
A26: 19 | B26: 44923 | C26: Đóng hàng chè sáng 28/12 | D26: TCNU4697120 | E26: Mộc Châu, Sơn La | G26: 240 | H26: =G26*21600 -> 5184000 | J26: 2380000 | O26: =H26+J26+K26+L26+M26+N26 -> 7564000 | P26: 14166667 | Q26: =P26-O26 -> 6602667
A27: 20 | B27: 44923 | C27: Trả hàng Vietsun sáng 29/12 | D27: GAOU6507082 | E27: Kho Vinafco, Thanh Trì, Hà Nội | G27: 85 | H27: =G27*21600 -> 1836000 | J27: 790000 | O27: =H27+J27+K27+L27+M27+N27 -> 2626000 | P27: 4190000 | Q27: =P27-O27 -> 1564000
A28: 21 | B28: 44924 | C28: Trả hàng Vietsun sáng 30/12 | D28: GAOU6507333 | E28: KCN Phố Nối A, Văn Lâm, Hưng Yên | G28: 62 | H28: =G28*21600 -> 1339200 | J28: 430000 | O28: =H28+J28+K28+L28+M28+N28 -> 1769200 | P28: 3400000 | Q28: =P28-O28 -> 1630800
A29: 22 | B29: 44926 | C29: Đóng hàng chè sáng 31/12 | D29: TLLU5757478 | E29: Nậm Búng, Văn Chấn, Yên Bái | G29: 260 | H29: =G29*22150 -> 5759000 | J29: 2388000 | O29: =H29+J29+K29+L29+M29+N29 -> 8147000 | P29: 12600000 | Q29: =P29-O29 -> 4453000
C30: Thanh toán tiền phí đăng kiểm xe 15C-180.99 | L30: 150000 | O30: =SUM(K30:N30) -> 150000
C31: Thanh toán tiền làm lốp xe 15C-180.99 ngày 02/12 | N31: 200000 | O31: =SUM(K31:N31) -> 200000
C32: Thanh toán tiền đảo cầu xe 15C-180.99 ngày 3/12 | N32: 100000 | O32: =SUM(K32:N32) -> 100000
C33: Thanh toán tiền tháo lắp hàn chốt két nước, thay ống cao su đường sấy nóng xe 15C-180.99 ngày 21/11 | L33: 600000 | O33: =SUM(K33:N33) -> 600000
C34: Thanh toán tiền đóng bạc 3 dọc 2 đầu, công xe 15C-180.99 ngày 30/11 | L34: 340000 | O34: =SUM(K34:N34) -> 340000
C35: Thanh toán tiền thay bóng hơi tải xe 15C-180.99 ngày 18/11 | L35: 200000 | O35: =SUM(K35:N35) -> 200000
C36: Thanh toán tiền thay moto bơm nước, công sửa điện xe 15C-180.99 ngày 8/12 | L36: 500000 | O36: =SUM(K36:N36) -> 500000
C37: Thanh toán tiền đảo cầu xe 15C-180.99 ngày 8/12 | N37: 300000 | O37: =SUM(K37:N37) -> 300000
C38: Thanh toán tiền ủ dầu rửa xe 15C-180.99 ngày 18/12 | L38: 200000 | O38: =SUM(K38:N38) -> 200000
C39: Thanh toán tiền mua áo phản quang xe 15C-180.99 | L39: 45000 | O39: =SUM(K39:N39) -> 45000
C40: Thanh toán tiền làm lốp + lót ghệt thay xăm cũ xe 15C-180.99 ngày 24/12 | N40: 300000 | O40: =SUM(K40:N40) -> 300000
C41: Thanh toán tiền đảo lốp xe 15C-180.99 ngày 27/12 | N41: 50000 | O41: =SUM(K41:N41) -> 50000
C42: Thah toán tiền lốp L1100R20 casu881 cho xe 15C-180.99 ngày 26/12 | N42: 11800000 | O42: =SUM(K42:N42) -> 11800000
C43: Thanh toán tiền sửa xe 15C-180.99 ( thay xi lanh, gioăng quy lát, bơm nhớt, cảm biến, bi tăng van khí, công thợ) | N43: 16524000 | O43: =SUM(K43:N43) -> 16524000
C44: Thanh toán tiền mua phớt bô li cánh quạt công thay xe 15C-180.99 ngày 08/12 | L44: 550000 | O44: =SUM(K44:N44) -> 550000
C45: Thanh toán tiền làm 1 mayơ, mua phớt mayơ , dầu cầu xe 15C-180.99 ngày 20/12 | L45: 860000 | O45: =SUM(K45:N45) -> 860000
C46: Thanh toán tiền mua phớt đầu , công thay xe 15C-180.99 ngày 22/12 | L46: 700000 | O46: =SUM(K46:N46) -> 700000
C47: Tiền vé trạm thu phí Epass | K47: 12597000 | O47: =SUM(K47:N47) -> 12597000
C48: Lương lx ( ngày công 24/26) | K48: 7400000 | O48: =H48+J48+K48+L48+M48+N48 -> 7400000
C49: Thưởng Tết lái xe | K49: 1000000 | O49: =H49+J49+K49+L49+M49+N49 -> 1000000
C50: Phí gửi xe | L50: 1200000 | O50: =H50+J50+K50+L50+M50+N50 -> 1200000
A51: TỔNG CỘNG | G51: =SUM(G8:G50) -> 3979 | H51: =SUM(H7:H50) -> 87986470 | I51: =SUM(I7:I50) -> 0 | J51: =SUM(J7:J50) -> 35206000 | K51: =SUM(K7:K50) -> 20997000 | L51: =SUM(L7:L50) -> 5345000 | M51: =SUM(M7:M50) -> 0 | N51: =SUM(N7:N50) -> 29274000 | O51: =SUM(O8:O50) -> 178808470 | P51: =SUM(P8:P50) -> 218139259 | Q51: =P51-O51 -> 39330789
P53: LK = | Q53: ='11.2022'!Q44+'12.2022'!Q51 -> 188027423
P54: Phí QL | Q54: 20000000
P55: LN | Q55: =Q53-Q54 -> 168027423
P56: Thưởng 29.55% | Q56: =Q55*29.55% -> 49652103
P57: LN từ 119.57 | Q57: 12075986
Q58: =SUM(Q56:Q57) -> 61728089

Sheet 01.2023
A1: Bảng theo dõi doanh thu/ chi phí theo phương tiện vận chuyển
A2: Biển số xe: 15C - 180.99
A3: THÁNG 01.2023
A5: STT | B5: Ngày tháng | C5: Diễn giải | D5: Số cont | E5: Tuyến đường vận chuyển | F5: Khoảng cách (km) | G5: Chi phí | I5: Mức TTBQ | J5: Đi đường | K5: Lương lx | L5: Sửa chữa | M5: Lốp | N5: Dầu máy | O5: Tổng chi phí | P5: Cước vận chuyển | Q5: Lợi nhuận gộp
G6: Dầu (l) | H6: Dầu (đồng)
A8: 1 | B8: 44930 | C8: Trả hàng Vietsun sáng 04/01 | D8: DRYU9961260 | E8: KCN Yên Mỹ 2, TT Yên Mỹ, Hưng Yên | G8: 65 | H8: =G8*22150 -> 1439750 | J8: 430000 | O8: =H8+J8+K8+L8+M8+N8 -> 1869750 | P8: 3160000 | Q8: =P8-O8 -> 1290250
A9: 2 | B9: 44930 | C9: Trả hàng Vietsun sáng 05/01 | D9: DRYU9592259 | E9: KCN Quế Võ, Bắc Ninh | G9: 69 | H9: =G9*22150 -> 1528350 | J9: 790000 | O9: =H9+J9+K9+L9+M9+N9 -> 2318350 | P9: 4050000 | Q9: =P9-O9 -> 1731650
A10: 3 | B10: 44932 | C10: Đóng hàng chè sáng 07/01 | D10: EGHU9372341 | E10: Mỹ Bằng, Yên Sơn, Tuyên Quang | G10: 180 | H10: =G10*22150 -> 3987000 | J10: 1530000 | O10: =H10+J10+K10+L10+M10+N10 -> 5517000 | P10: 8883333 | Q10: =P10-O10 -> 3366333
A11: 4 | B11: 44933 | C11: Đóng hàng chè chiều 09/01 - 10/01 | D11: FFAU1520313 | E11: Bản Bo, TP. Tam Đường, Lai Châu | G11: 367 | H11: =G11*22150 -> 8129050 | J11: 3398000 | O11: =H11+J11+K11+L11+M11+N11 -> 11527050 | P11: 22520000 | Q11: =P11-O11 -> 10992950
A12: 5 | B12: 44940 | C12: Đóng hàng chè sáng 12/01 | D12: YMMU6371264 | E12: Bản Giang, Tam Đường, Lai Châu | G12: 392 | H12: =G12*21630 -> 8478960 | J12: 3184000 | O12: =H12+J12+K12+L12+M12+N12 -> 11662960 | P12: 21870000 | Q12: =P12-O12 -> 10207040
A13: 6 | B13: 44940 | C13: Đóng hàng chè sáng 14/01 | D13: BEAU4843021 | E13: Tiên Phú, Phù Ninh, Phú Thọ | G13: 151 | H13: =G13*21630 -> 3266130 | J13: 1190000 | O13: =H13+J13+K13+L13+M13+N13 -> 4456130 | P13: 7000000 | Q13: =P13-O13 -> 2543870
A14: 7 | B14: 44940 | C14: Đóng hàng chè sáng 16/01 | D14: TGHU9802935 | E14: Bản Giang, Tam Đường, Lai Châu | G14: 393 | H14: =G14*21630 -> 8500590 | J14: 2985000 | O14: =H14+J14+K14+L14+M14+N14 -> 11485590 | P14: 21870000 | Q14: =P14-O14 -> 10384410
C16: Thanh toán tiền mua 2 đèn tròn hậu moóc, đèn sườn to xe 15C-180.99 | L16: 170000 | O16: =SUM(K16:N16) -> 170000
C17: chi tiền thưởng tết dương lịch | K17: 300000 | O17: =SUM(K17:N17) -> 300000
C18: Thanh toán tiền đảo lốp xe 15C-180.99 ngày 8/1 | M18: 50000 | O18: =SUM(K18:N18) -> 50000
C19: Thanh toán tiền mua 4 cáp nối bình xe 15C-180.99 ngày 11/1 | L19: 500000 | O19: =SUM(K19:N19) -> 500000
C20: Chi tiền cứu hộ xe 15C-180.99 cont TGHU9802935 | L20: 14000000 | O20: =SUM(K20:N20) -> 14000000
C21: Thanh toán tiền câu binh xe 15C-180.99 | M21: 500000 | O21: =SUM(K21:N21) -> 500000
C22: Thanh toán tiền thay lốp dự phòng xe 15C-180.99 | M22: 600000 | O22: =SUM(K22:N22) -> 600000
C23: Thanh toán tiền cho Đông Trọng Thịnh - mua lốp 1100R20 xe 15C-180.99 ngày 08/1 | M23: 11800000 | O23: =SUM(K23:N23) -> 11800000
C24: Tiền vé trạm thu phí Epass | K24: 8144000 | O24: =SUM(K24:N24) -> 8144000
C25: Lương lx ( ngày công 14/26) | K25: =8000000/26*10 +1200000 -> 4276923.1 | O25: =H25+J25+K25+L25+M25+N25 -> 4276923.1
C26: Phí gửi xe | L26: 1200000 | O26: =H26+J26+K26+L26+M26+N26 -> 1200000
A27: TỔNG CỘNG | G27: =SUM(G8:G26) -> 1617 | H27: =SUM(H7:H26) -> 35329830 | I27: =SUM(I7:I26) -> 0 | J27: =SUM(J7:J26) -> 13507000 | K27: =SUM(K7:K26) -> 12720923 | L27: =SUM(L7:L26) -> 15870000 | M27: =SUM(M7:M26) -> 12950000 | N27: =SUM(N7:N26) -> 0 | O27: =SUM(O8:O26) -> 90377753 | P27: =SUM(P8:P26) -> 89353333 | Q27: =P27-O27 -> -1024420.1
P29: LK = | Q29: =Q27 -> -1024420.1

Sheet 02.2023
A1: Bảng theo dõi doanh thu/ chi phí theo phương tiện vận chuyển
A2: Biển số xe: 15C - 180.99
A3: THÁNG 02.2023
A5: STT | B5: Ngày tháng | C5: Diễn giải | D5: Số cont | E5: Tuyến đường vận chuyển | F5: Khoảng cách (km) | G5: Chi phí | I5: Mức TTBQ | J5: Đi đường | K5: Lương lx | L5: Sửa chữa | M5: Lốp | N5: Dầu máy | O5: Tổng chi phí | P5: Cước vận chuyển | Q5: Lợi nhuận gộp
G6: Dầu (l) | H6: Dầu (đồng)
A8: 1 | B8: 44959 | C8: Trả hàng NK sáng 03/02 | D8: DFSU4311175 | E8: Mông Hóa, Hòa Bình | G8: 132 | H8: =G8*22520 -> 2972640 | J8: 890000 | O8: =H8+J8+K8+L8+M8+N8 -> 3862640 | P8: 6300000 | Q8: =P8-O8 -> 2437360
A9: 2 | B9: 44963 | C9: Đóng hàng chè sáng 06/02 | D9: EITU9366817 | E9: Mỹ Bằng, Yên Sơn, Tuyên Quang | G9: 180 | H9: =G9*22520 -> 4053600 | J9: 1530000 | O9: =H9+J9+K9+L9+M9+N9 -> 5583600 | P9: 9022222 | Q9: =P9-O9 -> 3438622
A10: 3 | B10: 44963 | C10: Trả hàng phế liệu sáng 07/02 | D10: CSLU1694315 | E10: Đồng Tâm, Lạc Thủy, Hòa Bình | G10: 118 | H10: =G10*22520 -> 2657360 | J10: 790000 | O10: =H10+J10+K10+L10+M10+N10 -> 3447360 | P10: 5390000 | Q10: =P10-O10 -> 1942640
A11: 4 | B11: 44964 | C11: Trả hàng phế liệu sáng 08/02 | D11: OOLU2987170 | E11: Đồng Tâm, Lạc Thủy, Hòa Bình | G11: 118 | H11: =G11*22520 -> 2657360 | J11: 790000 | O11: =H11+J11+K11+L11+M11+N11 -> 3447360 | P11: 5390000 | Q11: =P11-O11 -> 1942640
A12: 5 | B12: 44965 | C12: Trả hàng Vietsun sáng 09/02 | D12: CAAU5136299 | E12: CCN Quất Động, Thường Tín, Hà Nội | G12: 89 | H12: =G12*22520 -> 2004280 | J12: 790000 | O12: =H12+J12+K12+L12+M12+N12 -> 2794280 | P12: 3960000 | Q12: =P12-O12 -> 1165720
A13: 6 | B13: 44968 | C13: Đóng hàng chè sáng 12/02 | D13: FFAU1259283 | E13: P. Tân Phong, TP. Lai Châu, Lai Châu | G13: 390 | H13: =(G13-2)*22520+2*21560 -> 8780880 | J13: 3463000 | O13: =H13+J13+K13+L13+M13+N13 -> 12243880 | P13: 22200000 | Q13: =P13-O13 -> 9956120
A14: 7 | B14: 44971 | C14: Đóng hàng XK sáng 14/02 | D14: TGBU4279347 | E14: Phổ Yên, Thái Nguyên | G14: 111 | H14: =G14*21560 -> 2393160 | J14: 830000 | O14: =H14+J14+K14+L14+M14+N14 -> 3223160 | P14: 5100000 | Q14: =P14-O14 -> 1876840
A15: 8 | B15: 44971 | C15: Trả hàng NK sáng 15/02 | D15: MSDU5523766 | E15: KCN Quang Minh, Hà Nội | G15: 107 | H15: =G15*21560 -> 2306920 | J15: 890000 | O15: =H15+J15+K15+L15+M15+N15 -> 3196920 | P15: 4800000 | Q15: =P15-O15 -> 1603080
A16: 9 | B16: 44972 | C16: Trả hàng Vietsun sáng 16/02 | D16: GAOU6507333 | E16: KCN Quế Võ, Bắc Ninh | G16: 68 | H16: =G16*21560 -> 1466080 | J16: 790000 | O16: =H16+J16+K16+L16+M16+N16 -> 2256080 | P16: 4050000 | Q16: =P16-O16 -> 1793920
A17: 10 | B17: 44974 | C17: Trả hàng Vietsun sáng 17/02 | D17: TCNU6563938 | E17: KCN VSIP Bắc Ninh | G17: 85 | H17: =G17*21560 -> 1832600 | J17: 790000 | O17: =H17+J17+K17+L17+M17+N17 -> 2622600 | P17: 4367273 | Q17: =P17-O17 -> 1744673
A18: 11 | B18: 44975 | C18: Trả hàng NK chiều 18/02 | D18: TEMU7920011 | E18: Máy soi Nam Hải Đình Vũ - Kỳ Sơn, Hòa Bình | G18: 136 | H18: =(G18*21560) -> 2932160 | J18: 1090000 | O18: =H18+J18+K18+L18+M18+N18 -> 4022160 | P18: 5800000 | Q18: =P18-O18 -> 1777840
A19: 12 | B19: 44977 | C19: Trả hàng NK chiều 20/02 | D19: TLLU3489946 | E19: Phú Thị, Gia Lâm, Hà Nội | G19: 78 | H19: =(G19-2)*20800+2*21560 -> 1623920 | J19: 790000 | O19: =H19+J19+K19+L19+M19+N19 -> 2413920 | P19: 4100000 | Q19: =P19-O19 -> 1686080
A20: 13 | B20: 44977 | C20: Trả hàng + đóng hàng KH 21/02 | D20: CICU8421131 | E20: KCN VSIP Bắc Ninh | G20: 83 | H20: =G20*20800 -> 1726400 | J20: 790000 | O20: =H20+J20+K20+L20+M20+N20 -> 2516400 | P20: 4200000 | Q20: =P20-O20 -> 1683600
A21: 14 | B21: 44978 | C21: Trả hàng NK sáng 22/02 | D21: TGBU9854156 | E21: KCN VSIP Bắc Ninh | G21: 89 | H21: =G21*20800 -> 1851200 | J21: 790000 | O21: =H21+J21+K21+L21+M21+N21 -> 2641200 | P21: 4200000 | Q21: =P21-O21 -> 1558800
A22: 15 | B22: 44979 | C22: Trả hàng Vietsun sáng 23/02 | D22: GAOU6800017 | E22: Thanh Liêm, Hà Nam | G22: 92 | H22: =G22*20800 -> 1913600 | J22: 430000 | O22: =H22+J22+K22+L22+M22+N22 -> 2343600 | P22: 5166364 | Q22: =P22-O22 -> 2822764
A23: 16 | B23: 44980 | C23: Trả hàng + đóng hàng KH 25/02 | D23: FCIU4683219 | E23: Nghi Sơn, Thanh Hóa - KCN Lễ Môn, Thanh Hóa | G23: 218 | H23: =G23*20800 -> 4534400 | J23: 990000 | O23: =H23+J23+K23+L23+M23+N23 -> 5524400 | P23: 7800000 | Q23: =P23-O23 -> 2275600
A24: 17 | B24: 44982 | C24: Đóng hàng chè sáng 27/02 | D24: CAIU7423665 | E24: Mỹ Bằng, Yên Sơn, Tuyên Quang | G24: 195 | H24: =G24*20250 -> 3948750 | J24: 1530000 | O24: =H24+J24+K24+L24+M24+N24 -> 5478750 | P24: 9081481 | Q24: =P24-O24 -> 3602731
A25: 18 | B25: 44984 | C25: Trả hàng Vietsun sáng 28/02 | D25: GAOU6506595 | E25: Kho VSIP, Bắc Ninh | G25: 81 | H25: =G25*20250 -> 1640250 | J25: 790000 | O25: =H25+J25+K25+L25+M25+N25 -> 2430250 | P25: 4367273 | Q25: =P25-O25 -> 1937023
C27: Thay lắp chắn bùn trước, inox đai, đai bô, hàn tay gương xe 15C-180.99 | L27: 900000 | O27: =SUM(K27:N27) -> 900000
C28: Thanh toán Cty định vị bách khoa tiền thu phí duy trì camera 4 xe 15C-136.31, 15C-139.82, 15C-070.63, 15C-180.99 hết 12/2023 | L28: =4424000/4 -> 1106000 | O28: =SUM(K28:N28) -> 1106000
C29: Thanh toán tiền cứu hộ xe + thay 2 xăm xe 15C-180.99 ngày 12/2 | L29: 900000 | O29: =SUM(K29:N29) -> 900000
C30: Thanh toán tiền mua đèn hậu, đèn sườn + công thợ xe 15C-180.99 ngày 10/2 | L30: 85000 | O30: =SUM(K30:N30) -> 85000
C31: Thanh toán tiền thay dương, sửa điện pha bóp pha, cốt xe 15C-180.99 ngày 14/2 | L31: 330000 | O31: =SUM(K31:N31) -> 330000
C32: Thanh toán tiền sửa vỉ điện, tổng phanh dưới mâm, thay bộ zoăng phớt xe 15C-180.99 ngày 10/2 | L32: 450000 | O32: =SUM(K32:N32) -> 450000
C33: Thanh toán tiền dầu total rubia tir 7400 20W50-208L xe 15C-139.82; 15C-180.99; 15C-136.31; 15C-070.63 | N33: =13500000/4 -> 3375000 | O33: =SUM(K33:N33) -> 3375000
C34: Thanh toán tiền lốp L295/75/16/ casu /6111 xe 15C-180.99 ngày 10/2 | M34: 9800000 | O34: =SUM(K34:N34) -> 9800000
C35: Thanh toán tiền thay ly tâm quạt gió xe 15C-180.99 ngày 23/2 | L35: 14000000 | O35: =SUM(K35:N35) -> 14000000
C36: Thanh toán tiền bơm mỡ xe 15C-180.99 ngày 08/12/22 | L36: 200000 | O36: =SUM(K36:N36) -> 200000
C37: Thanh toán tiền thay 1 cò nhôm mỡ ngoài cánh lái xe 15C-180.99 ngày 23/02 | L37: 300000 | O37: =SUM(K37:N37) -> 300000
C38: Thanh toán tiền thay van điều áp trước bơm ga + dầu lạnh, công thợ xe 15C-180.99 ngày 13/2 | L38: 1800000 | O38: =SUM(K38:N38) -> 1800000
C39: Mua 2 lò xo to, 2 co lăn, tán 1 bộ phanh moóc, công xe 15C-180.99 ngày 4/2 | L39: 600000 | O39: =SUM(K39:N39) -> 600000
C40: Tiền vé trạm thu phí Epass | K40: 8677000 | O40: =SUM(K40:N40) -> 8677000
C41: Lương lx ( ngày công 24/24) | K41: 8000000 | O41: =H41+J41+K41+L41+M41+N41 -> 8000000
C42: Phí gửi xe | L42: 1200000 | O42: =H42+J42+K42+L42+M42+N42 -> 1200000
A43: TỔNG CỘNG | G43: =SUM(G8:G42) -> 2370 | H43: =SUM(H7:H42) -> 51295560 | I43: =SUM(I7:I42) -> 0 | J43: =SUM(J7:J42) -> 18753000 | K43: =SUM(K7:K42) -> 16677000 | L43: =SUM(L7:L42) -> 21871000 | M43: =SUM(M7:M42) -> 9800000 | N43: =SUM(N7:N42) -> 3375000 | O43: =SUM(O8:O42) -> 121771560 | P43: =SUM(P8:P42) -> 115294613 | Q43: =P43-O43 -> -6476947
P45: LK = | Q45: ='01.2023'!Q29+'02.2023'!Q43 -> -7501367.1

Sheet 03.2023
A1: Bảng theo dõi doanh thu/ chi phí theo phương tiện vận chuyển
A2: Biển số xe: 15C - 180.99
A3: THÁNG 03.2023
A5: STT | B5: Ngày tháng | C5: Diễn giải | D5: Số cont | E5: Tuyến đường vận chuyển | F5: Khoảng cách (km) | G5: Chi phí | I5: Mức TTBQ | J5: Đi đường | K5: Lương lx | L5: Sửa chữa | M5: Lốp | N5: Dầu máy | O5: Tổng chi phí | P5: Cước vận chuyển | Q5: Lợi nhuận gộp
G6: Dầu (l) | H6: Dầu (đồng)
A8: 1 | B8: 44985 | C8: Trả hàng + đóng hàng KH 01/03 | D8: TCKU3325720 | E8: Ninh Sơn, TP. Ninh Bình - KCN Lễ Môn, Thanh Hóa | G8: 165 | H8: =G8*20250 -> 3341250 | J8: 990000 | O8: =H8+J8+K8+L8+M8+N8 -> 4331250 | P8: 6600000 | Q8: =P8-O8 -> 2268750
A9: 2 | B9: 44986 | C9: Trả hàng phế liệu sáng 02/03 | D9: TRLU5745441 | E9: Đồng Tâm, Lạc Thủy, Hòa Bình | G9: 101 | H9: =G9*20250 -> 2045250 | J9: =790000+200000 -> 990000 | O9: =H9+J9+K9+L9+M9+N9 -> 3035250 | P9: 5900000 | Q9: =P9-O9 -> 2864750
A10: 3 | B10: 44988 | C10: Đóng hàng XK sáng 04/03 | D10: MSDU1632650 | E10: Xuân Mai, Chương Mỹ, Hà Nội | G10: 124 | H10: =G10*20250 -> 2511000 | J10: 790000 | O10: =H10+J10+K10+L10+M10+N10 -> 3301000 | P10: 5363636 | Q10: =P10-O10 -> 2062636
A11: 4 | B11: 44991 | C11: Trả hàng + đóng hàng KH 06/03 | D11: WHLU2932000 | E11: TT. Đồng Văn, Duy Tiên, Hà Nam - Phủ Lý, Hà Nam | G11: 124 | H11: =G11*20250 -> 2511000 | J11: 1090000 | O11: =H11+J11+K11+L11+M11+N11 -> 3601000 | P11: 5800000 | Q11: =P11-O11 -> 2199000
A12: 5 | B12: 44992 | C12: Trả hàng NK sáng 07/03 | D12: CAIU7472778 | E12: KCN VSIP Bắc Ninh | G12: 85 | H12: =G12*20250 -> 1721250 | J12: 790000 | O12: =H12+J12+K12+L12+M12+N12 -> 2511250 | P12: 4100000 | Q12: =P12-O12 -> 1588750
A13: 6 | B13: 44993 | C13: Trả hàng NK sáng 08/03 | D13: FSCU5985906 | E13: KCN Quang Minh, Hà Nội | G13: 99 | H13: =G13*20250 -> 2004750 | J13: 890000 | O13: =H13+J13+K13+L13+M13+N13 -> 2894750 | P13: 4800000 | Q13: =P13-O13 -> 1905250
A14: 7 | B14: 44993 | C14: Đóng hàng XK sáng 09/03 | D14: TRLU9687111 | E14: Xuân Mai, Chương Mỹ, Hà Nội | G14: 124 | H14: =G14*20250 -> 2511000 | J14: 790000 | O14: =H14+J14+K14+L14+M14+N14 -> 3301000 | P14: 5363636 | Q14: =P14-O14 -> 2062636
A15: 8 | B15: 44994 | C15: Trả hàng Vietsun sáng 10/03 | D15: DRYU9969846 | E15: Văn Môn, Yên Phong, Bắc Ninh | G15: 85 | H15: =G15*20250 -> 1721250 | J15: 790000 | O15: =H15+J15+K15+L15+M15+N15 -> 2511250 | P15: 4747272 | Q15: =P15-O15 -> 2236022
A16: 9 | B16: 44996 | C16: Trả hàng NK sáng 11/03 | D16: CRSU9239604 | E16: Phủ Lý, Hà Nam + KCN Đồng Văn IV, Hà Nam | G16: 112 | H16: =G16*20250 -> 2268000 | J16: 710000 | O16: =H16+J16+K16+L16+M16+N16 -> 2978000 | P16: 4100000 | Q16: =P16-O16 -> 1122000
A17: 10 | B17: 44997 | C17: Trả hàng phế liệu ngày 13/03 | D17: TEMU7875972 | E17: Đồng Tâm, Lạc Thủy, Hòa Bình | G17: 106 | H17: =G17*20250-19*20250 -> 1761750 | J17: 790000 | O17: =H17+J17+K17+L17+M17+N17 -> 2551750 | P17: 4900000 | Q17: =P17-O17 -> 2348250
A18: 11 | B18: 44999 | C18: Trả hàng NK chiều 14/03 | D18: DRYU9874648 | E18: KCN Bảo Minh, Vụ Bản, Nam Định | G18: 84 | H18: =G18*20500+19*20500 -> 2111500 | J18: 430000 | O18: =H18+J18+K18+L18+M18+N18 -> 2541500 | P18: 3800000 | Q18: =P18-O18 -> 1258500
A19: 12 | B19: 45000 | C19: Đóng hàng XK sáng 17/03 | D19: MSKU7932100 | E19: Xuân Mai, Chương Mỹ, Hà Nội | G19: 124 | H19: =G19*20500 -> 2542000 | J19: 790000 | O19: =H19+J19+K19+L19+M19+N19 -> 3332000 | P19: 5363636 | Q19: =P19-O19 -> 2031636
A20: 13 | B20: 45002 | C20: Đóng hàng XK sáng 18/03 | D20: BEAU5150551 | E20: KCN Yên Bình, Hồng Tiến, Phổ Yên, Thái Nguyên | G20: 124 | H20: =G20*20500 -> 2542000 | J20: 830000 | O20: =H20+J20+K20+L20+M20+N20 -> 3372000 | P20: 4900000 | Q20: =P20-O20 -> 1528000
A21: 14 | B21: 45003 | C21: Đóng hàng chè sáng 20/03 | D21: TGBU4548472 | E21: Mỹ Bằng, Yên Sơn, Tuyên Quang | G21: 180 | H21: =G21*20500 -> 3690000 | J21: 1530000 | O21: =H21+J21+K21+L21+M21+N21 -> 5220000 | P21: 8509091 | Q21: =P21-O21 -> 3289091
A22: 15 | B22: 45006 | C22: Đóng hàng XK sáng 21/03 | D22: MSMU7911113 | E22: KCN Đồng Văn IV, Đại Cương, Kim Bảng, Hà Nam | G22: 100 | H22: =G22*20500-13*20500 -> 1783500 | J22: 790000 | O22: =H22+J22+K22+L22+M22+N22 -> 2573500 | P22: 4200000 | Q22: =P22-O22 -> 1626500
A23: 16 | B23: 45006 | C23: Trả hàng NK sáng 22/03 | D23: CAIU4966463 | E23: Vân Nội, Đông Anh, Hà Nội | G23: 88 | H23: =G23*19300+13*19300 -> 1949300 | J23: 790000 | O23: =H23+J23+K23+L23+M23+N23 -> 2739300 | P23: 4200000 | Q23: =P23-O23 -> 1460700
A24: 17 | B24: 45007 | C24: Đóng hàng chè sáng 23/03 | D24: WHLU5720956 | E24: TT Trần Phú, Văn Chấn, Yên Bái | G24: 180 | H24: =G24*19300 -> 3474000 | J24: 1710000 | O24: =H24+J24+K24+L24+M24+N24 -> 5184000 | P24: 10227273 | Q24: =P24-O24 -> 5043273
A25: 18 | B25: 45007 | C25: Trả hàng Vietsun sáng 24/03 | D25: GAOU6798769 | E25: KCN Quế Võ, Bắc Ninh | G25: 69 | H25: =G25*19300 -> 1331700 | J25: 790000 | O25: =H25+J25+K25+L25+M25+N25 -> 2121700 | P25: 3800000 | Q25: =P25-O25 -> 1678300
A26: 19 | B26: 45010 | C26: Đóng hàng XK sáng 25/03 | D26: ZCSU6706421 | E26: KCN Đồng Văn IV, Đại Cương, Kim Bảng, Hà Nam | G26: 100 | H26: =G26*19300 -> 1930000 | J26: 790000 | O26: =H26+J26+K26+L26+M26+N26 -> 2720000 | P26: 4150000 | Q26: =P26-O26 -> 1430000
A27: 20 | B27: 45012 | C27: Trả hàng phế liệu sáng 27/03 | D27: CBHU8888076 | E27: Đồng Tâm, Lạc Thủy, Hòa Bình | G27: 106 | H27: =G27*19300 -> 2045800 | J27: 790000 | O27: =H27+J27+K27+L27+M27+N27 -> 2835800 | P27: 4900000 | Q27: =P27-O27 -> 2064200
A28: 21 | B28: 45013 | C28: Trả hàng Vietsun sáng 28/03 | D28: DRYU9592794 | E28: Văn Môn, Yên Phong, Bắc Ninh | G28: 85 | H28: =G28*19300 -> 1640500 | J28: 790000 | O28: =H28+J28+K28+L28+M28+N28 -> 2430500 | P28: 4597273 | Q28: =P28-O28 -> 2166773
A29: 22 | B29: 45013 | C29: Trả hàng Vietsun sáng 29/03 | D29: TCNU4785284 | E29: Kho Masan, Dị Sử, Hưng Yên | G29: 87 | H29: =G29*19300 -> 1679100 | J29: 1290000 | O29: =H29+J29+K29+L29+M29+N29 -> 2969100 | P29: 3050000 | Q29: =P29-O29 -> 80900
A30: 23 | B30: 45014 | C30: Đóng hàng KH sáng 30/03 | D30: TCNU4785284 | E30: Văn Lâm, Hưng Yên | H30: =G30*19300 -> 0 | O30: =H30+J30+K30+L30+M30+N30 -> 0 | P30: 3700000 | Q30: =P30-O30 -> 3700000
C32: Thanh toán tiền lọc dầu nhớt P551088 , lọc nhiên liệu P550821, lọc nhiên liệu tách nước P550748 xe 15C-180.99 | L32: 1815000 | O32: =SUM(K32:N32) -> 1815000
C33: Thanh toán tiền hàn gia cố ba đờ sốc , hàn ráp đinh mooc 2 bên, cắt tháo bình nước, xe 15C-180.99 | L33: 1800000 | O33: =SUM(K33:N33) -> 1800000
C34: Ép dây lọc li tâm, công thợ xe 15C-180.99 ngày 08/1 | L34: 400000 | O34: =SUM(K34:N34) -> 400000
C35: Mua 1 bạc nhíp tải, công thay bạc nhíp, tán 5 bộ phanh moóc, công thợ xe 15C-180.99 ngày 15/3 | L35: 3240000 | O35: =SUM(K35:N35) -> 3240000
C36: Tiền vé trạm thu phí Epass | K36: 8334000 | O36: =SUM(K36:N36) -> 8334000
C37: Thanh toán tiền bơm mỡ xe 15C-180.99 ngày 15/3 | L37: 200000 | O37: =SUM(K37:N37) -> 200000
C38: Lương lx ( ngày công 27/26) | K38: 8300000 | O38: =H38+J38+K38+L38+M38+N38 -> 8300000
C39: Phí gửi xe | L39: 1200000 | O39: =H39+J39+K39+L39+M39+N39 -> 1200000
A40: TỔNG CỘNG | G40: =SUM(G8:G39) -> 2452 | H40: =SUM(H7:H39) -> 49115900 | I40: =SUM(I7:I39) -> 0 | J40: =SUM(J7:J39) -> 19940000 | K40: =SUM(K7:K39) -> 16634000 | L40: =SUM(L7:L39) -> 8655000 | M40: =SUM(M7:M39) -> 0 | N40: =SUM(N7:N39) -> 0 | O40: =SUM(O8:O39) -> 94344900 | P40: =SUM(P8:P39) -> 117071817 | Q40: =P40-O40 -> 22726917
P42: LK = | Q42: ='02.2023'!Q45+'03.2023'!Q40 -> 15225550

Sheet 04.2023
A1: Bảng theo dõi doanh thu/ chi phí theo phương tiện vận chuyển
A2: Biển số xe: 15C - 180.99
A3: THÁNG 04.2023
A5: STT | B5: Ngày tháng | C5: Diễn giải | D5: Số cont | E5: Tuyến đường vận chuyển | F5: Khoảng cách (km) | G5: Chi phí | I5: Mức TTBQ | J5: Đi đường | K5: Lương lx | L5: Sửa chữa | M5: Lốp | N5: Dầu máy | O5: Tổng chi phí | P5: Cước vận chuyển | Q5: Lợi nhuận gộp
G6: Dầu (l) | H6: Dầu (đồng)
A8: 1 | B8: 45016 | C8: Đóng hàng chè sáng 01/04 | D8: OOCU7402851 | E8: Vân Lĩnh, Thanh Ba, Phú Thọ | G8: 160 | H8: =G8*19300 -> 3088000 | J8: 1130000 | O8: =H8+J8+K8+L8+M8+N8 -> 4218000 | P8: 6850000 | Q8: =P8-O8 -> 2632000
A9: 2 | B9: 45019 | C9: Đóng hàng chè sáng 03/04 | D9: TGBU8923015 | E9: TT Tân Uyên, Tân Uyên, Lai Châu | G9: 378 | H9: =G9*19430 -> 7344540 | J9: 2970000 | O9: =H9+J9+K9+L9+M9+N9 -> 10314540 | P9: 20250000 | Q9: =P9-O9 -> 9935460
A10: 3 | B10: 45020 | C10: Trả hàng Vietsun sáng 05/04 | D10: DRYU9878561 | E10: KCN Phố Nối A, Văn Lâm, Hưng Yên | G10: 62 | H10: =G10*19430 -> 1204660 | J10: 430000 | O10: =H10+J10+K10+L10+M10+N10 -> 1634660 | P10: 3290000 | Q10: =P10-O10 -> 1655340
A11: 4 | B11: 45021 | C11: Đóng hàng XK sáng 06/04 | D11: MSMU7663017 | E11: KCN Đồng Văn IV, Đại Cương, Kim Bảng, Hà Nam | G11: 100 | H11: =G11*19430 -> 1943000 | J11: 790000 | O11: =H11+J11+K11+L11+M11+N11 -> 2733000 | P11: 4150000 | Q11: =P11-O11 -> 1417000
A12: 5 | B12: 45022 | C12: Đóng hàng XK sáng 07/04 | D12: EITU3177565 | E12: Bình Giang, Hải Dương | G12: 54 | H12: =G12*19430 -> 1049220 | J12: 340000 | O12: =H12+J12+K12+L12+M12+N12 -> 1389220 | P12: 3100000 | Q12: =P12-O12 -> 1710780
A13: 6 | B13: 45024 | C13: Đóng hàng XK sáng 08/04 | D13: EITU0025316 | E13: Bình Giang, Hải Dương | G13: 54 | H13: =G13*19430 -> 1049220 | J13: 340000 | O13: =H13+J13+K13+L13+M13+N13 -> 1389220 | P13: 3100000 | Q13: =P13-O13 -> 1710780
A14: 7 | B14: 45024 | C14: Đóng hàng XK sáng 10/04 | D14: EGHU3220594 | E14: Bình Giang, Hải Dương | G14: 54 | H14: =G14*20140 -> 1087560 | J14: 340000 | O14: =H14+J14+K14+L14+M14+N14 -> 1427560 | P14: 3100000 | Q14: =P14-O14 -> 1672440
A15: 8 | B15: 45026 | C15: Đóng hàng chè sáng 11/04 | D15: CAIU4553264 | E15: Thanh Ba, Phú Thọ | G15: 151 | H15: =G15*20140 -> 3041140 | J15: 950000 | O15: =H15+J15+K15+L15+M15+N15 -> 3991140 | P15: 6850000 | Q15: =P15-O15 -> 2858860
A16: 9 | B16: 45028 | C16: Đóng hàng chè chiều 12/04 | D16: TLLU5744296 | E16: Bản Giang, Tam Đường, Lai Châu | G16: 392 | H16: =G16*20140 -> 7894880 | J16: 2820000 | O16: =H16+J16+K16+L16+M16+N16 -> 10714880 | P16: 20900000 | Q16: =P16-O16 -> 10185120
A17: 10 | B17: 45030 | C17: Đóng hàng XK sáng 14/04 | D17: VMLU3859310 | E17: Bình Giang, Hải Dương | G17: 54 | H17: =G17*20140 -> 1087560 | J17: 340000 | O17: =H17+J17+K17+L17+M17+N17 -> 1427560 | P17: 3100000 | Q17: =P17-O17 -> 1672440
A18: 11 | B18: 45031 | C18: Trả hàng NK chiều 15/04 | D18: EMCU6215678 | E18: KCN Đông Mai, Quảng Yên, Quảng Ninh | G18: 45 | H18: =G18*20140 -> 906300 | J18: 430000 | O18: =H18+J18+K18+L18+M18+N18 -> 1336300 | P18: 2600000 | Q18: =P18-O18 -> 1263700
A19: 12 | B19: 45031 | C19: Đóng hàng chè sáng 17/04 | D19: TGBU4370550 | E19: Thanh Ba, Phú Thọ | G19: 164 | H19: =G19*20140 -> 3302960 | J19: 1130000 | O19: =H19+J19+K19+L19+M19+N19 -> 4432960 | P19: 6850000 | Q19: =P19-O19 -> 2417040
A20: 13 | B20: 45033 | C20: Đóng hàng XK sáng 18/04 | D20: NYKU8507109 | E20: KCN Vân Trung, Việt Yên, Bắc Giang | G20: 78 | H20: =G20*20140 -> 1570920 | J20: 790000 | O20: =H20+J20+K20+L20+M20+N20 -> 2360920 | P20: 4100000 | Q20: =P20-O20 -> 1739080
A21: 14 | B21: 45034 | C21: Trả hàng Vietsun sáng 19/04 | D21: GAOU6144942 | E21: KCN Quế Võ, Bắc Ninh | G21: 68 | H21: =G21*20140 -> 1369520 | J21: 790000 | O21: =H21+J21+K21+L21+M21+N21 -> 2159520 | P21: 3670000 | Q21: =P21-O21 -> 1510480
A22: 15 | B22: 45035 | C22: Trả hàng phế liệu sáng 20/04 | D22: FSCU9419614 | E22: Đồng Tâm, Lạc Thủy, Hòa Bình | G22: 103 | H22: =G22*20140 -> 2074420 | J22: 790000 | O22: =H22+J22+K22+L22+M22+N22 -> 2864420 | P22: 5200000 | Q22: =P22-O22 -> 2335580
A23: 16 | B23: 45036 | C23: Đóng hàng XK sáng 21/04 | D23: MSDU4530077 | E23: KCN Đông Mai, Quảng Yên, Quảng Ninh | G23: 58 | H23: =G23*20140 -> 1168120 | J23: 430000 | O23: =H23+J23+K23+L23+M23+N23 -> 1598120 | P23: 2900000 | Q23: =P23-O23 -> 1301880
A24: 17 | B24: 45037 | C24: Đóng hàng chè sáng 23/04 | D24: YMLU9009635 | E24: Bản Giang, Tam Đường, Lai Châu | G24: 392 | H24: =50*20140+342*19390 -> 7638380 | J24: 2970000 | O24: =H24+J24+K24+L24+M24+N24 -> 10608380 | P24: 20900000 | Q24: =P24-O24 -> 10291620
A25: 18 | B25: 45040 | C25: Đóng hàng XK tôi 24/04 | D25: BMOU4080114 | E25: Bỉm Sơn, Thanh Hóa | G25: 114 | H25: =G25*19390 -> 2210460 | J25: 640000 | O25: =H25+J25+K25+L25+M25+N25 -> 2850460 | P25: 4900000 | Q25: =P25-O25 -> 2049540
A26: 19 | B26: 45040 | C26: Đóng hàng XK sáng 25/04 | D26: MSDU4110243 | E26: KCN Đông Mai, Quảng Yên, Quảng Ninh | G26: 58 | H26: =G26*19390 -> 1124620 | J26: 430000 | O26: =H26+J26+K26+L26+M26+N26 -> 1554620 | P26: 2900000 | Q26: =P26-O26 -> 1345380
A27: 20 | B27: 45041 | C27: Trả hàng NK sáng 26/04 | D27: CXDU2050608 | E27: KCN Đông Mai, Quảng Yên, Quảng Ninh | G27: 45 | H27: =G27*19390 -> 872550 | J27: 430000 | O27: =H27+J27+K27+L27+M27+N27 -> 1302550 | P27: 2500000 | Q27: =P27-O27 -> 1197450
A28: 21 | B28: 45043 | C28: Trả hàng NK sáng 27/04 | D28: ZCSU8550472 | E28: KCN Nam Thăng Long, Từ Liêm, Hà Nội | G28: 101 | H28: =G28*19390 -> 1958390 | J28: 790000 | O28: =H28+J28+K28+L28+M28+N28 -> 2748390 | P28: 4500000 | Q28: =P28-O28 -> 1751610
A29: 22 | B29: 45043 | C29: Đóng hàng XK chiều 28/04 | D29: BMOU5612633 | E29: Xuân Mai, Chương Mỹ, Hà Nội | G29: 124 | H29: =G29*19390 -> 2404360 | J29: 790000 | O29: =H29+J29+K29+L29+M29+N29 -> 3194360 | P29: 5763636 | Q29: =P29-O29 -> 2569276
A30: 23 | B30: 45044 | C30: Đóng hàng XK sáng 29/04 | D30: HMMU2050844 | E30: Nam Trực, Nam Định | G30: 82 | H30: =G30*19390 -> 1589980 | J30: 430000 | O30: =H30+J30+K30+L30+M30+N30 -> 2019980 | P30: 4000000 | Q30: =P30-O30 -> 1980020
C31: Phí gửi xe | L31: 1200000 | O31: =K31+L31+M31+N31 -> 1200000
C32: Tiền vé trạm thu phí Epass | K32: 12812000 | O32: =K32+L32+M32+N32 -> 12812000
C33: Thanh toán tiền thay zoăng két nước xe 15C-180.99 | L33: 500000 | O33: =K33+L33+M33+N33 -> 500000
C34: Mua ép bạc giằng cầu, 2 bạc nhíp tải, công thay bạc nhíp, tay giằng xe 15C-180.99 | L34: 1410000 | O34: =K34+L34+M34+N34 -> 1410000
C35: Thanh toán tiền mua cáp kéo xe 15C-180.99 | L35: 1200000 | O35: =K35+L35+M35+N35 -> 1200000
C36: Thanh toán tiền sửa chập điện moóc, thay loạt cầu chì tablo cho xe 15C-180.99 | L36: 200000 | O36: =K36+L36+M36+N36 -> 200000
C37: Thanh toán tiền mua bình cứu hỏa, búa thoát hiểm | L37: =1280000/4 -> 320000 | O37: =K37+L37+M37+N37 -> 320000
C38: Chi tiền thưởng nghỉ lễ 30/4-1/5 | K38: 300000 | O38: =K38+L38+M38+N38 -> 300000
C39: Thanh toán tiền mua dây hơi moóc xe 15C-180.99 | L39: 150000 | O39: =K39+L39+M39+N39 -> 150000
C40: Thanh toán tiền mua tam giác moóc, tem cẩm lửa | L40: 100000 | O40: =K40+L40+M40+N40 -> 100000
C41: Chuyển tiền thanh toán tiền phí bảo hiểm vật chất xe 15C-180.99 | L41: 12500000 | O41: =K41+L41+M41+N41 -> 12500000
C42: Thanh toán tiền lán pitong , dầu số 4 l, công làm pitong, mua phớt pitong xe 15C-180.99 ngày 2/4 | L42: 1200000 | O42: =K42+L42+M42+N42 -> 1200000
C43: Lương lx ( ngày công 26/25) | K43: 8300000 | O43: =K43+L43+M43+N43 -> 8300000
A44: TỔNG CỘNG | G44: =SUM(G8:G43) -> 2891 | H44: =SUM(H7:H43) -> 56980760 | I44: =SUM(I7:I43) -> 0 | J44: =SUM(J7:J43) -> 21290000 | K44: =SUM(K7:K43) -> 21412000 | L44: =SUM(L7:L43) -> 18780000 | M44: =SUM(M7:M43) -> 0 | N44: =SUM(N7:N43) -> 0 | O44: =SUM(O8:O43) -> 118462760 | P44: =SUM(P8:P43) -> 145473636 | Q44: =P44-O44 -> 27010876
P46: LK = | Q46: ='03.2023'!Q42+'04.2023'!Q44 -> 42236426

Sheet 05.2023
A1: Bảng theo dõi doanh thu/ chi phí theo phương tiện vận chuyển
A2: Biển số xe: 15C - 180.99
A3: THÁNG 05.2023
A5: STT | B5: Ngày tháng | C5: Diễn giải | D5: Số cont | E5: Tuyến đường vận chuyển | F5: Khoảng cách (km) | G5: Chi phí | I5: Mức TTBQ | J5: Đi đường | K5: Lương lx | L5: Sửa chữa | M5: Lốp | N5: Dầu máy | O5: Tổng chi phí | P5: Cước vận chuyển | Q5: Lợi nhuận gộp
G6: Dầu (l) | H6: Dầu (đồng)
A8: 1 | B8: 45050 | C8: Đóng hàng chè sáng 04/05 | D8: YMMU6776196 | E8: Tân Lập, Mộc Châu, Sơn La | G8: 256 | H8: =G8*18250 -> 4672000 | J8: 2380000 | O8: =H8+J8+K8+L8+M8+N8 -> 7052000 | P8: 13636364 | Q8: =P8-O8 -> 6584364
A9: 2 | B9: 45050 | C9: Đóng hàng chè sáng 05/05 | D9: BEAU6435760 | E9: Vĩnh Ngọc, Đông Anh, Hà Nội | G9: 91 | H9: =G9*18250 -> 1660750 | J9: 790000 | O9: =H9+J9+K9+L9+M9+N9 -> 2450750 | P9: 4300000 | Q9: =P9-O9 -> 1849250
A10: 3 | B10: 45051 | C10: Trả hàng NK sáng 06/05 | D10: CSNU6967410 | E10: KCN Châu Sơn, Phủ Lý, Hà Nam | G10: 106 | H10: =G10*18250 -> 1934500 | J10: 430000 | O10: =H10+J10+K10+L10+M10+N10 -> 2364500 | P10: 4100000 | Q10: =P10-O10 -> 1735500
A11: 4 | B11: 45051 | C11: Đóng hàng chè sáng 07/05 | D11: YMMU6655240 | E11: TT Tân Uyên, Tân Uyên, Lai Châu | G11: 380 | H11: =G11*18250 -> 6935000 | J11: 2970000 | O11: =H11+J11+K11+L11+M11+N11 -> 9905000 | P11: 19850000 | Q11: =P11-O11 -> 9945000
A12: 5 | B12: 45054 | C12: Đóng hàng XK sáng 09/05 | D12: MSDU4177843 | E12: KCN Vân Trung, Việt Yên, Bắc Giang | G12: 98 | H12: =G12*18250 -> 1788500 | J12: 790000 | O12: =H12+J12+K12+L12+M12+N12 -> 2578500 | P12: 4300000 | Q12: =P12-O12 -> 1721500
A13: 6 | B13: 45055 | C13: Trả hàng NK sáng 10/05 | D13: LCGU8231561 | E13: Hoàng Mai, Hà Nội | G13: 80 | H13: =G13*18250 -> 1460000 | J13: 790000 | O13: =H13+J13+K13+L13+M13+N13 -> 2250000 | P13: 4300000 | Q13: =P13-O13 -> 2050000
A14: 7 | B14: 45056 | C14: Đóng hàng chè sáng 11/05 | D14: TLLU5707538 | E14: TT Tân Uyên, Tân Uyên, Lai Châu | G14: 373 | H14: =50*18250+323*17650 -> 6613450 | J14: 3032000 | O14: =H14+J14+K14+L14+M14+N14 -> 9645450 | P14: 19850000 | Q14: =P14-O14 -> 10204550
A15: 8 | B15: 45058 | C15: Đóng hàng chè sáng 13/05 - 14/05 | D15: OOLU9772466 | E15: TT Tân Uyên, Tân Uyên, Lai Châu | G15: 382 | H15: =G15*17650 -> 6742300 | J15: 3790000 | O15: =H15+J15+K15+L15+M15+N15 -> 10532300 | P15: 20850000 | Q15: =P15-O15 -> 10317700
A16: 9 | B16: 45061 | C16: Đóng hàng chè sáng 16/05 | D16: TGBU9206370 | E16: Mộc Châu, Sơn La | G16: 245 | H16: =G16*17650 -> 4324250 | J16: 2380000 | O16: =H16+J16+K16+L16+M16+N16 -> 6704250 | P16: 13090909 | Q16: =P16-O16 -> 6386659
A17: 10 | B17: 45062 | C17: Đóng hàng XK sáng 17/05 | D17: TRHU3693926 | E17: KCN Đông Mai, Quảng Yên, Quảng Ninh | G17: 57 | H17: =G17*17650 -> 1006050 | J17: 430000 | O17: =H17+J17+K17+L17+M17+N17 -> 1436050 | P17: 2700000 | Q17: =P17-O17 -> 1263950
A18: 11 | B18: 45063 | C18: Đóng hàng chè chiều 18/05 | D18: BEAU6020697 | E18: Mộc Châu, Sơn La | G18: 244 | H18: =G18*17650 -> 4306600 | J18: 2380000 | O18: =H18+J18+K18+L18+M18+N18 -> 6686600 | P18: 13090909 | Q18: =P18-O18 -> 6404309
A19: 12 | B19: 45065 | C19: Trả hàng Vietsun sáng 19/05 | D19: GAOU6798584 | E19: Kho Masan, Dị Sử, Hưng Yên | G19: 58 | H19: =G19*17650 -> 1023700 | J19: 430000 | O19: =H19+J19+K19+L19+M19+N19 -> 1453700 | P19: 3050000 | Q19: =P19-O19 -> 1596300
A20: 13 | B20: 45066 | C20: Đóng hàng chè sáng 21/05 | D20: TCNU3675786 | E20: TT Tân Uyên, Tân Uyên, Lai Châu | G20: 384 | H20: =G20*17950 -> 6892800 | J20: 3868000 | O20: =H20+J20+K20+L20+M20+N20 -> 10760800 | P20: 19650000 | Q20: =P20-O20 -> 8889200
A21: 14 | B21: 45070 | C21: Đóng hàng chè sáng 25/05 | D21: YMLU8739460 | E21: Nghi Phú, TP. Vinh, Nghệ An | G21: 228 | H21: =G21*17950 -> 4092600 | J21: 1360000 | O21: =H21+J21+K21+L21+M21+N21 -> 5452600 | P21: 9750000 | Q21: =P21-O21 -> 4297400
A22: 15 | B22: 45072 | C22: Đóng hàng XK sáng 26/05 | D22: TCNU5465840 | E22: KCN Nam Đình Vũ, Hải Phòng | G22: 23 | H22: =G22*17950 -> 412850 | J22: 300000 | O22: =H22+J22+K22+L22+M22+N22 -> 712850 | P22: 1400000 | Q22: =P22-O22 -> 687150
A23: 16 | B23: 45072 | C23: Trả hàng NK sáng 27/05 | D23: HASU4997941 | E23: Thạch Thất, Hà Nội | G23: 116 | H23: =G23*17950 -> 2082200 | J23: 790000 | O23: =H23+J23+K23+L23+M23+N23 -> 2872200 | P23: 4500000 | Q23: =P23-O23 -> 1627800
A24: 17 | B24: 45075 | C24: Đóng hàng XK sáng 29/05 | D24: MSCU4497587 | E24: KCN Đông Mai, Quảng Yên, Quảng Ninh | G24: 57 | H24: =G24*17950 -> 1023150 | J24: 430000 | O24: =H24+J24+K24+L24+M24+N24 -> 1453150 | P24: 2700000 | Q24: =P24-O24 -> 1246850
A25: 18 | B25: 45075 | C25: Đóng hàng chè sáng 30/05 | D25: TGBU7115687 | E25: TT Tân Uyên, Tân Uyên, Lai Châu | G25: 388 | H25: =G25*17950 -> 6964600 | J25: 3870000 | O25: =H25+J25+K25+L25+M25+N25 -> 10834600 | P25: 20013636 | Q25: =P25-O25 -> 9179036
Q26: =P26-O26 -> 0
C27: Phí gửi xe | L27: 1200000 | O27: =K27+L27+M27+N27 -> 1200000 | Q27: =P27-O27 -> -1200000
C28: Tiền vé trạm thu phí Epass | K28: 12752000 | O28: =K28+L28+M28+N28 -> 12752000 | Q28: =P28-O28 -> -12752000
C29: Thanh toán tiền công tắc phanh xe 15C-180.99 ngày 3/5 | L29: 200000 | O29: =K29+L29+M29+N29 -> 200000 | Q29: =P29-O29 -> -200000
C30: Thanh toán tiền mua nước xanh cho xe 15C-136.31; 15C-180.99; 15C-139.82; 15C-070.63 | L30: 650000 | O30: =K30+L30+M30+N30 -> 650000 | Q30: =P30-O30 -> -650000
C31: Thanh toán tiền hàn treo bình nước, hàn táp thùng đồ, hàn bình nước xe 15C-180.99 | L31: 1300000 | O31: =K31+L31+M31+N31 -> 1300000 | Q31: =P31-O31 -> -1300000
C32: Thanh toán tiền cân lốp, thay van xe 15C-180.99 ngày 08/5 | L32: 250000 | O32: =K32+L32+M32+N32 -> 250000 | Q32: =P32-O32 -> -250000
C33: Thanh toán tiền bơm mỡ xe 15C-180.99 ngày 12/5 | L33: 200000 | O33: =K33+L33+M33+N33 -> 200000 | Q33: =P33-O33 -> -200000
C34: Thanh toán tiền lắp đai ống + tháo lắp hàn chắn bùn xe 15C-180.99 ngày 22/5 | L34: 200000 | O34: =K34+L34+M34+N34 -> 200000 | Q34: =P34-O34 -> -200000
C35: Thanh tóa tiền thay 1 vỉ điện , 2 đèn hậu. rơ le + zắc, công tắc xe 15C-180.99 ngày 22/5 | L35: 590000 | O35: =K35+L35+M35+N35 -> 590000 | Q35: =P35-O35 -> -590000
C36: Thanh toán tiền kiểm định xe 15C-180.99 | L36: 610000 | O36: =K36+L36+M36+N36 -> 610000 | Q36: =P36-O36 -> -610000
C37: Thanh toán phí đường bộ xe 15C-180.99 | L37: 8580000 | O37: =K37+L37+M37+N37 -> 8580000 | Q37: =P37-O37 -> -8580000
C38: Thanh toán tiền đóng bạc 3 ngang 3 dọc, đóng bạc actizơ, 2 chốt cavét + công xe 15C-180.99 ngày 26/5 | L38: 1680000 | O38: =K38+L38+M38+N38 -> 1680000 | Q38: =P38-O38 -> -1680000
C39: Thanh bát phanh lái, ông tuy ô lái xe 15C-180.99 ngày 25/5 | L39: 250000 | O39: =K39+L39+M39+N39 -> 250000 | Q39: =P39-O39 -> -250000
C40: Chi hỗ trợ lái xe bị phạt vi phạm nội quy nhà máy | K40: 150000 | O40: =K40+L40+M40+N40 -> 150000 | Q40: =P40-O40 -> -150000
C41: Lương lx ( ngày công 29/26) | K41: 8900000 | O41: =K41+L41+M41+N41 -> 8900000 | Q41: =P41-O41 -> -8900000
A42: TỔNG CỘNG | G42: =SUM(G8:G41) -> 3566 | H42: =SUM(H7:H41) -> 63935300 | I42: =SUM(I7:I41) -> 0 | J42: =SUM(J7:J41) -> 31210000 | K42: =SUM(K7:K41) -> 21802000 | L42: =SUM(L7:L41) -> 15710000 | M42: =SUM(M7:M41) -> 0 | N42: =SUM(N7:N41) -> 0 | O42: =SUM(O8:O41) -> 132657300 | P42: =SUM(P8:P41) -> 181131818 | Q42: =P42-O42 -> 48474518
P44: LK = | Q44: ='04.2023'!Q44+'05.2023'!Q42 -> 75485394

Sheet 06.2023
A1: Bảng theo dõi doanh thu/ chi phí theo phương tiện vận chuyển
A2: Biển số xe: 15C - 180.99
A3: THÁNG 06.2023
A5: STT | B5: Ngày tháng | C5: Diễn giải | D5: Số cont | E5: Tuyến đường vận chuyển | F5: Khoảng cách (km) | G5: Chi phí | I5: Mức TTBQ | J5: Đi đường | K5: Lương lx | L5: Sửa chữa | M5: Lốp | N5: Dầu máy | O5: Tổng chi phí | P5: Cước vận chuyển | Q5: Lợi nhuận gộp
G6: Dầu (l) | H6: Dầu (đồng)
A8: 1 | B8: 45077 | C8: Trả hàng NK sáng 01/06 | D8: WHSU6624000 | E8: Hoa Sơn, Anh Sơn, Nghệ An | G8: 252 | H8: =G8*17940 -> 4520880 | J8: 1360000 | O8: =H8+J8+K8+L8+M8+N8 -> 5880880 | P8: 10800000 | Q8: =P8-O8 -> 4919120
A9: 2 | B9: 45078 | C9: Trả hàng NK sáng 02/06 | D9: TRHU6954710 | E9: KCN Phúc Sơn, Ninh Bình | G9: 108 | H9: =G9*17940 -> 1937520 | J9: 430000 | O9: =H9+J9+K9+L9+M9+N9 -> 2367520 | P9: 4000000 | Q9: =P9-O9 -> 1632480
A10: 3 | B10: 45079 | C10: Đóng hàng XK chiều 03/06 | D10: TLLU6078620 | E10: KCN Đông Mai, Quảng Yên, Quảng Ninh | G10: 44 | H10: =G10*17940 -> 789360 | J10: 430000 | O10: =H10+J10+K10+L10+M10+N10 -> 1219360 | P10: 2400000 | Q10: =P10-O10 -> 1180640
A11: 4 | B11: 45082 | C11: Trả hàng Vietsun sáng 05/06 | D11: CAIU4673207 | E11: KCN Quế Võ, Bắc Ninh | G11: 86 | H11: =G11*17940 -> 1542840 | J11: 1290000 | O11: =H11+J11+K11+L11+M11+N11 -> 2832840 | P11: 3670000 | Q11: =P11-O11 -> 837160
A12: 5 | B12: 45082 | C12: Đóng hàng KH 5/6 trả sáng 6/6 | D12: CAIU4673207 | E12: KCN Thuận Thành 3, Bắc Ninh | H12: =G12*17940 -> 0 | J12: 0 | O12: =H12+J12+K12+L12+M12+N12 -> 0 | P12: 2700000 | Q12: =P12-O12 -> 2700000
A13: 6 | B13: 45083 | C13: Đóng hàng XK sáng 07/06 | D13: BSIU9437956 | E13: Xuân Mai, Chương Mỹ, Hà Nội | G13: 124 | H13: =G13*17940 -> 2224560 | J13: 790000 | O13: =H13+J13+K13+L13+M13+N13 -> 3014560 | P13: 5713636 | Q13: =P13-O13 -> 2699076
A14: 7 | B14: 45084 | C14: Đóng hàng chè sáng 08/06 | D14: WHSU2937183 | E14: TT Trần Phú, Văn Chấn, Yên Bái | G14: 180 | H14: =G14*17940 -> 3229200 | J14: 1530000 | O14: =H14+J14+K14+L14+M14+N14 -> 4759200 | P14: 9318182 | Q14: =P14-O14 -> 4558982
A15: 8 | B15: 45086 | C15: Trả hàng Vietsun sáng 09/06 | D15: DRYU9718250 | E15: Văn Môn, Yên Phong, Bắc Ninh | G15: 85 | H15: =G15*17940 -> 1524900 | J15: 790000 | O15: =H15+J15+K15+L15+M15+N15 -> 2314900 | P15: 4597273 | Q15: =P15-O15 -> 2282373
A16: 9 | B16: 45087 | C16: Đóng hàng chè sáng 10/06 | D16: SEGU5772182 | E16: xã Vân Lĩnh, Thanh Ba, Phú Thọ | G16: 160 | H16: =G16*17940 -> 2870400 | J16: 1132000 | O16: =H16+J16+K16+L16+M16+N16 -> 4002400 | P16: 6700000 | Q16: =P16-O16 -> 2697600
A17: 10 | B17: 45089 | C17: Trả hàng Vietsun sáng 12/06 | D17: YMLU8689672 | E17: KCN Yên Mỹ 2, Yên Mỹ, Hưng Yên | G17: 66 | H17: =G17*18020 -> 1189320 | J17: 430000 | O17: =H17+J17+K17+L17+M17+N17 -> 1619320 | P17: 3060000 | Q17: =P17-O17 -> 1440680
A18: 11 | B18: 45091 | C18: Trả hàng Vietsun sáng 14/06 | D18: GAOU6145825 | E18: KCN Quế Võ, Bắc Ninh | G18: 94 | H18: =G18*18020 -> 1693880 | J18: 1650000 | O18: =H18+J18+K18+L18+M18+N18 -> 3343880 | P18: 3670000 | Q18: =P18-O18 -> 326120
A19: 12 | B19: 45091 | C19: Đóng hàng KH 14/06 trả 15/06 | D19: GAOU6145825 | E19: KCN Tân Quang, Văn Lâm, Hưng Yên | H19: =G19*18020 -> 0 | J19: 0 | O19: =H19+J19+K19+L19+M19+N19 -> 0 | P19: 2800000 | Q19: =P19-O19 -> 2800000
A20: 13 | B20: 45093 | C20: Trả hàng NK sáng 16/06 | D20: PIDU4131357 | E20: Đại Sơn, Tứ Kỳ, Hải Dương | G20: 50 | H20: =G20*18020 -> 901000 | J20: 340000 | O20: =H20+J20+K20+L20+M20+N20 -> 1241000 | P20: 2900000 | Q20: =P20-O20 -> 1659000
A21: 14 | B21: 45096 | C21: Đóng hàng chè sáng 19/06 | D21: CAIU4283662 | E21: TT Tân Uyên, Tân Uyên, Lai Châu | G21: 382 | H21: =G21*18020 -> 6883640 | J21: 3870000 | O21: =H21+J21+K21+L21+M21+N21 -> 10753640 | P21: 17863636 | Q21: =P21-O21 -> 7109996
A22: 15 | B22: 45097 | C22: Trả hàng NK sáng 21/06 | D22: MSKU7243857 | E22: Minh Đức, Thủy Nguyên, Hải Phòng | G22: 36 | H22: =G22*118170 -> 4254120 | J22: 400000 | O22: =H22+J22+K22+L22+M22+N22 -> 4654120 | P22: 2300000 | Q22: =P22-O22 -> -2354120
A23: 16 | B23: 45098 | C23: Đóng hàng chè sáng 22/06 | D23: TEMU7034245 | E23: Tân Lập, Mộc Châu, Sơn La | G23: 257 | H23: =G23*18170 -> 4669690 | J23: 2380000 | O23: =H23+J23+K23+L23+M23+N23 -> 7049690 | P23: 13636364 | Q23: =P23-O23 -> 6586674
A24: 17 | B24: 45099 | C24: Đóng hàng chè chiều 23/06 | D24: OOCU8030384 | E24: Mộc Châu, Sơn La | G24: 243 | H24: =G24*18170 -> 4415310 | J24: 2380000 | O24: =H24+J24+K24+L24+M24+N24 -> 6795310 | P24: 12400000 | Q24: =P24-O24 -> 5604690
A25: 18 | B25: 45103 | C25: Đóng hàng chè sáng 27/06 | D25: CSNU6002696 | E25: Mỹ Bằng, Yên Sơn, Tuyên Quang | G25: 180 | H25: =G25*18170 -> 3270600 | J25: 1530000 | O25: =H25+J25+K25+L25+M25+N25 -> 4800600 | P25: 8045455 | Q25: =P25-O25 -> 3244855
A26: 19 | B26: 45104 | C26: Đóng hàng XK sáng 28/06 | D26: GESU6344899 | E26: Mai Lâm, Tĩnh Gia, Thanh Hóa | G26: 182 | H26: =G26*18170 -> 3306940 | J26: 640000 | O26: =H26+J26+K26+L26+M26+N26 -> 3946940 | P26: 6600000 | Q26: =P26-O26 -> 2653060
A27: 20 | B27: 45105 | C27: Trả hàng Vietsun sáng 29/06 | D27: GAOU6144990 | E27: Cargill, KCN Phố Nối A, Văn Lâm, Hưng Yên | G27: 61 | H27: =G27*18170 -> 1108370 | J27: 430000 | O27: =H27+J27+K27+L27+M27+N27 -> 1538370 | P27: 3290000 | Q27: =P27-O27 -> 1751630
C28: Phí gửi xe | L28: 1200000 | O28: =K28+L28+M28+N28 -> 1200000
C29: Tiền vé trạm thu phí Epass | K29: 7476000 | O29: =K29+L29+M29+N29 -> 7476000
C30: Thanh toán tiền lọc nhớt, lọc nước xe 15C-136.31; 15C-139.82; 15C-070.63; 15C-180.99 | L30: 781000 | O30: =K30+L30+M30+N30 -> 781000
C31: Thanh toán tiền thay chân van mới, công làm vá xe 15C-180.99 | L31: 300000 | O31: =K31+L31+M31+N31 -> 300000
C32: Thanh toán mua 1 xô dầu nhớt 18L cho 15C-136.31 + 15C-180.99 + 15C-139.82 | N32: =1550000/3 -> 516666.67 | O32: =K32+L32+M32+N32 -> 516666.67
C33: Thanh toán tiền mua tam giác phản quang cho xe 15C-136.31; 15C-136.31; 15C-180.99; 15C-070.63 | L33: =283000/4 -> 70750 | O33: =K33+L33+M33+N33 -> 70750
C34: Thanh toán tiền cân lốp + xịt lọc xe 15C-180.99 ngày 20/6 | L34: 100000 | O34: =K34+L34+M34+N34 -> 100000
C35: Thanht oán tiền mua bóng 9005; 9006, dây moóc vải cho xe 15C-180.99 ngày 17/6 | L35: 460000 | O35: =K35+L35+M35+N35 -> 460000
C36: Thanh toán tiền phục hồi van cơ, van điện , gioăng, công tháo lắp xe 15C-180.99 ngày 26/6 | L36: 5500000 | O36: =K36+L36+M36+N36 -> 5500000
C37: Thanh toán tiền mua bọc chống nóng đuôi máy xe 15C-180.99 ngày 26/6 | L37: 500000 | O37: =K37+L37+M37+N37 -> 500000
C38: Thanh toán tiền sửa tổng xả, điều tiết hơi ( thay zoăng nhĩ, cốc lọc khí, công) xe 15C-180.99 ngày 03/6 | L38: 950000 | O38: =K38+L38+M38+N38 -> 950000
C39: Lương lx ( ngày công 26/26) | K39: 8000000 | O39: =K39+L39+M39+N39 -> 8000000
A40: TỔNG CỘNG | G40: =SUM(G8:G39) -> 2590 | H40: =SUM(H7:H39) -> 50332530 | I40: =SUM(I7:I39) -> 0 | J40: =SUM(J7:J39) -> 21802000 | K40: =SUM(K7:K39) -> 15476000 | L40: =SUM(L7:L39) -> 9861750 | M40: =SUM(M7:M39) -> 0 | N40: =SUM(N7:N39) -> 516666.67 | O40: =SUM(O8:O39) -> 97988947 | P40: =SUM(P8:P39) -> 126464546 | Q40: =P40-O40 -> 28475599
P42: LK = | Q42: ='05.2023'!Q44+'06.2023'!Q40 -> 1.0396099e+08

Sheet 07.2023
A1: Bảng theo dõi doanh thu/ chi phí theo phương tiện vận chuyển
A2: Biển số xe: 15C - 180.99
A3: THÁNG 07.2023
A5: STT | B5: Ngày tháng | C5: Diễn giải | D5: Số cont | E5: Tuyến đường vận chuyển | F5: Khoảng cách (km) | G5: Chi phí | I5: Mức TTBQ | J5: Đi đường | K5: Lương lx | L5: Sửa chữa | M5: Lốp | N5: Dầu máy | O5: Tổng chi phí | P5: Cước vận chuyển | Q5: Lợi nhuận gộp
G6: Dầu (l) | H6: Dầu (đồng)
A8: 1 | B8: 45106 | C8: Đóng hàng chè sáng 01/07 | D8: WBPU7036798 | E8: TT Tân Uyên, Tân Uyên, Lai Châu | G8: 378 | H8: =G8*18170 -> 6868260 | J8: 3870000 | O8: =H8+J8+K8+L8+M8+N8 -> 10738260 | P8: 19650000 | Q8: =P8-O8 -> 8911740
A9: 2 | B9: 45110 | C9: Đóng hàng XK chiều 03/07 | D9: MSMU7313641 | E9: KCN Nam Đình Vũ, Hải Phòng | G9: 10 | H9: =G9*18160 -> 181600 | J9: 200000 | O9: =H9+J9+K9+L9+M9+N9 -> 381600 | P9: 1100000 | Q9: =P9-O9 -> 718400
A10: 3 | B10: 45111 | C10: Trả hàng kết hợp chiều 04/07 | D10: WHSU6869180 | E10: KCN Quế Võ 2, Bắc Ninh | G10: 201 | H10: =G10*18160 -> 3650160 | J10: 500000 | O10: =H10+J10+K10+L10+M10+N10 -> 4150160 | P10: 2300000 | Q10: =P10-O10 -> -1850160
A11: 4 | B11: 45111 | C11: Đóng hàng chè sáng 05/07 | D11: WHSU6869180 | E11: TT Trần Phú, Văn Chấn, Yên Bái | H11: =G11*18160 -> 0 | J11: 1530000 | O11: =H11+J11+K11+L11+M11+N11 -> 1530000 | P11: 10185185 | Q11: =P11-O11 -> 8655185
A12: 5 | B12: 45112 | C12: Đóng hàng chè sáng 06/07 | D12: BEAU4843715 | E12: TT. Phong Hải, Bảo Thắng, Lào Cai | G12: 273 | H12: =G12*18160 -> 4957680 | J12: 3030000 | O12: =H12+J12+K12+L12+M12+N12 -> 7987680 | P12: 13500000 | Q12: =P12-O12 -> 5512320
A13: 6 | B13: 45113 | C13: Đóng hàng XK sáng 07/07 | D13: PCIU8711509 | E13: KCN Nam Đình Vũ, Hải Phòng | G13: 9 | H13: =G13*18160 -> 163440 | J13: 200000 | O13: =H13+J13+K13+L13+M13+N13 -> 363440 | P13: 1100000 | Q13: =P13-O13 -> 736560
A14: 7 | B14: 45114 | C14: Đóng hàng chè sáng 09/07 | D14: YMMU6164375 | E14: TT. Phong Hải, Bảo Thắng, Lào Cai | G14: 273 | H14: =G14*18160 -> 4957680 | J14: 3030000 | O14: =H14+J14+K14+L14+M14+N14 -> 7987680 | P14: 13500000 | Q14: =P14-O14 -> 5512320
A15: 8 | B15: 45117 | C15: Đóng hàng XK sáng 10/07 | D15: WHSU6120967 | E15: Phổ Yên, Thái Nguyên | G15: 110 | H15: =G15*18160 -> 1997600 | J15: 830000 | O15: =H15+J15+K15+L15+M15+N15 -> 2827600 | P15: 4800000 | Q15: =P15-O15 -> 1972400
A16: 9 | B16: 45117 | C16: Trả hàng Vietsun sáng 11/07 | D16: DRYU9593358 | E16: Kho Vinafco, Thanh Trì, Hà Nội | G16: 83 | H16: =G16*18610 -> 1544630 | J16: 790000 | O16: =H16+J16+K16+L16+M16+N16 -> 2334630 | P16: 4050000 | Q16: =P16-O16 -> 1715370
A17: 10 | B17: 45118 | C17: Đóng hàng chè sáng 12/07 | D17: BEAU5263917 | E17: Thanh Ba, Phú Thọ | G17: 153 | H17: =G17*18610 -> 2847330 | J17: 1132000 | O17: =H17+J17+K17+L17+M17+N17 -> 3979330 | P17: 6700000 | Q17: =P17-O17 -> 2720670
A18: 11 | B18: 45119 | C18: Đóng hàng XK sáng 13/07 | D18: SEGU5976709 | E18: KCN Đông Mai, Quảng Yên, Quảng Ninh | G18: 45 | H18: =G18*18610 -> 837450 | J18: 430000 | O18: =H18+J18+K18+L18+M18+N18 -> 1267450 | P18: 2400000 | Q18: =P18-O18 -> 1132550
A19: 12 | B19: 45121 | C19: Đóng hàng chè sáng 14/07 | D19: EMCU8280353 | E19: Phú Mỹ, Ba Vì, Hà Nội - Mỹ Bằng, Yên Sơn, TQ | G19: 187 | H19: =G19*18610 -> 3480070 | J19: 1730000 | O19: =H19+J19+K19+L19+M19+N19 -> 5210070 | P19: 9397306 | Q19: =P19-O19 -> 4187236
A20: 13 | B20: 45122 | C20: Đóng hàng chè sáng 17/07 | D20: CAIU4329423 | E20: TT Tân Uyên, Tân Uyên, Lai Châu | G20: 382 | H20: =G20*18610 -> 7109020 | J20: 3870000 | O20: =H20+J20+K20+L20+M20+N20 -> 10979020 | P20: 19650000 | Q20: =P20-O20 -> 8670980
A21: 14 | B21: 45125 | C21: Trả hàng NK sáng 19/07 | D21: SKHU9901549 | E21: KCN Nguyên Khê, Đông Anh, Hà Nội | G21: 89 | H21: =G21*18610 -> 1656290 | J21: 790000 | O21: =H21+J21+K21+L21+M21+N21 -> 2446290 | P21: 3950000 | Q21: =P21-O21 -> 1503710
A22: 15 | B22: 45126 | C22: Đóng hàng chè sáng 20/07 | D22: TCLU5371403 | E22: Mỹ Bằng, Yên Sơn, Tuyên Quang | G22: 180 | H22: =G22*18610 -> 3349800 | J22: 1530000 | O22: =H22+J22+K22+L22+M22+N22 -> 4879800 | P22: 8045455 | Q22: =P22-O22 -> 3165655
A23: 16 | B23: 45127 | C23: Đóng hàng chè sáng 21/07 | D23: OOCU7244890 | E23: Tiên Phú, Phù Ninh, Phú Thọ | G23: 145 | H23: =G23*19500 -> 2827500 | J23: 1080000 | O23: =H23+J23+K23+L23+M23+N23 -> 3907500 | P23: 6400000 | Q23: =P23-O23 -> 2492500
A24: 17 | B24: 45129 | C24: Trà hàng NK sáng 22/07 | D24: HACU4181215 | E24: KCN Đông Mai, Quảng Yên, Quảng Ninh | G24: 47 | H24: =G24*19500 -> 916500 | J24: 430000 | O24: =H24+J24+K24+L24+M24+N24 -> 1346500 | P24: 2400000 | Q24: =P24-O24 -> 1053500
A25: 18 | B25: 45131 | C25: Đóng hàng chè sáng 24/07 | D25: OOCU7104564 | E25: Tiên Phú, Phù Ninh, Phú Thọ | G25: 148 | H25: =G25*19500 -> 2886000 | J25: 1080000 | O25: =H25+J25+K25+L25+M25+N25 -> 3966000 | P25: 6550000 | Q25: =P25-O25 -> 2584000
A26: 19 | B26: 45131 | C26: Trả hàng + đóng hàng KH 25/07 | D26: KMTU9339117 | E26: Đông Anh, Hà Nội - Phú Lương, Thái Nguyên | G26: 163 | H26: =G26*19500 -> 3178500 | J26: 1130000 | O26: =H26+J26+K26+L26+M26+N26 -> 4308500 | P26: 7450000 | Q26: =P26-O26 -> 3141500
A27: 20 | B27: 45133 | C27: Đóng hàng chè sáng 26/07 | D27: YMMU6764430 | E27: Tân Lập, Mộc Châu, Sơn La | G27: 261 | H27: =G27*19500 -> 5089500 | J27: 2380000 | O27: =H27+J27+K27+L27+M27+N27 -> 7469500 | P27: 13636364 | Q27: =P27-O27 -> 6166864
B28: 45134 | C28: Trả hàng NK sáng 27/07 | D28: EGHU1023209 | E28: KCN VSIP, Bắc Ninh | G28: 85 | H28: =G28*19500 -> 1657500 | J28: 790000 | O28: =H28+J28+K28+L28+M28+N28 -> 2447500 | P28: 3900000 | Q28: =P28-O28 -> 1452500
B29: 45134 | C29: Đóng hàng chè chiều 28/07 | D29: GAOU6474121 | E29: TT Tân Uyên, Tân Uyên, Lai Châu | G29: 373 | H29: =G29*19500 -> 7273500 | J29: 3870000 | O29: =H29+J29+K29+L29+M29+N29 -> 11143500 | P29: 19650000 | Q29: =P29-O29 -> 8506500
B30: 45138 | C30: Đóng hàng XK sáng 31/07 | D30: TLLU6022575 | E30: KCN Đông Mai, Quảng Yên, Quảng Ninh | G30: 45 | H30: =G30*19500 -> 877500 | J30: 430000 | O30: =H30+J30+K30+L30+M30+N30 -> 1307500 | P30: 2400000 | Q30: =P30-O30 -> 1092500
C31: Phí gửi xe | L31: 1200000 | O31: =K31+L31+M31+N31 -> 1200000
C32: Tiền vé trạm thu phí Epass | K32: 11868000 | O32: =K32+L32+M32+N32 -> 11868000
C33: Thanh toán tiền mua chì tạm cho xe 15C-136.31; 15C-139.82; 15C-180.99; 15C-070.63 | L33: 120000 | O33: =K33+L33+M33+N33 -> 120000
C34: Thanh toán tiền bơm mỡ xe 15C-180.99 ngày 7/7 | L34: 200000 | O34: =K34+L34+M34+N34 -> 200000
C35: Thanh toán tiền thay 1 cảm biến ngắt lạnh, giá chổi than quạt sau, bơm bổ sung ga xe 15C-180.99 ngày 3/7 | L35: 650000 | O35: =K35+L35+M35+N35 -> 650000
C36: Thanh toán tiền thay 1 quả bóng tải , chế 1 cút đồng ép táo 3 chạc pi 10 xe 15C-180.99 ngày 19/7 | L36: 1950000 | O36: =K36+L36+M36+N36 -> 1950000
C37: Thanh toán tiền mua 1 bạc nhíp tải, công thay xe 15C-180.99 ngày 7/7 | L37: 850000 | O37: =K37+L37+M37+N37 -> 850000
C38: Thanh toán tiền lốp 1100R20 CSM/881 cho xe 15C-180.99 ngày 03/7 | M38: 11800000 | O38: =K38+L38+M38+N38 -> 11800000
C39: Lương lx ( ngày công 26/26) | K39: 8000000 | O39: =K39+L39+M39+N39 -> 8000000
A40: TỔNG CỘNG | G40: =SUM(G8:G39) -> 3640 | H40: =SUM(H7:H39) -> 68307510 | I40: =SUM(I7:I39) -> 0 | J40: =SUM(J7:J39) -> 34652000 | K40: =SUM(K7:K39) -> 19868000 | L40: =SUM(L7:L39) -> 4970000 | M40: =SUM(M7:M39) -> 11800000 | N40: =SUM(N7:N39) -> 0 | O40: =SUM(O8:O39) -> 139597510 | P40: =SUM(P8:P39) -> 182714310 | Q40: =P40-O40 -> 43116800
P42: LK = | Q42: ='06.2023'!Q42+'07.2023'!Q40 -> 1.4707779e+08

Sheet 08.2023
A1: Bảng theo dõi doanh thu/ chi phí theo phương tiện vận chuyển
A2: Biển số xe: 15C - 180.99
A3: THÁNG 08.2023
A5: STT | B5: Ngày tháng | C5: Diễn giải | D5: Số cont | E5: Tuyến đường vận chuyển | F5: Khoảng cách (km) | G5: Chi phí | I5: Mức TTBQ | J5: Đi đường | K5: Lương lx | L5: Sửa chữa | M5: Lốp | N5: Dầu máy | O5: Tổng chi phí | P5: Cước vận chuyển | Q5: Lợi nhuận gộp
G6: Dầu (l) | H6: Dầu (đồng)
A8: 1 | B8: 45138 | C8: Đóng hàng XK sáng 01/08 | D8: CCLU5249195 | E8: Xuân Mai, Chương Mỹ, Hà Nội | G8: 133 | H8: =G8*20610 -> 2741130 | J8: 790000 | O8: =H8+J8+K8+L8+M8+N8 -> 3531130 | P8: 6005556 | Q8: =P8-O8 -> 2474426
A9: 2 | B9: 45139 | C9: Trả hàng NK sáng 02/08 | D9: TCKU7161498 | E9: Như Quỳnh, Văn Lâm, Hưng Yên | G9: 111 | H9: =G9*20610 -> 2287710 | J9: 1090000 | O9: =H9+J9+K9+L9+M9+N9 -> 3377710 | P9: 3700000 | Q9: =P9-O9 -> 322290
A10: 3 | B10: 45140 | C10: Đóng hàng KH chiều 02/08 | D10: TCKU7161498 | E10: KCN Quang Minh, Mê Linh, Hà Nội | H10: =G10*20610 -> 0 | J10: 0 | O10: =H10+J10+K10+L10+M10+N10 -> 0 | P10: 2000000 | Q10: =P10-O10 -> 2000000
A11: 4 | B11: 45140 | C11: Trả hàng NK sáng 03/08 | D11: OOLU9929010 | E11: KCN Quang Châu, Vân Trung, Bắc Giang | G11: 78 | H11: =G11*20610 -> 1607580 | J11: 610000 | O11: =H11+J11+K11+L11+M11+N11 -> 2217580 | P11: 4100000 | Q11: =P11-O11 -> 1882420
A12: 5 | B12: 45141 | C12: Đóng hàng chè sáng 04/08 - 05/08 | D12: OOLU9929010 | E12: TT Tân Uyên, Tân Uyên, Lai Châu | G12: 381 | H12: =G12*20610 -> 7852410 | J12: =3870000+400000 -> 4270000 | O12: =H12+J12+K12+L12+M12+N12 -> 12122410 | P12: 21350000 | Q12: =P12-O12 -> 9227590
A13: 6 | B13: 45144 | C13: Trả hàng Vietsun sáng 07/08 | D13: GAOU6144958 | E13: KCN Yên Mỹ, Yên Mỹ, Hưng Yên | G13: 61 | H13: =G13*20610 -> 1257210 | J13: 430000 | O13: =H13+J13+K13+L13+M13+N13 -> 1687210 | P13: 3060000 | Q13: =P13-O13 -> 1372790
A14: 7 | B14: 45145 | C14: Trả hàng NK sáng 08/08 | D14: TRHU2678167 | E14: KCN Thuận Thành 2, Bắc Ninh | G14: 83 | H14: =G14*20610 -> 1710630 | J14: 430000 | O14: =H14+J14+K14+L14+M14+N14 -> 2140630 | P14: 3600000 | Q14: =P14-O14 -> 1459370
A15: 8 | B15: 45145 | C15: Đóng hàng chè sáng 09/08 | D15: OOCU8290777 | E15: TT Tân Uyên, Tân Uyên, Lai Châu | G15: 378 | H15: =G15*20610 -> 7790580 | J15: 3870000 | O15: =H15+J15+K15+L15+M15+N15 -> 11660580 | P15: 20150000 | Q15: =P15-O15 -> 8489420
A16: 9 | B16: 45148 | C16: Trả hàng Vietsun sáng 11/08 | D16: DRYU9719019 | E16: KCN Quế Võ, Bắc Ninh | G16: 70 | H16: =G16*22420 -> 1569400 | J16: 610000 | O16: =H16+J16+K16+L16+M16+N16 -> 2179400 | P16: 3670000 | Q16: =P16-O16 -> 1490600
A17: 10 | B17: 45149 | C17: Đóng hàng XK sáng 12/08 | D17: PCIU8815205 | E17: KCN Nam Đình Vũ, Hải Phòng | G17: 10 | H17: =G17*22420 -> 224200 | J17: 200000 | O17: =H17+J17+K17+L17+M17+N17 -> 424200 | P17: 1100000 | Q17: =P17-O17 -> 675800
A18: 11 | B18: 45152 | C18: Đóng hàng XK sáng 14/08 | D18: GLDU9675578 | E18: Xuân Mai, Chương Mỹ, Hà Nội | G18: 126 | H18: =G18*22420 -> 2824920 | J18: 790000 | O18: =H18+J18+K18+L18+M18+N18 -> 3614920 | P18: 5670370 | Q18: =P18-O18 -> 2055450
A19: 12 | B19: 45153 | C19: Đóng hàng chè sáng 15/08 | D19: CAIU7967490 | E19: TT Tân Uyên, Tân Uyên, Lai Châu | G19: 377 | H19: =G19*22420 -> 8452340 | J19: 3870000 | O19: =H19+J19+K19+L19+M19+N19 -> 12322340 | P19: 20900000 | Q19: =P19-O19 -> 8577660
A20: 13 | B20: 45154 | C20: Trả hàng NK sáng 17/08 | D20: FCIU7117880 | E20: TT. Đông Anh, Đông Anh, Hà Nội | G20: 91 | H20: =G20*22420 -> 2040220 | J20: 790000 | O20: =H20+J20+K20+L20+M20+N20 -> 2830220 | P20: 4150000 | Q20: =P20-O20 -> 1319780
A21: 14 | B21: 45155 | C21: Đóng hàng chè sáng 18/08 | D21: EMCU8388749 | E21: Phủ Lỗ, Sóc Sơn, Hà Nội | G21: 91 | H21: =G21*22420 -> 2040220 | J21: 790000 | O21: =H21+J21+K21+L21+M21+N21 -> 2830220 | P21: 4814815 | Q21: =P21-O21 -> 1984595
A22: 15 | B22: 45156 | C22: Đóng hàng XK sáng 19/08 | D22: IAAU2726044 | E22: Bình Giang, Hải Dương | G22: 55 | H22: =G22*22420 -> 1233100 | J22: 340000 | O22: =H22+J22+K22+L22+M22+N22 -> 1573100 | P22: 3100000 | Q22: =P22-O22 -> 1526900
A23: 16 | B23: 45159 | C23: Đóng hàng chè sáng 21/08 | D23: BEAU5278100 | E23: Thanh Ba, Phú Thọ | G23: 153 | H23: =G23*22350 -> 3419550 | J23: 1080000 | O23: =H23+J23+K23+L23+M23+N23 -> 4499550 | P23: 7150000 | Q23: =P23-O23 -> 2650450
A24: 17 | B24: 45159 | C24: Đóng hàng chè chiều 22/08 | D24: OOCU8941396 | E24: TT Tân Uyên, Tân Uyên, Lai Châu | G24: 373 | H24: =G24*22350 -> 8336550 | J24: 3870000 | O24: =H24+J24+K24+L24+M24+N24 -> 12206550 | P24: 20900000 | Q24: =P24-O24 -> 8693450
A25: 18 | B25: 45161 | C25: Đóng hàng chè 24/08 - 25/08 | D25: TEMU8811273 | E25: Mộc Châu, Sơn La - Thanh Sơn, Phú Thọ | G25: 303 | H25: =G25*22350 -> 6772050 | J25: 2880000 | O25: =H25+J25+K25+L25+M25+N25 -> 9652050 | P25: 17564815 | Q25: =P25-O25 -> 7912765
A26: 19 | B26: 45163 | C26: Trả hàng NK sáng 26/08 | D26: WHSU6029754 | E26: Tân Lập, Mộc Châu, Sơn La | G26: 254 | H26: =G26*22350 -> 5676900 | J26: 2380000 | O26: =H26+J26+K26+L26+M26+N26 -> 8056900 | P26: 14053030 | Q26: =P26-O26 -> 5996130
A27: 20 | B27: 45164 | C27: Đóng hàng chè sáng 28/08 | D27: EITU1957808 | E27: Mỹ Bằng, Yên Sơn, Tuyên Quang | G27: 180 | H27: =G27*22350 -> 4023000 | J27: 1530000 | O27: =H27+J27+K27+L27+M27+N27 -> 5553000 | P27: 8666667 | Q27: =P27-O27 -> 3113667
B28: 45167 | C28: Trả hàng NK sáng 29/08 | D28: MSDU5130753 | E28: KCN VSIP, Bắc Ninh | G28: 84 | H28: =G28*22350 -> 1877400 | J28: 430000 | O28: =H28+J28+K28+L28+M28+N28 -> 2307400 | P28: 4000000 | Q28: =P28-O28 -> 1692600
B29: 45167 | C29: Trả hàng NK sáng 30/08 | D29: MSMU4722559 | E29: KCN VSIP, Bắc Ninh | G29: 89 | H29: =G29*22350 -> 1989150 | J29: 430000 | O29: =H29+J29+K29+L29+M29+N29 -> 2419150 | P29: 4000000 | Q29: =P29-O29 -> 1580850
B30: 45168 | C30: Trả hàng NK sáng 31/08 | D30: TLLU2182024 | E30: Việt Hùng, Đông Anh, Hà Nội | G30: 93 | H30: =G30*22350 -> 2078550 | J30: 790000 | O30: =H30+J30+K30+L30+M30+N30 -> 2868550 | P30: 4300000 | Q30: =P30-O30 -> 1431450
C31: Phí gửi xe | L31: 1200000 | O31: =K31+L31+M31+N31 -> 1200000
C32: Tiền vé trạm thu phí Epass | K32: 12987000 | O32: =K32+L32+M32+N32 -> 12987000
C33: Thanh toán tiền thay ống nước pi 34 mặt máy xe 15C-180.99 ngày 1/8 | L33: 400000 | O33: =K33+L33+M33+N33 -> 400000
C34: Thanh toán tiền thay lốc lạnh, lọc ga, bơm ga, dầu lạnh, thay sim, công xe 15C-180.99 ngày 29/8 | L34: 5700000 | O34: =K34+L34+M34+N34 -> 5700000
C35: Thanh toán tiền mua 1 bạc nhíp lái, công thay xe 15C-180.99 ngày 6/8 | L35: 650000 | O35: =K35+L35+M35+N35 -> 650000
C36: Lương lx ( ngày công 27/26) | K36: 8300000 | O36: =K36+L36+M36+N36 -> 8300000
A37: TỔNG CỘNG | G37: =SUM(G8:G36) -> 3574 | H37: =SUM(H7:H36) -> 77804800 | I37: =SUM(I7:I36) -> 0 | J37: =SUM(J7:J36) -> 32270000 | K37: =SUM(K7:K36) -> 21287000 | L37: =SUM(L7:L36) -> 7950000 | M37: =SUM(M7:M36) -> 0 | N37: =SUM(N7:N36) -> 0 | O37: =SUM(O8:O36) -> 139311800 | P37: =SUM(P8:P36) -> 188005253 | Q37: =P37-O37 -> 48693453
P39: LK = | Q39: ='07.2023'!Q42+'08.2023'!Q37 -> 1.9577125e+08

Sheet 09.2023
A1: Bảng theo dõi doanh thu/ chi phí theo phương tiện vận chuyển
A2: Biển số xe: 15C - 180.99
A3: THÁNG 09.2023
A5: STT | B5: Ngày tháng | C5: Diễn giải | D5: Số cont | E5: Tuyến đường vận chuyển | F5: Khoảng cách (km) | G5: Chi phí | I5: Mức TTBQ | J5: Đi đường | K5: Lương lx | L5: Sửa chữa | M5: Lốp | N5: Dầu máy | O5: Tổng chi phí | P5: Cước vận chuyển | Q5: Lợi nhuận gộp
G6: Dầu (l) | H6: Dầu (đồng)
A8: 1 | B8: 45169 | C8: Đóng hàng chè sáng 01/09 | D8: BMOU5700349 | E8: Mộc Châu, Sơn La | G8: 241 | H8: =G8*22350 -> 5386350 | J8: 2380000 | O8: =H8+J8+K8+L8+M8+N8 -> 7766350 | P8: 13150000 | Q8: =P8-O8 -> 5383650
A9: 2 | B9: 45173 | C9: Đóng hàng chè sáng 05/09 | D9: TRHU7473128 | E9: Thanh Ba, Phú Thọ | G9: 153 | H9: =G9*22640 -> 3463920 | J9: 1080000 | O9: =H9+J9+K9+L9+M9+N9 -> 4543920 | P9: 7150000 | Q9: =P9-O9 -> 2606080
A10: 3 | B10: 45175 | C10: Đóng hàng chè sáng 06/09 | D10: EGHU9605309 | E10: Mỹ Bằng, Yên Sơn, Tuyên Quang | G10: 180 | H10: =G10*22640 -> 4075200 | J10: 1530000 | O10: =H10+J10+K10+L10+M10+N10 -> 5605200 | P10: 8666667 | Q10: =P10-O10 -> 3061467
A11: 4 | B11: 45175 | C11: Đóng hàng chè sáng 07/09 | D11: TCNU4666460 | E11: TT. Phong Hải, Bảo Thắng, Lào Cai | G11: 283 | H11: =(G11-65)*22640+65*23050 -> 6433770 | J11: 3020000 | O11: =H11+J11+K11+L11+M11+N11 -> 9453770 | P11: 14724074 | Q11: =P11-O11 -> 5270304
A12: 5 | B12: 45176 | C12: Trả hàng NK sáng 08/09 | D12: UETU2321716 | E12: KCN Phố Nối A, Văn Lâm, Hưng Yên | G12: 67 | H12: =G12*23050 -> 1544350 | J12: 430000 | O12: =H12+J12+K12+L12+M12+N12 -> 1974350 | P12: 3500000 | Q12: =P12-O12 -> 1525650
A13: 6 | B13: 45177 | C13: Trả hàng NK sáng 09/09 | D13: SEGU9904230 | E13: TT. Như Quỳnh, Văn Lâm, Hưng Yên | G13: 70 | H13: =G13*23050 -> 1613500 | J13: 890000 | O13: =H13+J13+K13+L13+M13+N13 -> 2503500 | P13: 4300000 | Q13: =P13-O13 -> 1796500
A14: 7 | B14: 45178 | C14: Đóng hàng chè sáng 10/09 | D14: DRYU9792935 | E14: Mộc Châu, Sơn La | G14: 240 | H14: =G14*23050 -> 5532000 | J14: 2380000 | O14: =H14+J14+K14+L14+M14+N14 -> 7912000 | P14: 13064815 | Q14: =P14-O14 -> 5152815
A15: 8 | B15: 45180 | C15: Đóng hàng chè sáng 12/09 | D15: EISU8566308 | E15: Mỹ Bằng, Yên Sơn, Tuyên Quang | G15: 180 | H15: =G15*23050 -> 4149000 | J15: 1530000 | O15: =H15+J15+K15+L15+M15+N15 -> 5679000 | P15: 8666667 | Q15: =P15-O15 -> 2987667
A16: 9 | B16: 45181 | C16: Trả hàng Vietsun sáng 13/09 | D16: GAOU6507098 | E16: Kho Masan, Dị Sử, Hưng Yên | G16: 58 | H16: =G16*23050 -> 1336900 | J16: 430000 | O16: =H16+J16+K16+L16+M16+N16 -> 1766900 | P16: 3200000 | Q16: =P16-O16 -> 1433100
A17: 10 | B17: 45182 | C17: Trả hàng phế liệu sáng 14/09 | D17: MOEU0712552 | E17: Đồng Tâm, Lạc Thủy, Hòa Bình | G17: 103 | H17: =G17*23050 -> 2374150 | J17: 890000 | O17: =H17+J17+K17+L17+M17+N17 -> 3264150 | P17: 5800000 | Q17: =P17-O17 -> 2535850
A18: 11 | B18: 45183 | C18: Trả hàng Vietsun sáng 15/09 | D18: DRYU9589548 | E18: KCN An Phát, Việt Hòa, TP. Hải Dương | G18: 43 | H18: =G18*23050 -> 991150 | J18: 340000 | O18: =H18+J18+K18+L18+M18+N18 -> 1331150 | P18: 2940000 | Q18: =P18-O18 -> 1608850
A19: 12 | B19: 45184 | C19: Đóng hàng chè sáng 16/09 | D19: DRYU9906848 | E19: Thanh Ba, Phú Thọ | G19: 153 | H19: =G19*23050 -> 3526650 | J19: 1080000 | O19: =H19+J19+K19+L19+M19+N19 -> 4606650 | P19: 7150000 | Q19: =P19-O19 -> 2543350
A20: 13 | B20: 45185 | C20: Đóng hàng chè sáng 18/09 | D20: TGBU7296501 | E20: Mỹ Bằng, Yên Sơn, Tuyên Quang | G20: 180 | H20: =G20*23050 -> 4149000 | J20: 1530000 | O20: =H20+J20+K20+L20+M20+N20 -> 5679000 | P20: 8666667 | Q20: =P20-O20 -> 2987667
A21: 14 | B21: 45187 | C21: Đóng hàng chè sáng 19/09 | D21: FFAU3079640 | E21: Mộc Châu, Sơn La | G21: 244 | H21: =(G21)*23050 -> 5624200 | J21: 2380000 | O21: =H21+J21+K21+L21+M21+N21 -> 8004200 | P21: 13564815 | Q21: =P21-O21 -> 5560615
A22: 15 | B22: 45188 | C22: Trả hàng Vietsun sáng 20/09 | D22: DRYU9970071 | E22: KCN Yên Mỹ 2, Yên Mỹ, Hưng Yên | G22: 64 | H22: =G22*23590 -> 1509760 | J22: 430000 | O22: =H22+J22+K22+L22+M22+N22 -> 1939760 | P22: 3210000 | Q22: =P22-O22 -> 1270240
A23: 16 | B23: 45189 | C23: Đóng hàng chè sáng 21/09 | D23: YMMU6038891 | E23: TT Tân Uyên, Tân Uyên, Lai Châu | G23: 384 | H23: =G23*23590 -> 9058560 | J23: 3870000 | O23: =H23+J23+K23+L23+M23+N23 -> 12928560 | P23: 20900000 | Q23: =P23-O23 -> 7971440
A24: 17 | B24: 45191 | C24: Đóng hàng chè chiều 23/09 | D24: OOCU8790598 | E24: Tiên Phú, Phù Ninh, Phú Thọ | G24: 151 | H24: =G24*23590 -> 3562090 | J24: 1080000 | O24: =H24+J24+K24+L24+M24+N24 -> 4642090 | P24: 7100000 | Q24: =P24-O24 -> 2457910
A25: 18 | B25: 45194 | C25: Đóng hàng XK sáng 26/09 | D25: TGHU1803405 | E25: Xuân Mai, Chương Mỹ, Hà Nội | G25: 123 | H25: =G25*23590 -> 2901570 | J25: 790000 | O25: =H25+J25+K25+L25+M25+N25 -> 3691570 | P25: 5820370 | Q25: =P25-O25 -> 2128800
A26: 19 | B26: 45195 | C26: Trả hàng NK sáng 27/09 | D26: MNBU1001495 | E26: Yên Mỹ, Hưng Yên | G26: 61 | H26: =G26*23590 -> 1438990 | J26: 530000 | O26: =H26+J26+K26+L26+M26+N26 -> 1968990 | P26: 3700000 | Q26: =P26-O26 -> 1731010
A27: 20 | B27: 45196 | C27: Trả hàng NK sáng 28/09 | D27: TCKU7564390 | E27: Bình Lục, Hà Nam | G27: 87 | H27: =G27*23590 -> 2052330 | J27: 430000 | O27: =H27+J27+K27+L27+M27+N27 -> 2482330 | P27: 4200000 | Q27: =P27-O27 -> 1717670
A28: 21 | B28: 45198 | C28: Đóng hàng chè sáng 29/09 | D28: EMCU8931136 | E28: Mỹ Bằng, Yên Sơn, Tuyên Quang | G28: 180 | H28: =G28*23590 -> 4246200 | J28: 1530000 | O28: =H28+J28+K28+L28+M28+N28 -> 5776200 | P28: 8851852 | Q28: =P28-O28 -> 3075652
A29: 22 | B29: 45198 | C29: Đóng hàng chè sáng 30/09 | D29: EMCU8566809 | E29: Mỹ Bằng, Yên Sơn, Tuyên Quang | G29: 180 | H29: =G29*23590 -> 4246200 | J29: 1530000 | O29: =H29+J29+K29+L29+M29+N29 -> 5776200 | P29: 8851852 | Q29: =P29-O29 -> 3075652
C30: Phí gửi xe | L30: 1200000 | O30: =K30+L30+M30+N30 -> 1200000
C31: Tiền vé trạm thu phí Epass | K31: 10690000 | O31: =K31+L31+M31+N31 -> 10690000
C32: Thay la răng xe 15C-180.99 | M32: 900000 | O32: =K32+L32+M32+N32 -> 900000
C33: Thanh toán tiền lọc dầu nhớt P551088; lọc nhiên liệu P550821; Lọc nhiên liệu tách nước P550748, lọc dầu nhớt P574863 xe 15C-180.99" | N33: 2106000 | O33: =K33+L33+M33+N33 -> 2106000
C34: Thanh toán tiền sửa la zăng, xịt xe 15C-180.99 ngày 5/9 | L34: 100000 | O34: =K34+L34+M34+N34 -> 100000
C35: Thanh toán tiền dầu nhớt cho 4 xe 15C-136.31; 15C-139.82; 15C-070.63; 15C-180.99 | N35: =13500000/4 -> 3375000 | O35: =K35+L35+M35+N35 -> 3375000
C36: Thanh toán tiền đảo la răng xe 15C-180.99 ngày 8/9 | M36: 70000 | O36: =K36+L36+M36+N36 -> 70000
C37: Thanh toán tiền mua 04 bình ắc quy xe 15C-180.99 | L37: 6400000 | O37: =K37+L37+M37+N37 -> 6400000
C38: Thay lốp dự phòng xe 15C-180.99 ngày 19/9 | M38: 150000 | O38: =K38+L38+M38+N38 -> 150000
C39: Thanh toán tiền rơ le ngắt lạnh xe 15C-180.99 ngày 09/9 | L39: 300000 | O39: =K39+L39+M39+N39 -> 300000
C40: Lương lx ( ngày công 26/26) | K40: 8000000 | O40: =K40+L40+M40+N40 -> 8000000
A41: TỔNG CỘNG | G41: =SUM(G8:G40) -> 3425 | H41: =SUM(H7:H40) -> 79215840 | I41: =SUM(I7:I40) -> 0 | J41: =SUM(J7:J40) -> 30080000 | K41: =SUM(K7:K40) -> 18690000 | L41: =SUM(L7:L40) -> 8000000 | M41: =SUM(M7:M40) -> 1120000 | N41: =SUM(N7:N40) -> 5481000 | O41: =SUM(O8:O40) -> 142586840 | P41: =SUM(P8:P40) -> 177177779 | Q41: =P41-O41 -> 34590939
P43: LK = | Q43: ='08.2023'!Q39+'09.2023'!Q41 -> 2.3036219e+08

Sheet 10.2023
A1: Bảng theo dõi doanh thu/ chi phí theo phương tiện vận chuyển
A2: Biển số xe: 15C - 180.99
A3: THÁNG 10.2023
A5: STT | B5: Ngày tháng | C5: Diễn giải | D5: Số cont | E5: Tuyến đường vận chuyển | F5: Khoảng cách (km) | G5: Chi phí | I5: Mức TTBQ | J5: Đi đường | K5: Lương lx | L5: Sửa chữa | M5: Lốp | N5: Dầu máy | O5: Tổng chi phí | P5: Cước vận chuyển | Q5: Lợi nhuận gộp
G6: Dầu (l) | H6: Dầu (đồng)
A8: 1 | B8: 45199 | C8: Trả hàng NK sáng 02/10 | D8: OOCU7937540 | E8: Nguyễn Văn Linh, TP. Hưng Yên | G8: 86 | H8: =G8*23590 -> 2028740 | J8: 430000 | O8: =H8+J8+K8+L8+M8+N8 -> 2458740 | P8: 3518519 | Q8: =P8-O8 -> 1059779
A9: 2 | B9: 45201 | C9: Đóng hàng chè chiều 03/10 - 05/10 | D9: TCNU9713939 | E9: TT Tân Uyên, Tân Uyên, Lai Châu | G9: 647 | H9: =G9*23590 -> 15262730 | J9: 7292000 | O9: =H9+J9+K9+L9+M9+N9 -> 22554730 | P9: 24000000 | Q9: =P9-O9 -> 1445270
A10: 3 | B10: 45205 | C10: Trả lại hàng về Lai Châu sáng 07/10 | D10: TCNU9713939 | E10: TT Tân Uyên, Tân Uyên, Lai Châu | G10: 0 | J10: 0 | O10: =H10+J10+K10+L10+M10+N10 -> 0 | P10: 14500000 | Q10: =P10-O10 -> 14500000
A11: 4 | B11: 45205 | C11: Đóng hàng chè chiều 08/10 | D11: TCNU9713939 | E11: Tiên Phú, Phù Ninh, Phú Thọ | G11: 0 | J11: 0 | O11: =H11+J11+K11+L11+M11+N11 -> 0 | P11: 1018519 | Q11: =P11-O11 -> 1018519
A12: 5 | B12: 45208 | C12: Đóng hàng chè sáng 10/10 | D12: HPCU4575919 | E12: Bản Bo, Tam Đường, Lai Châu | G12: 365 | H12: =G12*23590 -> 8610350 | J12: 3814000 | O12: =H12+J12+K12+L12+M12+N12 -> 12424350 | P12: 21600000 | Q12: =P12-O12 -> 9175650
A13: 6 | B13: 45210 | C13: Đóng hàng XK sáng 12/10 | D13: GLDU5276029 | E13: Xuân Mai, Chương Mỹ, Hà Nội | G13: 123 | H13: =G13*23590 -> 2901570 | J13: 790000 | O13: =H13+J13+K13+L13+M13+N13 -> 3691570 | P13: 5720370 | Q13: =P13-O13 -> 2028800
A14: 7 | B14: 45211 | C14: Đóng hàng chè sáng 13/10 | D14: FFAU3331108 | E14: Mỹ Bằng, Yên Sơn, Tuyên Quang | G14: 180 | H14: =G14*23590 -> 4246200 | J14: 1530000 | O14: =H14+J14+K14+L14+M14+N14 -> 5776200 | P14: 8851852 | Q14: =P14-O14 -> 3075652
A15: 8 | B15: 45212 | C15: Trả hàng Vietsun sáng 14/10 | D15: DRYU9961341 | E15: Kho Masan, Dị Sử, Hưng Yên | G15: 58 | H15: =G15*23590 -> 1368220 | J15: 430000 | O15: =H15+J15+K15+L15+M15+N15 -> 1798220 | P15: 3200000 | Q15: =P15-O15 -> 1401780
A16: 9 | B16: 45213 | C16: Trả hàng NK sáng 16/10 | D16: BEAU4303893 | E16: Mộc Châu, Sơn La | G16: 246 | H16: =G16*23590 -> 5803140 | J16: 2380000 | O16: =H16+J16+K16+L16+M16+N16 -> 8183140 | P16: 13900000 | Q16: =P16-O16 -> 5716860
A17: 10 | B17: 45215 | C17: Trả hàng NK sáng 17/10 | D17: SEGU4578260 | E17: Mộc Châu, Sơn La | G17: 249 | H17: =G17*22410 -> 5580090 | J17: 2380000 | O17: =H17+J17+K17+L17+M17+N17 -> 7960090 | P17: 13900000 | Q17: =P17-O17 -> 5939910
A18: 11 | B18: 45217 | C18: Trả hàng NK sáng 19/10 | D18: TGBU6456781 | E18: Mộc Châu, Sơn La | G18: 249 | H18: =G18*22410 -> 5580090 | J18: 2380000 | O18: =H18+J18+K18+L18+M18+N18 -> 7960090 | P18: 13900000 | Q18: =P18-O18 -> 5939910
A19: 12 | B19: 45219 | C19: Đóng hàng chè sáng 20/10 | D19: EMCU8866724 | E19: Mỹ Bằng, Yên Sơn, Tuyên Quang | G19: 182 | H19: =G19*22410 -> 4078620 | J19: 1530000 | O19: =H19+J19+K19+L19+M19+N19 -> 5608620 | P19: 8851852 | Q19: =P19-O19 -> 3243232
A20: 13 | B20: 45219 | C20: Đóng hàng chè sáng 21/10 | D20: CSLU6338003 | E20: Phúc Khoa, Tân Uyên, Lai Châu | G20: 377 | H20: =G20*22410 -> 8448570 | J20: 3870000 | O20: =H20+J20+K20+L20+M20+N20 -> 12318570 | P20: 21200000 | Q20: =P20-O20 -> 8881430
A21: 14 | B21: 45222 | C21: Trả hàng đường ngắn/ ca xe 23/10 | D21: N/A | E21: Tiền ca xe do hủy kế hoạch không chạy | O21: =H21+J21+K21+L21+M21+N21 -> 0 | P21: 1000000 | Q21: =P21-O21 -> 1000000
A22: 15 | B22: 45222 | C22: Đóng hàng chè sáng 24/10 | D22: TCNU6180712 | E22: Sơn Hùng, Thanh Sơn, Phú Thọ | G22: 158 | H22: =G22*22480 -> 3551840 | J22: 1040000 | O22: =H22+J22+K22+L22+M22+N22 -> 4591840 | P22: 7670370 | Q22: =P22-O22 -> 3078530
A23: 16 | B23: 45223 | C23: Đóng hàng rút ruột sáng cont 25/10 | D23: CRSU9015939 | E23: Kho ngoại quan DKP, Đình Vũ, Hải Phòng | G23: 11 | H23: =G23*22480 -> 247280 | J23: 300000 | O23: =H23+J23+K23+L23+M23+N23 -> 547280 | P23: 1700000 | Q23: =P23-O23 -> 1152720
A24: 17 | B24: 45224 | C24: Đóng hàng chè sáng 26/10 | D24: WHSU0027179 | E24: TT Trần Phú, Văn Chấn, Yên Bái | G24: 180 | H24: =G24*22480 -> 4046400 | J24: 1530000 | O24: =H24+J24+K24+L24+M24+N24 -> 5576400 | P24: 10185185 | Q24: =P24-O24 -> 4608785
A25: 18 | B25: 45226 | C25: Trả hàng Vietsun sáng 27/10 | D25: DRYU9592310 | E25: Mỹ Hào, Hưng Yên | G25: 60 | H25: =G25*22480 -> 1348800 | J25: 430000 | O25: =H25+J25+K25+L25+M25+N25 -> 1778800 | P25: 3210000 | Q25: =P25-O25 -> 1431200
A26: 19 | B26: 45227 | C26: Trả hàng NK sáng 28/10 | D26: PCIU1117516 | E26: Như Quỳnh, Văn Lâm, Hưng Yên | G26: 84 | H26: =G26*22480 -> 1888320 | J26: 790000 | O26: =H26+J26+K26+L26+M26+N26 -> 2678320 | P26: 4300000 | Q26: =P26-O26 -> 1621680
A27: 20 | B27: 45229 | C27: Đóng hàng chè sáng 30/10 | D27: CICU3357030 | E27: TT. Phong Hải, Bảo Thắng, Lào Cai | G27: 273 | H27: =G27*22480 -> 6137040 | J27: 3032000 | O27: =H27+J27+K27+L27+M27+N27 -> 9169040 | P27: 14629630 | Q27: =P27-O27 -> 5460590
C28: Phí gửi xe | L28: 1200000 | O28: =K28+L28+M28+N28 -> 1200000
C29: Tiền vé trạm thu phí Epass | K29: 11420000 | O29: =K29+L29+M29+N29 -> 11420000
C30: Thanh toán tiền làm lốp, dán lốp xe 15C-180.99 ngày 15/10 | M30: 170000 | O30: =K30+L30+M30+N30 -> 170000
C31: Thanh toán tiền bơm mỡ xe 15C-180.99 ngày 11/10 | L31: 200000 | O31: =K31+L31+M31+N31 -> 200000
C32: Thanh toán tiền thay 2 đèn sau biển số, 2 đèn sườn to, chạy dây vai moóc, dây điện xe 15C-180.99 ngày 23/10 | L32: 300000 | O32: =K32+L32+M32+N32 -> 300000
C33: Thanh toán tiền lốp L1100R20 casu881 cho xe 15C-180.99 ngày 20/10 | M33: 11800000 | O33: =K33+L33+M33+N33 -> 11800000
C34: Thanh toán tiền săm xe 15C-180.99 ngày 2/10 | M34: 400000 | O34: =K34+L34+M34+N34 -> 400000
C35: Thanh toán tiền bảo dưỡng tổng phanh moóc + 24 m ống, zắc co xe 15C-180.99 ngày 31/10 | L35: 800000 | O35: =K35+L35+M35+N35 -> 800000
C36: Thanh toán tiền lọc nhớt cho xe 15C-136.31; 15C-139.82; 15C-180.99 ngày 27/10 | N36: =2300400/3 -> 766800 | O36: =K36+L36+M36+N36 -> 766800
C37: Thanh toán tiền hàn ống lạnh, thay ống lạnh, bơm ga, dầu lạnh xe 15C-180.99 ngày 18/10 | L37: 1500000 | O37: =K37+L37+M37+N37 -> 1500000
C38: Lương lx ( ngày công 26/26) | K38: 8000000 | O38: =K38+L38+M38+N38 -> 8000000
A39: TỔNG CỘNG | G39: =SUM(G8:G38) -> 3528 | H39: =SUM(H7:H38) -> 81128000 | I39: =SUM(I7:I38) -> 0 | J39: =SUM(J7:J38) -> 33948000 | K39: =SUM(K7:K38) -> 19420000 | L39: =SUM(L7:L38) -> 4000000 | M39: =SUM(M7:M38) -> 12370000 | N39: =SUM(N7:N38) -> 766800 | O39: =SUM(O8:O38) -> 151632800 | P39: =SUM(P8:P38) -> 196856297 | Q39: =P39-O39 -> 45223497
P41: LK = | Q41: ='09.2023'!Q43+'10.2023'!Q39 -> 2.7558568e+08

Sheet 11.2023
A1: Bảng theo dõi doanh thu/ chi phí theo phương tiện vận chuyển
A2: Biển số xe: 15C - 180.99
A3: THÁNG 11.2023
A5: STT | B5: Ngày tháng | C5: Diễn giải | D5: Số cont | E5: Tuyến đường vận chuyển | F5: Khoảng cách (km) | G5: Chi phí | I5: Mức TTBQ | J5: Đi đường | K5: Lương lx | L5: Sửa chữa | M5: Lốp | N5: Dầu máy | O5: Tổng chi phí | P5: Cước vận chuyển | Q5: Lợi nhuận gộp
G6: Dầu (l) | H6: Dầu (đồng)
A8: 1 | B8: 45230 | C8: Trả hàng NK sáng 01/11 | D8: PCIU1080886 | E8: KCN Thuận Thành, Bắc Ninh | G8: 72 | H8: =G8*21940 -> 1579680 | J8: 430000 | O8: =H8+J8+K8+L8+M8+N8 -> 2009680 | P8: 3400000 | Q8: =P8-O8 -> 1390320
A9: 2 | B9: 45231 | C9: Đóng hàng XK sáng 02/11 | D9: TSSU2055780 | E9: Xuân Mai, Chương Mỹ, Hà Nội | G9: 110 | H9: =G9*21940 -> 2413400 | J9: 790000 | O9: =H9+J9+K9+L9+M9+N9 -> 3203400 | P9: 5300000 | Q9: =P9-O9 -> 2096600
A10: 3 | B10: 45232 | C10: Lái xe lấy vỏ không đạt yêu cầu 02/11 | D10: FFAU1130845 | E10: Hải Phòng | H10: =G10*21940 -> 0 | O10: =H10+J10+K10+L10+M10+N10 -> 0 | P10: 0 | Q10: =P10-O10 -> 0
A11: 4 | B11: 45232 | C11: Đóng hàng chè sáng 03/11 | D11: YMMU6645679 | E11: Mộc Châu, Sơn La | G11: 247 | H11: =G11*21940 -> 5419180 | J11: 2380000 | O11: =H11+J11+K11+L11+M11+N11 -> 7799180 | P11: 12962963 | Q11: =P11-O11 -> 5163783
A12: 5 | B12: 45233 | C12: Đóng hàng chè sáng 04/11 | D12: TXGU5790143 | E12: Mỹ Bằng, Yên Sơn, Tuyên Quang | G12: 180 | H12: =G12*21940 -> 3949200 | J12: 1530000 | O12: =H12+J12+K12+L12+M12+N12 -> 5479200 | P12: 8851852 | Q12: =P12-O12 -> 3372652
A13: 6 | B13: 45236 | C13: Trả hàng NK sáng 07/11 | D13: EGHU9380898 | E13: KCN Phố Nối A, Văn Lâm, Hưng Yên | G13: 67 | H13: =G13*21940 -> 1469980 | J13: 430000 | O13: =H13+J13+K13+L13+M13+N13 -> 1899980 | P13: 3200000 | Q13: =P13-O13 -> 1300020
A14: 7 | B14: 45237 | C14: Đóng hàng XK sáng 08/11 | D14: GAOU2250400 | E14: Đường 196, Văn Lâm, Hưng Yên | G14: 74 | H14: =G14*21940 -> 1623560 | J14: 790000 | O14: =H14+J14+K14+L14+M14+N14 -> 2413560 | P14: 3700000 | Q14: =P14-O14 -> 1286440
A15: 8 | B15: 45238 | C15: Đóng hàng chè sáng 09/11 | D15: TGBU6676132 | E15: Mỹ Bằng, Yên Sơn, Tuyên Quang | G15: 193 | H15: =G15*21940 -> 4234420 | J15: 1530000 | O15: =H15+J15+K15+L15+M15+N15 -> 5764420 | P15: 9259259 | Q15: =P15-O15 -> 3494839
A16: 9 | B16: 45238 | C16: Đóng hàng chè sáng 10/11 | D16: TLLU7744989 | E16: Thanh Ba, Phú Thọ | G16: 156 | H16: =G16*21940 -> 3422640 | J16: 1190000 | O16: =H16+J16+K16+L16+M16+N16 -> 4612640 | P16: 7250000 | Q16: =P16-O16 -> 2637360
A17: 10 | B17: 45240 | C17: Đóng hàng chè sáng 11/11 | D17: EMCU1720147 | E17: Mỹ Bằng, Yên Sơn, Tuyên Quang | G17: 180 | H17: =G17*21940 -> 3949200 | J17: 1530000 | O17: =H17+J17+K17+L17+M17+N17 -> 5479200 | P17: 8851852 | Q17: =P17-O17 -> 3372652
A18: 11 | B18: 45243 | C18: Trả hàng Vietsun sáng 13/11 | D18: DRYU9592773 | E18: Cargill KCN Phố Nối A, Văn Lâm, Hưng Yên | G18: 61 | H18: =G18*20880 -> 1273680 | J18: 430000 | O18: =H18+J18+K18+L18+M18+N18 -> 1703680 | P18: 3450000 | Q18: =P18-O18 -> 1746320
A19: 12 | B19: 45244 | C19: Đóng hàng chè sáng 14/11 | D19: WHSU5783034 | E19: TT Trần Phú, Văn Chấn, Yên Bái | G19: 180 | H19: =G19*20880 -> 3758400 | J19: 1530000 | O19: =H19+J19+K19+L19+M19+N19 -> 5288400 | P19: 11111111 | Q19: =P19-O19 -> 5822711
A20: 13 | B20: 45244 | C20: Đóng hàng XK sáng 15/11 | D20: MRKU7072520 | E20: KCN Đông Mai, Quảng Yên, Quảng Ninh | G20: 57 | H20: =G20*20880 -> 1190160 | J20: 430000 | O20: =H20+J20+K20+L20+M20+N20 -> 1620160 | P20: 2800000 | Q20: =P20-O20 -> 1179840
A21: 14 | B21: 45245 | C21: Trả hàng Vietsun sáng 16/11 | D21: GAOU6143165 | E21: CCN Liên Phương, Thường Tín, Hà Nội | G21: 89 | H21: =G21*20880 -> 1858320 | J21: 790000 | O21: =H21+J21+K21+L21+M21+N21 -> 2648320 | P21: 4010000 | Q21: =P21-O21 -> 1361680
A22: 15 | B22: 45246 | C22: Trả hàng NK sáng 17/11 | D22: TLLU7890828 | E22: Trại Ro, Quốc Oai, Hà Nội | G22: 110 | H22: =G22*20880 -> 2296800 | J22: 790000 | O22: =H22+J22+K22+L22+M22+N22 -> 3086800 | P22: 4420000 | Q22: =P22-O22 -> 1333200
A23: 16 | B23: 45247 | C23: Đóng hàng chè chiều 18/11 | D23: YMMU6371367 | E23: Tiên Phú, Phù Ninh, Phú Thọ | G23: 150 | H23: =G23*20880 -> 3132000 | J23: 1082000 | O23: =H23+J23+K23+L23+M23+N23 -> 4214000 | P23: 6700000 | Q23: =P23-O23 -> 2486000
A24: 17 | B24: 45250 | C24: Đóng hàng XK sáng 20/11 | D24: DFSU1518220 | E24: KCN Đông Mai, Quảng Yên, Quảng Ninh | G24: 60 | H24: =G24*20880 -> 1252800 | J24: 430000 | O24: =H24+J24+K24+L24+M24+N24 -> 1682800 | P24: 3024000 | Q24: =P24-O24 -> 1341200
A25: 18 | B25: 45251 | C25: Đóng hàng chè sáng 21/11 | D25: GESU6160700 | E25: TT. Phong Hải, Bảo Thắng, Lào Cai | G25: 273 | H25: =G25*20880 -> 5700240 | J25: 3032000 | O25: =H25+J25+K25+L25+M25+N25 -> 8732240 | P25: 14629630 | Q25: =P25-O25 -> 5897390
A26: 19 | B26: 45251 | C26: Trả hàng Vietsun sáng 22/11 | D26: DRYU9961531 | E26: KCN Phố Nối A, Văn Lâm, Hưng Yên | G26: 68 | H26: =G26*20880 -> 1419840 | J26: 430000 | O26: =H26+J26+K26+L26+M26+N26 -> 1849840 | P26: 3300000 | Q26: =P26-O26 -> 1450160
A27: 20 | B27: 45254 | C27: Đóng hàng chè sáng 24/11 | D27: EMCU1674144 | E27: Mỹ Bằng, Yên Sơn, Tuyên Quang | G27: 180 | H27: =G27*20880 -> 3758400 | J27: 1530000 | O27: =H27+J27+K27+L27+M27+N27 -> 5288400 | P27: 8851852 | Q27: =P27-O27 -> 3563452
A28: 21 | B28: 45255 | C28: Đóng hàng chè sáng 26/11 | D28: TCNU8597428 | E28: Hy Cương, TP. Việt Trì, Phú Thọ | G28: 143 | H28: =G28*20880 -> 2985840 | J28: 1082000 | O28: =H28+J28+K28+L28+M28+N28 -> 4067840 | P28: 6500000 | Q28: =P28-O28 -> 2432160
A29: 22 | B29: 45257 | C29: Trả hàng NK sáng 27/11 | D29: OOLU9481901 | E29: KCN Phúc Sơn, TP. Ninh Bình | G29: 113 | H29: =G29*20880 -> 2359440 | J29: 430000 | O29: =H29+J29+K29+L29+M29+N29 -> 2789440 | P29: 4300000 | Q29: =P29-O29 -> 1510560
A30: 23 | B30: 45257 | C30: Đóng hàng chè sáng 28/11 | D30: YMMU6236900 | E30: TT Tân Uyên, Tân Uyên, Lai Châu | G30: 381 | H30: =G30*20280 -> 7726680 | J30: 3868000 | O30: =H30+J30+K30+L30+M30+N30 -> 11594680 | P30: 20800000 | Q30: =P30-O30 -> 9205320
A31: 24 | B31: 45259 | C31: Đóng hàng chè sáng 30/11 | D31: BEAU4806590 | E31: Tiên Phú, Phù Ninh, Phú Thọ | G31: 147 | H31: =G31*20280 -> 2981160 | J31: 1082000 | O31: =H31+J31+K31+L31+M31+N31 -> 4063160 | P31: 6700000 | Q31: =P31-O31 -> 2636840
C33: Phí gửi xe | L33: 1200000 | O33: =K33+L33+M33+N33 -> 1200000
C34: Tiền vé trạm thu phí Epass | K34: 9568000 | O34: =K34+L34+M34+N34 -> 9568000
C35: Thanh toán tiền dầu nhớt cho xe 15C-136.31; 15C-139.82; 15C-180.99; 15C-070.63 | N35: =15050000/4 -> 3762500 | O35: =K35+L35+M35+N35 -> 3762500
C36: Thanh toán tiền thay ắc quy xe 15C-180.99 | O36: =K36+L36+M36+N36 -> 0
C37: Thanh toán tiền phí sử dụng đường bộ xe 15C-180.99 | L37: 8532000 | O37: =K37+L37+M37+N37 -> 8532000
C38: Thanh toán tiền lệ phí đăng kiểm xe 15C-180.99 | L38: 580000 | O38: =K38+L38+M38+N38 -> 580000
C39: Thanh toán tiền đảo lốp lái xe 15C-180.99 ngày 23/11 | M39: 80000 | O39: =K39+L39+M39+N39 -> 80000
C40: Thanh toán tiền bảo hiểm dân sự xe 15C-180.99 | L40: 5280000 | O40: =K40+L40+M40+N40 -> 5280000
C41: Thanh toán tiền thay 1 quả bóng tải , 1 bộ chia hơi bóng tải xe 15C-180.99 ngày 15/11 | L41: 3500000 | O41: =K41+L41+M41+N41 -> 3500000
C42: Thanh toán tiền bơm mỡ đầu kéo + moóc xe 15C-180.99 ngày 29/11 | L42: 200000 | O42: =K42+L42+M42+N42 -> 200000
C43: Thanh toán tiền mua 2 ống gió, 2 đai cùm + công thay xe 15C-180.99 ngày 29/11 | L43: 1160000 | O43: =K43+L43+M43+N43 -> 1160000
C44: Thanh toán tiền tán 2 bộ phanh, thay 3 vòng i, dây coro, đóng bạc 3 dọc, công thay xe 15C-180.99 ngày 22/11 | L44: 2190000 | O44: =K44+L44+M44+N44 -> 2190000
C45: Thay bình nước phụ mới, hàn bình dầu bên lái + công thợ tháo lắp xe 15C-180.99 ngày 13/11 | L45: 3200000 | O45: =K45+L45+M45+N45 -> 3200000
C46: Thanh toán tiền BD đế + MF, thay đi ot xe 15C-180.99 ngày 23/11 | L46: 1200000 | O46: =K46+L46+M46+N46 -> 1200000
C47: Lương lx ( ngày công 25/26) | K47: 7700000 | O47: =K47+L47+M47+N47 -> 7700000
A48: TỔNG CỘNG | G48: =SUM(G8:G47) -> 3291 | H48: =SUM(H7:H47) -> 69755020 | I48: =SUM(I7:I47) -> 0 | J48: =SUM(J7:J47) -> 27536000 | K48: =SUM(K7:K47) -> 17268000 | L48: =SUM(L7:L47) -> 27042000 | M48: =SUM(M7:M47) -> 80000 | N48: =SUM(N7:N47) -> 3762500 | O48: =SUM(O8:O47) -> 145443520 | P48: =SUM(P8:P47) -> 163372519 | Q48: =P48-O48 -> 17928999
P50: LK = | Q50: ='10.2023'!Q41+'11.2023'!Q48 -> 2.9351468e+08

Sheet 12.2023
A1: Bảng theo dõi doanh thu/ chi phí theo phương tiện vận chuyển
A2: Biển số xe: 15C - 180.99
A3: THÁNG 12.2023
A5: STT | B5: Ngày tháng | C5: Diễn giải | D5: Số cont | E5: Tuyến đường vận chuyển | F5: Khoảng cách (km) | G5: Chi phí | I5: Mức TTBQ | J5: Đi đường | K5: Lương lx | L5: Sửa chữa | M5: Lốp | N5: Dầu máy | O5: Tổng chi phí | P5: Cước vận chuyển | Q5: Lợi nhuận gộp
G6: Dầu (l) | H6: Dầu (đồng)
A8: 1 | B8: 45260 | C8: Đóng hàng chè sáng 01/12 | D8: CAIU9166740 | E8: Hy Cương, TP. Việt Trì, Phú Thọ | G8: 139 | H8: =G8*20190 -> 2806410 | J8: 1082000 | O8: =H8+J8+K8+L8+M8+N8 -> 3888410 | P8: 6500000 | Q8: =P8-O8 -> 2611590
A9: 2 | B9: 45261 | C9: Đóng hàng chè sáng 02/12 | D9: MISU5150362 | E9: Mộc Châu, Sơn La | G9: 244 | H9: =G9*20190 -> 4926360 | J9: 2380000 | O9: =H9+J9+K9+L9+M9+N9 -> 7306360 | P9: 12500000 | Q9: =P9-O9 -> 5193640
A10: 3 | B10: 45264 | C10: Trả hàng Vietsun sáng 05/12 | D10: DRYU9968710 | E10: Như Quỳnh, Văn Lâm, Hưng Yên | G10: 66 | H10: =G10*20190 -> 1332540 | J10: 790000 | O10: =H10+J10+K10+L10+M10+N10 -> 2122540 | P10: 3450000 | Q10: =P10-O10 -> 1327460
A11: 4 | B11: 45265 | C11: Đóng hàng chè sáng 05/12 | D11: TCNU8675114 | E11: TT Tân Uyên, Tân Uyên, Lai Châu | G11: 382 | H11: =G11*20190 -> 7712580 | J11: 3868000 | O11: =H11+J11+K11+L11+M11+N11 -> 11580580 | P11: 20800000 | Q11: =P11-O11 -> 9219420
A12: 5 | B12: 45266 | C12: Trả hàng Vietsun sáng 07/12 | D12: GAOU6800362 | E12: Đường D1, KCN Yên Mỹ II, Hưng Yên | G12: 63 | H12: =G12*19720 -> 1242360 | J12: 430000 | O12: =H12+J12+K12+L12+M12+N12 -> 1672360 | P12: 3210000 | Q12: =P12-O12 -> 1537640
A13: 6 | B13: 45268 | C13: Đóng hàng chè sáng 08/12 | D13: TGBU9929430 | E13: Mỹ Bằng, Yên Sơn, Tuyên Quang | G13: 180 | H13: =G13*19720 -> 3549600 | J13: 1530000 | O13: =H13+J13+K13+L13+M13+N13 -> 5079600 | P13: 8851852 | Q13: =P13-O13 -> 3772252
A14: 7 | B14: 45268 | C14: Đóng hàng chè chiều 09/12 | D14: TCNU7237140 | E14: Vân Lĩnh, Thanh Ba, Phú Thọ | G14: 164 | H14: =G14*19720 -> 3234080 | J14: 1082000 | O14: =H14+J14+K14+L14+M14+N14 -> 4316080 | P14: 7050000 | Q14: =P14-O14 -> 2733920
A15: 8 | B15: 45271 | C15: Đóng hàng chè chiều 11/12 | D15: TCNU8828846 | E15: Vân Lĩnh, Thanh Ba, Phú Thọ | G15: 164 | H15: =G15*19010 -> 3117640 | J15: 1082000 | O15: =H15+J15+K15+L15+M15+N15 -> 4199640 | P15: 7050000 | Q15: =P15-O15 -> 2850360
A16: 9 | B16: 45271 | C16: Trả hàng NK sáng 12/12 | D16: TEMU3769191 | E16: KCN Sông Khoai, Quảng Yên, Quảng Ninh | G16: 45 | H16: =G16*19010 -> 855450 | J16: 430000 | O16: =H16+J16+K16+L16+M16+N16 -> 1285450 | P16: 2500000 | Q16: =P16-O16 -> 1214550
A17: 10 | B17: 45273 | C17: Trả hàng Vietsun sáng 13/12 | D17: DRYU9718795 | E17: KCN Tân Quang, Văn Lâm, Hưng Yên | G17: 67 | H17: =G17*19010 -> 1273670 | J17: 790000 | O17: =H17+J17+K17+L17+M17+N17 -> 2063670 | P17: 3540000 | Q17: =P17-O17 -> 1476330
A18: 11 | B18: 45273 | C18: Đóng hàng XK sáng 14/12 | D18: EITU1378600 | E18: Vũ Ninh, Kiến Xương, Thái Bình | G18: 64 | H18: =G18*19010 -> 1216640 | J18: 430000 | O18: =H18+J18+K18+L18+M18+N18 -> 1646640 | P18: 3300000 | Q18: =P18-O18 -> 1653360
A19: 12 | B19: 45274 | C19: Đóng hàng XK sáng 15/12 | D19: TRHU2407231 | E19: Xuân Mai, Chương Mỹ, Hà Nội | G19: 123 | H19: =G19*19010 -> 2338230 | J19: 790000 | O19: =H19+J19+K19+L19+M19+N19 -> 3128230 | P19: 5470370 | Q19: =P19-O19 -> 2342140
A20: 13 | B20: 45277 | C20: Đóng hàng chè sáng 19/12 | D20: TGBU6319691 | E20: Mộc Châu, Sơn La | G20: 240 | H20: =G20*19010 -> 4562400 | J20: 2380000 | O20: =H20+J20+K20+L20+M20+N20 -> 6942400 | P20: 12777778 | Q20: =P20-O20 -> 5835378
A21: 14 | B21: 45279 | C21: Đóng hàng chè sáng 20/12 | D21: TXGU5623341 | E21: Mỹ Bằng, Yên Sơn, Tuyên Quang | G21: 180 | H21: =G21*19010 -> 3421800 | J21: 1530000 | O21: =H21+J21+K21+L21+M21+N21 -> 4951800 | P21: 8296296 | Q21: =P21-O21 -> 3344496
A22: 15 | B22: 45280 | C22: Đóng hàng chè chiều 21/12 | D22: SVLU4443790 | E22: Bản Bo, Tam Đường, Lai Châu | G22: 365 | H22: =G22*19520 -> 7124800 | J22: 3868000 | O22: =H22+J22+K22+L22+M22+N22 -> 10992800 | P22: 20450000 | Q22: =P22-O22 -> 9457200
A23: 16 | B23: 45285 | C23: Trả hàng Vietsun sáng 25/12 | D23: CAIU4668704 | E23: KCN Phố Nối A, Văn Lâm, Hưng Yên | G23: 62 | H23: =G23*19520 -> 1210240 | J23: 430000 | O23: =H23+J23+K23+L23+M23+N23 -> 1640240 | P23: 2920741 | Q23: =P23-O23 -> 1280501
A24: 17 | B24: 45285 | C24: Đóng hàng XK sáng 26/12 | D24: TGHU6340284 | E24: Sông Công, Thái Nguyên | G24: 130 | H24: =G24*19520 -> 2537600 | J24: 830000 | O24: =H24+J24+K24+L24+M24+N24 -> 3367600 | P24: 4900000 | Q24: =P24-O24 -> 1532400
A25: 18 | B25: 45286 | C25: Đóng hàng chè sáng 27/12 | D25: YMLU9027618 | E25: Phủ Lỗ, Sóc Sơn, Hà Nội | G25: 95 | H25: =G25*19520 -> 1854400 | J25: 790000 | O25: =H25+J25+K25+L25+M25+N25 -> 2644400 | P25: 4583333 | Q25: =P25-O25 -> 1938933
A26: 19 | B26: 45287 | C26: Đóng hàng chè sáng 28/12 | D26: NLLU4171609 | E26: TT Tân Uyên, Tân Uyên, Lai Châu | G26: 373 | H26: =G26*19780 -> 7377940 | J26: 3868000 | O26: =H26+J26+K26+L26+M26+N26 -> 11245940 | P26: 20450000 | Q26: =P26-O26 -> 9204060
A27: 20 | B27: 45289 | C27: Đóng hàng chè sáng 30/12 | D27: SEGU6744288 | E27: Tiên Phú, Phù Ninh, Phú Thọ | G27: 147 | H27: =G27*19780 -> 2907660 | J27: 1080000 | O27: =H27+J27+K27+L27+M27+N27 -> 3987660 | P27: 6550000 | Q27: =P27-O27 -> 2562340
C29: Phí gửi xe | L29: 1200000 | O29: =K29+L29+M29+N29 -> 1200000
C30: Tiền vé trạm thu phí Epass | K30: 10559000 | O30: =K30+L30+M30+N30 -> 10559000
C31: Thanh toán tiền làm lốp đứt van xe 15C-180.99 ngày 02/12 | L31: 100000 | O31: =K31+L31+M31+N31 -> 100000
C32: Thanh toán tiền mua lọc nhiên liệu P550821; lọc nhiên liệu tách nước P550748 xe 15C-180.99 | L32: 972000 | O32: =K32+L32+M32+N32 -> 972000
C33: Thanh toán tiền mua chì tạm cho xe 15C-136.31; 15C-139.82; 15C-180.99; 15C-070.63 | L33: =480000/4 -> 120000 | O33: =K33+L33+M33+N33 -> 120000
C34: Thanh toán tiền 2 lọ dầu trợ lực lái cho xe 15C-180.99 | L34: 330000 | O34: =K34+L34+M34+N34 -> 330000
C35: Thanh toán tiền thay quả bóng hơi, bộ chia hơi , sửa tổng hơi xe 15C-180.99 ngày 12/12 | L35: 3800000 | O35: =K35+L35+M35+N35 -> 3800000
C36: Thanh toán tiền cứu hộ xe ở Hưng yên , tháo lắp bơm hơi xe 15C-180.99 ngày 18/12 | L36: 800000 | O36: =K36+L36+M36+N36 -> 800000
C37: Thanh toán tiền thay ống dầu cấp, công thợ xe 15C-180.99 ngày 06/12 | L37: 1080000 | O37: =K37+L37+M37+N37 -> 1080000
C38: Thanh toán tiền lốp xe 295/75R22.5/16 CSM11 cho xe 15C-180.99 ngày 29/12 | M38: 9800000 | O38: =K38+L38+M38+N38 -> 9800000
C39: Thanh toán tiền săm cho xe 15C-180.99 ngày 27/12 | M39: 380000 | O39: =K39+L39+M39+N39 -> 380000
C40: Thanh toán tiền mua phớt bớt lái, dầu bớt lái xe 15C-180.99 ngày 29/12 | L40: 1720000 | O40: =K40+L40+M40+N40 -> 1720000
C41: Lương lx ( ngày công 25/26) | K41: 7700000 | O41: =K41+L41+M41+N41 -> 7700000
A42: TỔNG CỘNG | G42: =SUM(G8:G41) -> 3293 | H42: =SUM(H7:H41) -> 64602400 | I42: =SUM(I7:I41) -> 0 | J42: =SUM(J7:J41) -> 29460000 | K42: =SUM(K7:K41) -> 18259000 | L42: =SUM(L7:L41) -> 10122000 | M42: =SUM(M7:M41) -> 10180000 | N42: =SUM(N7:N41) -> 0 | O42: =SUM(O8:O41) -> 132623400 | P42: =SUM(P8:P41) -> 165150370 | Q42: =P42-O42 -> 32526970
P44: LK = | Q44: ='11.2023'!Q50+'12.2023'!Q42 -> 3.2604165e+08
P45: Phí QL | Q45: 24000000
P46: LN | Q46: =Q44-Q45 -> 3.0204165e+08
P47: Thưởng 29.55% | Q47: =Q46*29.55% -> 89253308

Sheet 01.2024
A1: Bảng theo dõi doanh thu/ chi phí theo phương tiện vận chuyển
A2: Biển số xe: 15C - 180.99
A3: THÁNG 01.2024
A5: STT | B5: Ngày tháng | C5: Diễn giải | D5: Số cont | E5: Tuyến đường vận chuyển | F5: Khoảng cách (km) | G5: Chi phí | I5: Mức TTBQ | J5: Đi đường | K5: Lương lx | L5: Sửa chữa | M5: Lốp | N5: Dầu máy | O5: Tổng chi phí | P5: Cước vận chuyển | Q5: Lợi nhuận gộp
G6: Dầu (l) | H6: Dầu (đồng)
A8: 1 | B8: 45290 | C8: Đóng hàng chè sáng 02/01 | D8: GCXU5443215 | E8: Hy Cương, TP. Việt Trì, Phú Thọ | G8: 146 | H8: =G8*19780 -> 2887880 | J8: 1080000 | O8: =H8+J8+K8+L8+M8+N8 -> 3967880 | P8: 6350000 | Q8: =P8-O8 -> 2382120
A9: 2 | B9: 45293 | C9: Đóng hàng XK sáng 03/01 | D9: WHSU6948817 | E9: Tiên Cường, Tiên Lãng, Hải Phòng | G9: 32 | H9: =G9*19780 -> 632960 | J9: 430000 | O9: =H9+J9+K9+L9+M9+N9 -> 1062960 | P9: 2100000 | Q9: =P9-O9 -> 1037040
A10: 3 | B10: 45294 | C10: Đóng hàng chè sáng 04/01 | D10: ZCSU6865017 | E10: Mỹ Bằng, Yên Sơn, Tuyên Quang | G10: 193 | H10: =G10*19360 -> 3736480 | J10: 1530000 | O10: =H10+J10+K10+L10+M10+N10 -> 5266480 | P10: 8703704 | Q10: =P10-O10 -> 3437224
A11: 4 | B11: 45295 | C11: Đóng hàng chè sáng 05/01 | D11: OOCU8361593 | E11: Mỹ Bằng, Yên Sơn, Tuyên Quang | G11: 187 | H11: =G11*19360 -> 3620320 | J11: 1530000 | O11: =H11+J11+K11+L11+M11+N11 -> 5150320 | P11: 8296296 | Q11: =P11-O11 -> 3145976
A12: 5 | B12: 45296 | C12: Trả hàng Vietsun sáng 06/01 | D12: VSGU4230228 | E12: KCN Phố Nối A, Văn Lâm, Hưng Yên | G12: 80 | H12: =G12*19360 -> 1548800 | J12: 730000 | O12: =H12+J12+K12+L12+M12+N12 -> 2278800 | P12: 3180000 | Q12: =P12-O12 -> 901200
A13: 6 | B13: 45297 | C13: Đóng hàng KH Vietsun chiều 06/01 | D13: VSGU4230228 | E13: KCN Phố Nối A, Văn Lâm, Hưng Yên | H13: =G13*19360 -> 0 | O13: =H13+J13+K13+L13+M13+N13 -> 0 | P13: 2331000 | Q13: =P13-O13 -> 2331000
A14: 7 | B14: 45297 | C14: Đóng hàng chè sáng 08/01 | D14: YMMU6418309 | E14: Mộc Châu, Sơn La | G14: 244 | H14: =G14*19360 -> 4723840 | J14: 2380000 | O14: =H14+J14+K14+L14+M14+N14 -> 7103840 | P14: 12777778 | Q14: =P14-O14 -> 5673938
A15: 8 | B15: 45299 | C15: Đóng hàng chè chiều 09/01 | D15: TCNU3786711 | E15: Tân Lập, Mộc Châu, Sơn La | G15: 258 | H15: =G15*19360 -> 4994880 | J15: 2380000 | O15: =H15+J15+K15+L15+M15+N15 -> 7374880 | P15: 12962963 | Q15: =P15-O15 -> 5588083
A16: 9 | B16: 45300 | C16: Trả hàng Vietsun sáng 10/01 | D16: GAOU6798584 | E16: Cảng nội địa, Việt Hòa, TP. Hải Dương | G16: 42 | H16: =G16*19360 -> 813120 | J16: 340000 | O16: =H16+J16+K16+L16+M16+N16 -> 1153120 | P16: 2670000 | Q16: =P16-O16 -> 1516880
A17: 10 | B17: 45301 | C17: Trả hàng NK sáng 11/01 | D17: MRSU6091318 | E17: Thuận Châu, Sơn La | G17: 340 | H17: =G17*19700 -> 6698000 | J17: 3460000 | O17: =H17+J17+K17+L17+M17+N17 -> 10158000 | P17: 18655556 | Q17: =P17-O17 -> 8497556
A18: 11 | B18: 45303 | C18: Đóng hàng chè sáng 14/01 | D18: MIOU5128826 | E18: Hy Cương, TP. Việt Trì, Phú Thọ | G18: 159 | H18: =G18*19700 -> 3132300 | J18: 1080000 | O18: =H18+J18+K18+L18+M18+N18 -> 4212300 | P18: 6350000 | Q18: =P18-O18 -> 2137700
A19: 12 | B19: 45306 | C19: Đóng hàng chè sáng 15/01 | D19: TEMU7889343 | E19: Tiên Phú, Phù Ninh, Phú Thọ | G19: 147 | H19: =G19*19700 -> 2895900 | J19: 1080000 | O19: =H19+J19+K19+L19+M19+N19 -> 3975900 | P19: 6550000 | Q19: =P19-O19 -> 2574100
A20: 13 | B20: 45307 | C20: Trả hàng Vietsun sáng 16/01 | D20: GAOU6145105 | E20: KCN Đại An, Hải Dương | G20: 44 | H20: =G20*19700 -> 866800 | J20: 340000 | O20: =H20+J20+K20+L20+M20+N20 -> 1206800 | P20: 2670000 | Q20: =P20-O20 -> 1463200
A21: 14 | B21: 45307 | C21: Đóng hàng chè sáng 17/01 | D21: YMMU6675288 | E21: TT. Phong Hải, Bảo Thắng, Lào Cai | G21: 273 | H21: =G21*19700 -> 5378100 | J21: 3032000 | O21: =H21+J21+K21+L21+M21+N21 -> 8410100 | P21: 14500000 | Q21: =P21-O21 -> 6089900
A22: 15 | B22: 45308 | C22: Trả hàng NK sáng 18/01 | D22: TLLU2620590 | E22: KCN Quang Châu, Việt Yên, Bắc Giang | G22: 91 | H22: =G22*20190 -> 1837290 | J22: 430000 | O22: =H22+J22+K22+L22+M22+N22 -> 2267290 | P22: 4500000 | Q22: =P22-O22 -> 2232710
A23: 16 | B23: 45309 | C23: Đóng hàng chè sáng 19/01 | D23: YMMU6226820 | E23: TT. Phong Hải, Bảo Thắng, Lào Cai | G23: 273 | H23: =G23*20190 -> 5511870 | J23: 3032000 | O23: =H23+J23+K23+L23+M23+N23 -> 8543870 | P23: 14500000 | Q23: =P23-O23 -> 5956130
A24: 17 | B24: 45310 | C24: Đóng hàng đường ngắn sáng 20/01 | D24: BMOU4511823 | E24: KCN Nam Đình Vũ, Hải Phòng | G24: 11 | H24: =G24*20190 -> 222090 | J24: 300000 | O24: =H24+J24+K24+L24+M24+N24 -> 522090 | P24: 1500000 | Q24: =P24-O24 -> 977910
A25: 18 | B25: 45313 | C25: Trả hàng NK sáng 22/01 | D25: TCLU5780850 | E25: KCN Hòa Mạc, Duy Tiên, Hà Nam | G25: 82 | H25: =G25*20190 -> 1655580 | J25: 430000 | O25: =H25+J25+K25+L25+M25+N25 -> 2085580 | P25: 4100000 | Q25: =P25-O25 -> 2014420
A26: 19 | B26: 45313 | C26: Đóng hàng chè sáng 23/01 | D26: YMMU6412609 | E26: NM chè Thành Đạt, Thanh Chương, Nghệ An | G26: 271 | H26: =G26*20190 -> 5471490 | J26: 1360000 | O26: =H26+J26+K26+L26+M26+N26 -> 6831490 | P26: 10800000 | Q26: =P26-O26 -> 3968510
A27: 20 | B27: 45314 | C27: Trả hàng Vietsun sáng 24/01 | D27: GAOU6145609 | E27: Mỹ Hào, Hưng Yên | G27: 61 | H27: =G27*20190 -> 1231590 | J27: 430000 | O27: =H27+J27+K27+L27+M27+N27 -> 1661590 | P27: 3090000 | Q27: =P27-O27 -> 1428410
A28: 21 | B28: 45315 | C28: Đóng hàng chè sáng 25/01 | D28: BURU6692475 | E28: Tiên Phú, Phù Ninh, Phú Thọ | G28: 147 | H28: =G28*20370 -> 2994390 | J28: 1080000 | O28: =H28+J28+K28+L28+M28+N28 -> 4074390 | P28: 6550000 | Q28: =P28-O28 -> 2475610
A29: 22 | B29: 45316 | C29: Trả hàng NK sáng 26/01 | D29: TEMU5242580 | E29: Lạc Đạo, Văn Lâm, Hưng Yên | G29: 69 | H29: =G29*20370 -> 1405530 | J29: 990000 | O29: =H29+J29+K29+L29+M29+N29 -> 2395530 | P29: 4000000 | Q29: =P29-O29 -> 1604470
A30: 23 | B30: 45317 | C30: Trả hàng NK sáng 27/01 | D30: TGBU6874945 | E30: Lạc Đạo, Văn Lâm, Hưng Yên | G30: 67 | H30: =G30*20370 -> 1364790 | J30: 790000 | O30: =H30+J30+K30+L30+M30+N30 -> 2154790 | P30: 3700000 | Q30: =P30-O30 -> 1545210
A31: 24 | B31: 45318 | C31: Đóng hàng chè sáng 29/01 | D31: WHSU6759705 | E31: Mỹ Bằng, Yên Sơn, Tuyên Quang | G31: 180 | H31: =G31*20370 -> 3666600 | J31: 1530000 | O31: =H31+J31+K31+L31+M31+N31 -> 5196600 | P31: 8296296 | Q31: =P31-O31 -> 3099696
A32: 25 | B32: 45320 | C32: Đóng hàng chè sáng 30/01 | D32: YMMU6593410 | E32: TT. Phong Hải, Bảo Thắng, Lào Cai | G32: 273 | H32: =G32*20370 -> 5561010 | J32: 3032000 | O32: =H32+J32+K32+L32+M32+N32 -> 8593010 | P32: 14500000 | Q32: =P32-O32 -> 5906990
A33: 26 | B33: 45321 | C33: Đóng hàng chè chiều 31/01 | D33: OOCU8599196 | E33: Ninh Dân, Thanh Ba, Phú Thọ | G33: 166 | H33: =G33*20370 -> 3381420 | J33: 1080000 | O33: =H33+J33+K33+L33+M33+N33 -> 4461420 | P33: 7224074 | Q33: =P33-O33 -> 2762654
C34: Phí gửi xe | K34: 1200000 | O34: =K34+L34+M34+N34 -> 1200000
C35: Tiền vé trạm thu phí Epass | K35: 13016000 | O35: =K35+L35+M35+N35 -> 13016000
C36: Chi tiền tết dương lịch | K36: 300000 | O36: =K36+L36+M36+N36 -> 300000
C37: Thanh toán tiền đổ dầu thải bót lái xe 15C-180.99 | L37: 150000 | O37: =K37+L37+M37+N37 -> 150000
C38: Thanh toán tiền thay ống vào két nước xe 15C-180.99 | L38: 150000 | O38: =K38+L38+M38+N38 -> 150000
C39: Thanh toán tiền lọc nhớt xe 15C-180.99 ngày 15/1 | L39: 756000 | O39: =K39+L39+M39+N39 -> 756000
C40: Thanh toán tiền thay zoăng khớp nối két nước ba giàn , công thợ xe 15C-180.99 ngày 07/1 | L40: 500000 | O40: =K40+L40+M40+N40 -> 500000
C41: Thanh toán thay lưỡi gạt mưa xe 15C-180.99 ngày 20/1 | L41: 150000 | O41: =K41+L41+M41+N41 -> 150000
C42: Thanh toán tiển sửa hàn điện, vittong nhanh chậm xe 15C-180.99 ngày 24/1 | L42: 600000 | O42: =K42+L42+M42+N42 -> 600000
C43: Thùng dầu Việt Phát | N43: =13500000/4 -> 3375000 | O43: =K43+L43+M43+N43 -> 3375000
C44: Thanh toán tiền đóng bạc áctizơ, trộn 2 canh, công , dầu cầu xe 15C-180.99 ngày 07/1 | L44: 1150000 | O44: =K44+L44+M44+N44 -> 1150000
C45: Thanh toán tiền mua mâm trung gian, phanh, tán 2 lá côn, hãm côn , công hạ côn xe 15C-180.99 ngày 13/1 | L45: 4900000 | O45: =K45+L45+M45+N45 -> 4900000
C46: Lương lx ( ngày công 28/26) | K46: 8600000 | O46: =K46+L46+M46+N46 -> 8600000
A47: TỔNG CỘNG | G47: =SUM(G8:G46) -> 3836 | H47: =SUM(H7:H46) -> 76233030 | I47: =SUM(I7:I46) -> 0 | J47: =SUM(J7:J46) -> 33876000 | K47: =SUM(K7:K46) -> 23116000 | L47: =SUM(L7:L46) -> 8356000 | M47: =SUM(M7:M46) -> 0 | N47: =SUM(N7:N46) -> 3375000 | O47: =SUM(O8:O46) -> 144956030 | P47: =SUM(P8:P46) -> 190857667 | Q47: =P47-O47 -> 45901637
P49: LK = | Q49: =Q47 -> 45901637

Sheet 02.2024
A1: Bảng theo dõi doanh thu/ chi phí theo phương tiện vận chuyển
A2: Biển số xe: 15C - 180.99
A3: THÁNG 02.2024
A5: STT | B5: Ngày tháng | C5: Diễn giải | D5: Số cont | E5: Tuyến đường vận chuyển | F5: Khoảng cách (km) | G5: Chi phí | I5: Mức TTBQ | J5: Đi đường | K5: Lương lx | L5: Sửa chữa | M5: Lốp | N5: Dầu máy | O5: Tổng chi phí | P5: Cước vận chuyển | Q5: Lợi nhuận gộp
G6: Dầu (l) | H6: Dầu (đồng)
A8: 1 | B8: 45322 | C8: Trả hàng NK sáng 01/02 | D8: RLTU3052969 | E8: KCN Minh Phương, Đình Vũ - KCN VSIP Bắc Ninh | G8: 90 | H8: =G8*20990 -> 1889100 | J8: 1190000 | O8: =H8+J8+K8+L8+M8+N8 -> 3079100 | P8: 5400000 | Q8: =P8-O8 -> 2320900
A9: 2 | B9: 45323 | C9: Trả hàng NK sáng 02/02 | D9: GCXU5181054 | E9: KCN Phố Nối A, Văn Lâm, Hưng Yên | G9: 89 | H9: =G9*20990 -> 1868110 | J9: 430000 | O9: =H9+J9+K9+L9+M9+N9 -> 2298110 | P9: 4300000 | Q9: =P9-O9 -> 2001890
A10: 3 | B10: 45324 | C10: Trả hàng NK sáng 03/02 | D10: PIDU4031738 | E10: KCN Phố Nối A, Văn Lâm, Hưng Yên | G10: 81 | H10: =G10*20990 -> 1700190 | J10: 430000 | O10: =H10+J10+K10+L10+M10+N10 -> 2130190 | P10: 4300000 | Q10: =P10-O10 -> 2169810
A11: 4 | B11: 45327 | C11: Trả hàng NK sáng 05/02 | D11: WHSU6234492 | E11: Thượng Thanh, Long Biên, Hà Nội | G11: 81 | H11: =G11*21360 -> 1730160 | J11: 790000 | O11: =H11+J11+K11+L11+M11+N11 -> 2520160 | P11: 4100000 | Q11: =P11-O11 -> 1579840
A12: 5 | B12: 45328 | C12: Đóng hàng chè sáng 06/02 | D12: YMMU6534280 | E12: Vân Lĩnh, Thanh Ba, Phú Thọ | G12: 160 | H12: =G12*21360 -> 3417600 | J12: 1070000 | O12: =H12+J12+K12+L12+M12+N12 -> 4487600 | P12: 6900000 | Q12: =P12-O12 -> 2412400
A13: 6 | B13: 45337 | C13: Trả hàng Vietsun chiều 15/02 | D13: GAOU6506825 | E13: KCN Quế Võ, Bắc Ninh | G13: 72 | H13: =G13*21360 -> 1537920 | J13: 430000 | O13: =H13+J13+K13+L13+M13+N13 -> 1967920 | P13: 3710000 | Q13: =P13-O13 -> 1742080
A14: 7 | B14: 45337 | C14: Trả hàng Vietsun sáng 16/02 | D14: DRYU9591490 | E14: TT Cẩm Giàng, Hải Dương | G14: 45 | H14: =G14*21360 -> 961200 | J14: 340000 | O14: =H14+J14+K14+L14+M14+N14 -> 1301200 | P14: 3029259 | Q14: =P14-O14 -> 1728059
A15: 8 | B15: 45338 | C15: Trả hàng Vietsun sáng 17/02 | D15: GAOU6798558 | E15: CCN Ngọc Hồi, Thanh Trì, Hà Nội | G15: 83 | H15: =G15*21360 -> 1772880 | J15: 790000 | O15: =H15+J15+K15+L15+M15+N15 -> 2562880 | P15: 4090000 | Q15: =P15-O15 -> 1527120
A16: 9 | B16: 45341 | C16: Trả hàng NK sáng 20/02 | D16: MRKU0486405 | E16: tt. Bần Yên Nhân, Yên Mỹ, Hưng Yên | G16: 65 | H16: =G16*21360 -> 1388400 | J16: 430000 | O16: =H16+J16+K16+L16+M16+N16 -> 1818400 | P16: 3200000 | Q16: =P16-O16 -> 1381600
A17: 10 | B17: 45342 | C17: Trả hàng NK sáng 21/02 | D17: TGBU8778410 | E17: CCN Hà Mãn - Trí Quả, Thuận Thành, Bắc Ninh | G17: 74 | H17: =G17*20910 -> 1547340 | J17: 530000 | O17: =H17+J17+K17+L17+M17+N17 -> 2077340 | P17: 3400000 | Q17: =P17-O17 -> 1322660
A18: 11 | B18: 45344 | C18: Trả hàng Vietsun sáng 22/02 | D18: DRYU9592618 | E18: Kho Masan, Dị Sử, Hưng Yên | G18: 58 | H18: =G18*20910 -> 1212780 | J18: 430000 | O18: =H18+J18+K18+L18+M18+N18 -> 1642780 | P18: 3080000 | Q18: =P18-O18 -> 1437220
A19: 12 | B19: 45344 | C19: Trả hàng + đóng hàng KH 23/02 | D19: BEAU5331246 | E19: Như Quỳnh, Văn Lâm, HY - KCN Thăng Long, Hà Nội | G19: 110 | H19: =G19*20910 -> 2300100 | J19: 1090000 | O19: =H19+J19+K19+L19+M19+N19 -> 3390100 | P19: 5700000 | Q19: =P19-O19 -> 2309900
A20: 13 | B20: 45345 | C20: Trả hàng NK sáng 24/02 | D20: EMCU1570047 | E20: KCN Quế Võ III, Bắc Ninh | G20: 68 | H20: =G20*20910 -> 1421880 | J20: 610000 | O20: =H20+J20+K20+L20+M20+N20 -> 2031880 | P20: 3900000 | Q20: =P20-O20 -> 1868120
A21: 14 | B21: 45348 | C21: Trả hàng Vietsun sáng 26/02 | D21: TCNU4595366 | E21: CCN Thanh Oai, Hà Đông, Hà Nội | G21: 91 | H21: =G21*20910 -> 1902810 | J21: 790000 | O21: =H21+J21+K21+L21+M21+N21 -> 2692810 | P21: 4570000 | Q21: =P21-O21 -> 1877190
A22: 15 | B22: 45348 | C22: Trả hàng NK sáng 27/02 | D22: TCLU5425578 | E22: KCN Đồng Văn, Duy Tiên, Hà Nam | G22: 80 | H22: =G22*20910 -> 1672800 | J22: 430000 | O22: =H22+J22+K22+L22+M22+N22 -> 2102800 | P22: 4400000 | Q22: =P22-O22 -> 2297200
A23: 16 | B23: 45349 | C23: Trả hàng Vietsun sáng 28/02 | D23: TEMU7055377 | E23: Văn Tảo, Thường Tín, Hà Nội | G23: 110 | H23: =G23*20910 -> 2300100 | J23: 1290000 | O23: =H23+J23+K23+L23+M23+N23 -> 3590100 | P23: 3870000 | Q23: =P23-O23 -> 279900
A24: 17 | B24: 45350 | C24: Đóng hàng KH chiều 28/02 trả 29/02 | D24: TEMU7055377 | E24: KCN Đại An, Hải Dương | O24: =H24+J24+K24+L24+M24+N24 -> 0 | P24: 2800000 | Q24: =P24-O24 -> 2800000
C25: Phí gửi xe | K25: 1200000 | O25: =K25+L25+M25+N25 -> 1200000
C26: Tiền vé trạm thu phí Epass | K26: 8010647 | O26: =K26+L26+M26+N26 -> 8010647
C27: Chi tiền tết âm lịch | K27: 3000000 | O27: =K27+L27+M27+N27 -> 3000000
C28: Lì xì đầu năm | K28: 200000 | O28: =K28+L28+M28+N28 -> 200000
C29: Thanh toán tiền mua đèn cho xe 15C-136.31; 15C-139.82; 15C-180.99; 15C-070.63 | L29: 2500000 | O29: =K29+L29+M29+N29 -> 2500000
C30: Thanh toán tiền thay đèn hậu led, công hàn lại gạt mưa xe 15C-180.99 ngày 19/2 | L30: 230000 | O30: =K30+L30+M30+N30 -> 230000
C31: Thanh toán tiền hàn đắp khóa mâm, thay đinh,.. công thợ xe 15C-180.99 | L31: 2600000 | O31: =K31+L31+M31+N31 -> 2600000
C32: Thanh toán Cty định vị bách khoa tiền thu phí duy trì camera 4 xe 15C-136.31, 15C-139.82, 15C-070.63, 15C-180.99 hết T03/2025 | L32: 1056000 | O32: =K32+L32+M32+N32 -> 1056000
C33: Thanh toán tiền lốp 11.00R20 CSM 881 xe 15C-180.99 ngày 15/2 ( cả săm yếm) | M33: 11800000 | O33: =K33+L33+M33+N33 -> 11800000
C34: Thanh toán tiền lọc gió xe 15C-180.99 ngày 27/2 | L34: 918000 | O34: =K34+L34+M34+N34 -> 918000
C35: Thanh toán mua phớt bớt lái, dầu thủy lực 3 lít, công thay phớt xe 15C-180.99 ngày 21/2 | L35: 640000 | O35: =K35+L35+M35+N35 -> 640000
C36: Thanh toán tiền làm bớt lái, công tháo lắp, dầu lái xe 15C-180.99 ngày 2/2 | L36: 740000 | O36: =K36+L36+M36+N36 -> 740000
C37: Lương lx ( ngày công 26/26) | K37: 8000000 | O37: =K37+L37+M37+N37 -> 8000000
A38: TỔNG CỘNG | G38: =SUM(G8:G37) -> 1357 | H38: =SUM(H7:H37) -> 28623370 | I38: =SUM(I7:I37) -> 0 | J38: =SUM(J7:J37) -> 11070000 | K38: =SUM(K7:K37) -> 20410647 | L38: =SUM(L7:L37) -> 8684000 | M38: =SUM(M7:M37) -> 11800000 | N38: =SUM(N7:N37) -> 0 | O38: =SUM(O8:O37) -> 80588017 | P38: =SUM(P8:P37) -> 70749259 | Q38: =P38-O38 -> -9838758
P40: LK = | Q40: ='01.2024'!Q47+'02.2024'!Q38 -> 36062879

Sheet 03.2024
A1: Bảng theo dõi doanh thu/ chi phí theo phương tiện vận chuyển
A2: Biển số xe: 15C - 180.99
A3: THÁNG 03.2024
A5: STT | B5: Ngày tháng | C5: Diễn giải | D5: Số cont | E5: Tuyến đường vận chuyển | F5: Khoảng cách (km) | G5: Chi phí | I5: Mức TTBQ | J5: Đi đường | K5: Lương lx | L5: Sửa chữa | M5: Lốp | N5: Dầu máy | O5: Tổng chi phí | P5: Cước vận chuyển | Q5: Lợi nhuận gộp
G6: Dầu (l) | H6: Dầu (đồng)
A8: 1 | B8: 45351 | C8: Đóng hàng XK sáng 01/03 | D8: KKTU8075204 | E8: Xuân Mai, Chương Mỹ, Hà Nội | G8: 110 | H8: =G8*20770 -> 2284700 | J8: 790000 | O8: =H8+J8+K8+L8+M8+N8 -> 3074700 | P8: 5200000 | Q8: =P8-O8 -> 2125300
A9: 2 | B9: 45352 | C9: Trả hàng Vietsun sáng 02/03 | D9: YMLU8668807 | E9: Kho Masan, Dị Sử, Hưng Yên | G9: 61 | H9: =G9*20770 -> 1266970 | J9: 430000 | O9: =H9+J9+K9+L9+M9+N9 -> 1696970 | P9: 3080000 | Q9: =P9-O9 -> 1383030
A10: 3 | B10: 45355 | C10: Đóng hàng chè sáng 04/03 | D10: EGSU9198249 | E10: Mỹ Bằng, Yên Sơn, Tuyên Quang | G10: 180 | H10: =G10*20770 -> 3738600 | J10: 1530000 | O10: =H10+J10+K10+L10+M10+N10 -> 5268600 | P10: 8666667 | Q10: =P10-O10 -> 3398067
A11: 4 | B11: 45355 | C11: Trả hàng Vietsun sáng 05/03 | D11: GAOU6143289 | E11: CCN Liên Phương, Thường Tín, Hà Nội | G11: 88 | H11: =G11*20770 -> 1827760 | J11: 790000 | O11: =H11+J11+K11+L11+M11+N11 -> 2617760 | P11: 4090000 | Q11: =P11-O11 -> 1472240
A12: 5 | B12: 45356 | C12: Trả hàng Vietsun sáng 06/03 | D12: GAOU6798820 | E12: Kho Masan, Dị Sử, Hưng Yên | G12: 58 | H12: =G12*20770 -> 1204660 | J12: 430000 | O12: =H12+J12+K12+L12+M12+N12 -> 1634660 | P12: 3080000 | Q12: =P12-O12 -> 1445340
A13: 6 | B13: 45357 | C13: Trả hàng NK sáng 07/03 | D13: MSKU9080996 | E13: Yên Mỹ, Hưng Yên - KCN Đại An, Hải Dương | G13: 72 | H13: =G13*20470 -> 1473840 | J13: 630000 | O13: =H13+J13+K13+L13+M13+N13 -> 2103840 | P13: 3500000 | Q13: =P13-O13 -> 1396160
A14: 7 | B14: 45358 | C14: Trả hàng Vietsun sáng 08/03 | D14: TEMU7034348 | E14: KCN Quế Võ, Bắc Ninh | G14: 73 | H14: =G14*20470 -> 1494310 | J14: 610000 | O14: =H14+J14+K14+L14+M14+N14 -> 2104310 | P14: 3710000 | Q14: =P14-O14 -> 1605690
A15: 8 | B15: 45363 | C15: Trả hàng Vietsun sáng 13/03 | D15: DRYU9962950 | E15: Kho Masan, Dị Sử, Hưng Yên | G15: 58 | H15: =G15*20540 -> 1191320 | J15: 1110000 | O15: =H15+J15+K15+L15+M15+N15 -> 2301320 | P15: 3080000 | Q15: =P15-O15 -> 778680
A16: 9 | B16: 45364 | C16: Trả hàng Vietsun sáng 14/03 | D16: GAOU6143083 | E16: Kho Vũ Hải, Km23 Bần Yên Nhân, Mỹ Hào, Hưng Yên | G16: 61 | H16: =G16*20540 -> 1252940 | J16: 430000 | O16: =H16+J16+K16+L16+M16+N16 -> 1682940 | P16: 3330000 | Q16: =P16-O16 -> 1647060
A17: 10 | B17: 45366 | C17: Trả hàng Vietsun sáng 15/03 | D17: YMLU8700025 | E17: Cảng nội địa, Việt Hòa, TP. Hải Dương | G17: 48 | H17: =G17*20540 -> 985920 | J17: 430000 | O17: =H17+J17+K17+L17+M17+N17 -> 1415920 | P17: 2670000 | Q17: =P17-O17 -> 1254080
A18: 11 | B18: 45369 | C18: Đóng hàng XK sáng 18/03 | D18: TTNU8343874 | E18: KCN Việt Hưng, Hạ Long, Quảng Ninh | G18: 45 | H18: =G18*20540 -> 924300 | J18: 340000 | O18: =H18+J18+K18+L18+M18+N18 -> 1264300 | P18: 2800000 | Q18: =P18-O18 -> 1535700
A19: 12 | B19: 45369 | C19: Trả hàng Vietsun sáng 19/03 | D19: YMLU8948177 | E19: KCN Quế Võ, Bắc Ninh | G19: 68 | H19: =G19*20540 -> 1396720 | J19: 430000 | O19: =H19+J19+K19+L19+M19+N19 -> 1826720 | P19: 3710000 | Q19: =P19-O19 -> 1883280
A20: 13 | B20: 45370 | C20: Đóng hàng chè sáng 20/03 | D20: WHLU4311402 | E20: Mộc Châu, Sơn La | G20: 248 | H20: =G20*20540 -> 5093920 | J20: 790000 | O20: =H20+J20+K20+L20+M20+N20 -> 5883920 | P20: 13181818 | Q20: =P20-O20 -> 7297898
A21: 14 | B21: 45371 | C21: Trả hàng Vietsun sáng 21/03 | D21: YMLU6645880 | E21: KCN Quế Võ, Bắc Ninh | G21: 73 | H21: =G21*21010 -> 1533730 | J21: 2380000 | O21: =H21+J21+K21+L21+M21+N21 -> 3913730 | P21: 3710000 | Q21: =P21-O21 -> -203730
A22: 15 | B22: 45376 | C22: Trả hàng NK sáng 26/03 | D22: OOCU8807999 | E22: Long Hưng, Văn Giang, Hưng Yên | G22: 198 | H22: =G22*21010 -> 4159980 | J22: 430000 | O22: =H22+J22+K22+L22+M22+N22 -> 4589980 | P22: 8300000 | Q22: =P22-O22 -> 3710020
A23: 16 | B23: 45376 | C23: Đóng hàng KH chiều 26/03 | D23: OOCU8807999 | E23: Phương Viên, Hạ Hòa, Phú Thọ | J23: 1370000 | O23: =H23+J23+K23+L23+M23+N23 -> 1370000 | P23: 0 | Q23: =P23-O23 -> -1370000
A24: 17 | B24: 45377 | C24: Trả hàng NK sáng 27/03 | D24: OOLU9673247 | E24: QL17, Thuận Thành, Bắc Ninh | G24: 74 | H24: =G24*20690 -> 1531060 | J24: 530000 | O24: =H24+J24+K24+L24+M24+N24 -> 2061060 | P24: 3400000 | Q24: =P24-O24 -> 1338940
A25: 18 | B25: 45378 | C25: Trả hàng NK sáng 28/03 | D25: TEMU6346676 | E25: Tân Dĩnh, Lạng Giang, Bắc Giang | G25: 91 | H25: =G25*20690 -> 1882790 | J25: 790000 | O25: =H25+J25+K25+L25+M25+N25 -> 2672790 | P25: 4200000 | Q25: =P25-O25 -> 1527210
A26: 19 | B26: 45379 | C26: Trả hàng NK sáng 29/03 | D26: TGHU9865065 | E26: KCN Đại Đồng - Hoàn Sơn, Bắc Ninh | G26: 93 | H26: =G26*20690 -> 1924170 | J26: 790000 | O26: =H26+J26+K26+L26+M26+N26 -> 2714170 | P26: 4300000 | Q26: =P26-O26 -> 1585830
A27: 20 | B27: 45380 | C27: Đóng hàng XK sáng 30/03 | D27: IAAU2848443 | E27: Nam Thanh, Nam Trực, Nam Định | G27: 82 | H27: =G27*20690 -> 1696580 | J27: 430000 | O27: =H27+J27+K27+L27+M27+N27 -> 2126580 | P27: 4200000 | Q27: =P27-O27 -> 2073420
C28: Phí gửi xe | K28: 1200000 | O28: =K28+L28+M28+N28 -> 1200000
C29: Tiền vé trạm thu phí Epass | K29: 8512720 | O29: =K29+L29+M29+N29 -> 8512720
C30: Thanh toán tiền bơm mỡ xe 15C-180.99 | L30: 200000 | O30: =K30+L30+M30+N30 -> 200000
C31: Thanh toán tiền sửa điện cabin thay đèn led xe 15C-180.99 | L31: 160000 | O31: =K31+L31+M31+N31 -> 160000
C32: Thanh toán tiền kiểm định rơ mooc 15R-05037 xe 15C-180.99 | K32: 228100 | O32: =K32+L32+M32+N32 -> 228100
C33: Thanh toán tiền sửa ghế, trải sàn, bọc ghế xe 15C-180.99 | L33: 4300000 | O33: =K33+L33+M33+N33 -> 4300000
C34: Thanh toán tiền mua chì cho xe 15C-139.82; 15C-070.63; 15C-180.99; 15C-136.31 | L34: 120000 | O34: =K34+L34+M34+N34 -> 120000
C35: Thanh toán tiền bơm lốp, thay chân van xe 15C-180.99 ngày 28/3 | L35: 180000 | O35: =K35+L35+M35+N35 -> 180000
C36: Thanh toán tiền sửa chập điện đầu kéo, thay đèn led hậu xe 15C-180.99 ngày 28/3 | L36: 180000 | O36: =K36+L36+M36+N36 -> 180000
C37: Thanh toán phục hồi van điện egr, man nước, gioăng egr, thông xúc sinh hàn khí thải, cò các kim phun xe 15C-180.99 ngày 25/3 | L37: 33177600 | O37: =K37+L37+M37+N37 -> 33177600
C38: Thanh toán tiền sửa ly tâm cánh quạt , van nhiệt , công tháp lắp van xe 15C-180.99 ngày 18/3 | L38: =6048000+10000000 -> 16048000 | O38: =K38+L38+M38+N38 -> 16048000
C39: Thanh toán tiền bảo hiểm vật chất xe 15C-180.99 ngày 31/03 | L39: 10105200 | O39: =K39+L39+M39+N39 -> 10105200
C40: "Thanh toán tiền tán 6 phanh mốc, 6 thăng bua moóc, 12 con lăn phanh, bảo dưỡng, 12 bạc, 12 ắc , 24 ốc, 6 bộ lò xo, công , đóng bạc 3 ngang, 3 dọc xe 15C-180.99 ngày 30/3" | L40: 8180000 | O40: =K40+L40+M40+N40 -> 8180000
C41: Thanh toán tiền nắn nối cản sau, tháp lắp T, nắn hàn xương bóng hơi xe 15C-180.99 ngày 23/3 | L41: 1000000 | O41: =K41+L41+M41+N41 -> 1000000
C42: Lương lx ( ngày công 26/26) | K42: 8000000 | O42: =K42+L42+M42+N42 -> 8000000
A43: TỔNG CỘNG | G43: =SUM(G8:G42) -> 1781 | H43: =SUM(H7:H42) -> 36864270 | I43: =SUM(I7:I42) -> 0 | J43: =SUM(J7:J42) -> 15460000 | K43: =SUM(K7:K42) -> 17940820 | L43: =SUM(L7:L42) -> 73650800 | M43: =SUM(M7:M42) -> 0 | N43: =SUM(N7:N42) -> 0 | O43: =SUM(O8:O42) -> 143915890 | P43: =SUM(P8:P42) -> 88208485 | Q43: =P43-O43 -> -55707405
P45: LK = | Q45: ='02.2024'!Q40+'03.2024'!Q43 -> -19644526

Sheet 04.2024
A1: Bảng theo dõi doanh thu/ chi phí theo phương tiện vận chuyển
A2: Biển số xe: 15C - 180.99
A3: THÁNG 04.2024
A5: STT | B5: Ngày tháng | C5: Diễn giải | D5: Số cont | E5: Tuyến đường vận chuyển | F5: Khoảng cách (km) | G5: Chi phí | I5: Mức TTBQ | J5: Đi đường | K5: Lương lx | L5: Sửa chữa | M5: Lốp | N5: Dầu máy | O5: Tổng chi phí | P5: Cước vận chuyển | Q5: Lợi nhuận gộp
G6: Dầu (l) | H6: Dầu (đồng)
A8: 1 | B8: 45383 | C8: Trả hàng Vietsun chiều 01/04 | D8: DRYU9718795 | E8: Mỹ Hào, Hưng Yên | G8: 62 | H8: =G8*20690 -> 1282780 | J8: 430000 | O8: =H8+J8+K8+L8+M8+N8 -> 1712780 | P8: 3090000 | Q8: =P8-O8 -> 1377220
A9: 2 | B9: 45383 | C9: Đóng hàng chè sáng 02/04 | D9: TCNU3063184 | E9: TT Tân Uyên, Tân Uyên, Lai Châu | G9: 381 | H9: =G9*20690 -> 7882890 | J9: 3126000 | O9: =H9+J9+K9+L9+M9+N9 -> 11008890 | P9: 20300000 | Q9: =P9-O9 -> 9291110
A10: 3 | B10: 45385 | C10: Trả hàng Vietsun sáng 04/04 | D10: GAOU6799889 | E10: CCN Thanh Oai, Hà Đông, Hà Nội | G10: 94 | H10: =G10*20980 -> 1972120 | J10: 790000 | O10: =H10+J10+K10+L10+M10+N10 -> 2762120 | P10: 4570000 | Q10: =P10-O10 -> 1807880
A11: 4 | B11: 45386 | C11: Trả hàng NK sáng 05/04 | D11: CMAU6449863 | E11: KCN Thuận Thành 3, Thuận Thành, Bắc Ninh | G11: 73 | H11: =G11*20980 -> 1531540 | J11: 530000 | O11: =H11+J11+K11+L11+M11+N11 -> 2061540 | P11: 3500000 | Q11: =P11-O11 -> 1438460
A12: 5 | B12: 45387 | C12: Trả hàng Vietsun sáng 06/04 | D12: TCNU4595474 | E12: Cảng nội địa, Việt Hòa, TP. Hải Dương | G12: 43 | H12: =G12*20980 -> 902140 | J12: 340000 | O12: =H12+J12+K12+L12+M12+N12 -> 1242140 | P12: 2670000 | Q12: =P12-O12 -> 1427860
A13: 6 | B13: 45390 | C13: Đóng hàng chè sáng 09/04 | D13: TRHU5169667 | E13: Võ Miếu, Thanh Sơn, Phú Thọ | G13: 144 | H13: =G13*20980 -> 3021120 | J13: 1040000 | O13: =H13+J13+K13+L13+M13+N13 -> 4061120 | P13: 7150000 | Q13: =P13-O13 -> 3088880
A14: 7 | B14: 45391 | C14: Trả hàng Vietsun sáng 10/04 | D14: DRYU9969810 | E14: Cảng nội địa, Việt Hòa, TP. Hải Dương | G14: 43 | H14: =G14*21610 -> 929230 | J14: 340000 | O14: =H14+J14+K14+L14+M14+N14 -> 1269230 | P14: 2670000 | Q14: =P14-O14 -> 1400770
A15: 8 | B15: 45392 | C15: Trả hàng Vietsun sáng 11/04 | D15: GAOU6144813 | E15: KCN Quế Võ, Bắc Ninh | G15: 70 | H15: =G15*21610 -> 1512700 | J15: 790000 | O15: =H15+J15+K15+L15+M15+N15 -> 2302700 | P15: 3710000 | Q15: =P15-O15 -> 1407300
A16: 9 | B16: 45394 | C16: Đóng hàng XK sáng 12/04 | D16: TRHU2046756 | E16: Xuân Mai, Chương Mỹ, Hà Nội | G16: 123 | H16: =G16*21610 -> 2658030 | J16: 790000 | O16: =H16+J16+K16+L16+M16+N16 -> 3448030 | P16: 5570370 | Q16: =P16-O16 -> 2122340
A17: 10 | B17: 45394 | C17: Trả hàng Vietsun sáng 13/04 | D17: DRYU9877694 | E17: Cẩm Sơn, TP. Cẩm Phả, Quảng Ninh | G17: 58 | H17: =G17*21610 -> 1253380 | J17: 430000 | O17: =H17+J17+K17+L17+M17+N17 -> 1683380 | P17: 3820000 | Q17: =P17-O17 -> 2136620
A18: 11 | B18: 45396 | C18: Trả hàng Vietsun sáng 15/04 | D18: GAOU6505475 | E18: Cảng nội địa, Việt Hòa, TP. Hải Dương | G18: 43 | H18: =G18*21610 -> 929230 | J18: 340000 | O18: =H18+J18+K18+L18+M18+N18 -> 1269230 | P18: 2670000 | Q18: =P18-O18 -> 1400770
A19: 12 | B19: 45406 | C19: Đóng hàng chè chiều 25/04 | D19: TEMU8801927 | E19: Bản Bo, Tam Đường, Lai Châu | G19: 368 | H19: =G19*20710 -> 7621280 | J19: 3482000 | O19: =H19+J19+K19+L19+M19+N19 -> 11103280 | P19: 20300000 | Q19: =P19-O19 -> 9196720
A20: 13 | B20: 45409 | C20: Đóng hàng chè sáng 27/04 | D20: BSIU9660677 | E20: Khu 5, TT Thanh Ba, Phú Thọ | G20: 153 | H20: =G20*20710 -> 3168630 | J20: 1080000 | O20: =H20+J20+K20+L20+M20+N20 -> 4248630 | P20: 7150000 | Q20: =P20-O20 -> 2901370
C21: Phí gửi xe | K21: 1200000 | O21: =K21+L21+M21+N21 -> 1200000
C22: Tiền vé trạm thu phí Epass | K22: 8791280 | O22: =K22+L22+M22+N22 -> 8791280
C23: Thanh toán lọc nước làm mát, nước cất pha nước làm mát xe 15C-180.99 | L23: 834000 | O23: =K23+L23+M23+N23 -> 834000
C24: Hàn chế 2 kê nhíp, công hàn cho xe 15C-180.99 | L24: 800000 | O24: =K24+L24+M24+N24 -> 800000
C25: Thanh toán tiền đóng bạc 3 dọc 2 đầu, 01 giảm sóc tải, công thay xe 15C-180.99 ngày 12/4 | L25: 1300000 | O25: =K25+L25+M25+N25 -> 1300000
C26: Thanh toán tiền tháo lắp két gió, hàn chảy 3 két gió xe 15C-180.99 ngày 07/4 | L26: 1000000 | O26: =K26+L26+M26+N26 -> 1000000
C27: Thanh toán tiền bảo dưỡng bộ tây đầm số, thay 1 bát phanh đầu xe 15C-180.99 ngày 02/4 | L27: 200000 | O27: =K27+L27+M27+N27 -> 200000
C28: Lương lx ( ngày công 13/26) | K28: 3900000 | O28: =K28+L28+M28+N28 -> 3900000
A29: TỔNG CỘNG | G29: =SUM(G8:G28) -> 1655 | H29: =SUM(H7:H28) -> 34665070 | I29: =SUM(I7:I28) -> 0 | J29: =SUM(J7:J28) -> 13508000 | K29: =SUM(K7:K28) -> 13891280 | L29: =SUM(L7:L28) -> 4134000 | M29: =SUM(M7:M28) -> 0 | N29: =SUM(N7:N28) -> 0 | O29: =SUM(O8:O28) -> 66198350 | P29: =SUM(P8:P28) -> 87170370 | Q29: =P29-O29 -> 20972020
P31: LK = | Q31: ='03.2024'!Q45+'04.2024'!Q29 -> 1327494

Sheet 05.2024
A1: Bảng theo dõi doanh thu/ chi phí theo phương tiện vận chuyển
A2: Biển số xe: 15C - 180.99
A3: THÁNG 05.2024
A5: STT | B5: Ngày tháng | C5: Diễn giải | D5: Số cont | E5: Tuyến đường vận chuyển | F5: Khoảng cách (km) | G5: Chi phí | I5: Mức TTBQ | J5: Đi đường | K5: Lương lx | L5: Sửa chữa | M5: Lốp | N5: Dầu máy | O5: Tổng chi phí | P5: Cước vận chuyển | Q5: Lợi nhuận gộp
G6: Dầu (l) | H6: Dầu (đồng)
A8: 1 | B8: 45420 | C8: Đóng hàng chè sáng 09/05 | D8: YMMU6664555 | E8: TT Tân Uyên, Tân Uyên, Lai Châu | G8: 385 | H8: =G8*20600 -> 7931000 | J8: 3579000 | O8: =H8+J8+K8+L8+M8+N8 -> 11510000 | P8: 20300000 | Q8: =P8-O8 -> 8790000
A9: 2 | B9: 45422 | C9: Trả hàng đường ngắn 10/05 | D9: CSLU6278820 | E9: Kho 87 Vạn Mỹ, Ngô Quyền, Hải Phòng | G9: 11 | H9: =G9*20600 -> 226600 | J9: 200000 | O9: =H9+J9+K9+L9+M9+N9 -> 426600 | P9: 1500000 | Q9: =P9-O9 -> 1073400
A10: 3 | B10: 45422 | C10: Trả hàng NK sáng 11/05 | D10: FSCU8712525 | E10: Yên Trung, Yên Phong, Bắc Ninh | G10: 89 | H10: =G10*19840 -> 1765760 | J10: 790000 | O10: =H10+J10+K10+L10+M10+N10 -> 2555760 | P10: 4300000 | Q10: =P10-O10 -> 1744240
A11: 4 | B11: 45423 | C11: Đóng hàng chè sáng 13/05 | D11: CULU6128485 | E11: TT Tân Uyên, Tân Uyên, Lai Châu | G11: 385 | H11: =G11*19840 -> 7638400 | J11: 3761000 | O11: =H11+J11+K11+L11+M11+N11 -> 11399400 | P11: 20300000 | Q11: =P11-O11 -> 8900600
A12: 5 | B12: 45427 | C12: Đóng hàng chè sáng 16/05 | D12: EMCU6347210 | E12: Mỹ Bằng, Yên Sơn, Tuyên Quang | G12: 182 | H12: =G12*19870 -> 3616340 | J12: 1530000 | O12: =H12+J12+K12+L12+M12+N12 -> 5146340 | P12: 8203704 | Q12: =P12-O12 -> 3057364
A13: 6 | B13: 45432 | C13: Đóng hàng chè sáng 20/05 | D13: FFAU3177353 | E13: TT Tân Uyên, Tân Uyên, Lai Châu | G13: 387 | H13: =G13*19870 -> 7689690 | J13: 3918000 | O13: =H13+J13+K13+L13+M13+N13 -> 11607690 | P13: 20300000 | Q13: =P13-O13 -> 8692310
A14: 7 | B14: 45433 | C14: Đóng hàng chè sáng 22/05 | D14: VOLU4524947 | E14: TT Tân Uyên, Tân Uyên, Lai Châu | G14: 385 | H14: =G14*19830 -> 7634550 | J14: 3918000 | O14: =H14+J14+K14+L14+M14+N14 -> 11552550 | P14: 20300000 | Q14: =P14-O14 -> 8747450
A15: 8 | B15: 45436 | C15: Trả hàng Vietsun sáng 24/05 | D15: DRYU9876091 | E15: KCN Phố Nối A, Văn Lâm, Hưng Yên | G15: 63 | H15: =G15*19830 -> 1249290 | J15: 430000 | O15: =H15+J15+K15+L15+M15+N15 -> 1679290 | P15: 3330000 | Q15: =P15-O15 -> 1650710
A16: 9 | B16: 45436 | C16: Trả hàng NK sáng 25/05 | D16: CSNU8317455 | E16: KCN VSIP, Bắc Ninh | G16: 101 | H16: =G16*19830 -> 2002830 | J16: 790000 | O16: =H16+J16+K16+L16+M16+N16 -> 2792830 | P16: 4300000 | Q16: =P16-O16 -> 1507170
A17: 10 | B17: 45438 | C17: Đóng hàng chè sáng 26/05 | D17: FFAU1654009 | E17: Mỹ Bằng, Yên Sơn, Tuyên Quang | G17: 180 | H17: =G17*19830 -> 3569400 | J17: 1530000 | O17: =H17+J17+K17+L17+M17+N17 -> 5099400 | P17: 8666667 | Q17: =P17-O17 -> 3567267
A18: 11 | B18: 45438 | C18: Đóng hàng chè sáng 27/05 | D18: FSCU8548962 | E18: Khu 5, TT Thanh Ba, Phú Thọ | G18: 153 | H18: =G18*19830 -> 3033990 | J18: 1080000 | O18: =H18+J18+K18+L18+M18+N18 -> 4113990 | P18: 7150000 | Q18: =P18-O18 -> 3036010
A19: 12 | B19: 45440 | C19: Đóng hàng chè sáng 29/05 | D19: BMOU6282475 | E19: TT Tân Uyên, Tân Uyên, Lai Châu | G19: 381 | H19: =G19*19830 -> 7555230 | J19: 3918000 | O19: =H19+J19+K19+L19+M19+N19 -> 11473230 | P19: 20300000 | Q19: =P19-O19 -> 8826770
A20: 13 | B20: 45441 | C20: Đóng hàng chè sáng 31/05 | D20: OOCU8586012 | E20: TT Tân Uyên, Tân Uyên, Lai Châu | G20: 379 | H20: =G20*19830 -> 7515570 | J20: 3918000 | O20: =H20+J20+K20+L20+M20+N20 -> 11433570 | P20: 20300000 | Q20: =P20-O20 -> 8866430
C21: Phí gửi xe | K21: 1200000 | O21: =K21+L21+M21+N21 -> 1200000
C22: Tiền vé trạm thu phí Epass | K22: 11858560 | O22: =K22+L22+M22+N22 -> 11858560
C23: Thanh toán tiền cứu hộ , lắp bi xe 15C-180.99 ngày 14/5 | L23: 4700000 | O23: =K23+L23+M23+N23 -> 4700000
C24: Thanh toán tiền đi đường cứu hộ xe 15C-180.99 ngày 14/5 | L24: 2000000 | O24: =K24+L24+M24+N24 -> 2000000
C25: Thanh toán tiền dầu đi cứu hộ xe 15C-180.99 ngày 14/5 | L25: 1360000 | O25: =K25+L25+M25+N25 -> 1360000
C26: Thanh toán tiền thay lốp , thay đèn làm kiểm định xe 15C-180.99 | M26: 150000 | O26: =K26+L26+M26+N26 -> 150000
C27: Thanh toán tiền kiểm định đầu kéo xe 15C-180.99 | L27: 600000 | O27: =K27+L27+M27+N27 -> 600000
C28: Thanh toán phí sử dụng đường bộ xe 15C-180.99 | L28: 8532000 | O28: =K28+L28+M28+N28 -> 8532000
C29: Thanh toán tiền thuê lốp cũ xe 15C-180.99 ngày 28/5 | M29: 300000 | O29: =K29+L29+M29+N29 -> 300000
C30: Thanh toán tiền lốp 11.00R20 xe 15C-180.99 ngày 30/5 | M30: 11600000 | O30: =K30+L30+M30+N30 -> 11600000
C31: Thanh toán tiền thay van điều tiết sau, hàn giàn nóng, chấu lạnh, công xe 15C-180.99 ngày 30/05 | L31: 2100000 | O31: =K31+L31+M31+N31 -> 2100000
C32: Thay toán tiền mua ốc mayơ lái, phớt, 2 vòng bi, 1 nắp mayơ lái, dầu cầu, đóng áo phớt, áo bi xe 15C-180.99 ngày 15/5 | L32: 2850000 | O32: =K32+L32+M32+N32 -> 2850000
C33: Thanh toán tiền nhíp lái, bu lông, 2 bạc nhíp, ép bạc ra vào, công sửa xe 15C-180.99 ngày 26/5 | L33: 3300000 | O33: =K33+L33+M33+N33 -> 3300000
C34: Lương lx ( ngày công 20/26) | K34: 6200000 | O34: =K34+L34+M34+N34 -> 6200000
A35: TỔNG CỘNG | G35: =SUM(G8:G34) -> 3081 | H35: =SUM(H7:H34) -> 61428650 | I35: =SUM(I7:I34) -> 0 | J35: =SUM(J7:J34) -> 29362000 | K35: =SUM(K7:K34) -> 19258560 | L35: =SUM(L7:L34) -> 25442000 | M35: =SUM(M7:M34) -> 12050000 | N35: =SUM(N7:N34) -> 0 | O35: =SUM(O8:O34) -> 147541210 | P35: =SUM(P8:P34) -> 159250371 | Q35: =P35-O35 -> 11709161
P37: LK = | Q37: ='04.2024'!Q31+'05.2024'!Q35 -> 13036655

Sheet 06.2024
A1: Bảng theo dõi doanh thu/ chi phí theo phương tiện vận chuyển
A2: Biển số xe: 15C - 180.99
A3: THÁNG 06.2024
A5: STT | B5: Ngày tháng | C5: Diễn giải | D5: Số cont | E5: Tuyến đường vận chuyển | F5: Khoảng cách (km) | G5: Chi phí | I5: Mức TTBQ | J5: Đi đường | K5: Lương lx | L5: Sửa chữa | M5: Lốp | N5: Dầu máy | O5: Tổng chi phí | P5: Cước vận chuyển | Q5: Lợi nhuận gộp
G6: Dầu (l) | H6: Dầu (đồng)
A8: 1 | B8: 45444 | C8: Trả hàng NK sáng 03/06 | D8: OOCU8510573 | E8: TT Tân Uyên, Tân Uyên, Lai Châu | G8: 385 | H8: =G8*19740 -> 7599900 | J8: 4025000 | O8: =H8+J8+K8+L8+M8+N8 -> 11624900 | P8: 20300000 | Q8: =P8-O8 -> 8675100
A9: 2 | B9: 45448 | C9: Đóng hàng chè sáng 06/06 | D9: HNKU6241515 | E9: TT Tân Uyên, Tân Uyên, Lai Châu | G9: 385 | H9: =G9*19740 -> 7599900 | J9: 4025000 | O9: =H9+J9+K9+L9+M9+N9 -> 11624900 | P9: 20300000 | Q9: =P9-O9 -> 8675100
A10: 3 | B10: 45450 | C10: Đóng hàng chè chiều 08/06 | D10: TGBU6756351 | E10: TT Tân Uyên, Tân Uyên, Lai Châu | G10: 378 | H10: =G10*19420 -> 7340760 | J10: 3971000 | O10: =H10+J10+K10+L10+M10+N10 -> 11311760 | P10: 20300000 | Q10: =P10-O10 -> 8988240
A11: 4 | B11: 45451 | C11: Đóng hàng chè sáng 10/06 | D11: CSNU7638574 | E11: Võ Miếu, Thanh Sơn, Phú Thọ | G11: 144 | H11: =G11*19420 -> 2796480 | J11: 1190000 | O11: =H11+J11+K11+L11+M11+N11 -> 3986480 | P11: 7150000 | Q11: =P11-O11 -> 3163520
A12: 5 | B12: 45453 | C12: Đóng hàng chè sáng 11/06 | D12: WHSU6691945 | E12: Mỹ Bằng, Yên Sơn, Tuyên Quang | G12: 180 | H12: =G12*19420 -> 3495600 | J12: 1530000 | O12: =H12+J12+K12+L12+M12+N12 -> 5025600 | P12: 8666667 | Q12: =P12-O12 -> 3641067
A13: 6 | B13: 45454 | C13: Trả hàng Vietsun sáng 12/06 | D13: GAOU6143041 | E13: Kho Masan, Dị Sử, Hưng Yên | G13: 59 | H13: =G13*19420 -> 1145780 | J13: 430000 | O13: =H13+J13+K13+L13+M13+N13 -> 1575780 | P13: 3080000 | Q13: =P13-O13 -> 1504220
A14: 7 | B14: 45455 | C14: Đóng hàng chè sáng 13/06 | D14: CIPU5038080 | E14: Mỹ Bằng, Yên Sơn, Tuyên Quang | G14: 193 | H14: =G14*19420 -> 3748060 | J14: 1530000 | O14: =H14+J14+K14+L14+M14+N14 -> 5278060 | P14: 9074074 | Q14: =P14-O14 -> 3796014
A15: 8 | B15: 45456 | C15: Đóng hàng chè chiều 14/06 | D15: EMCU1783187 | E15: Mỹ Bằng, Yên Sơn, Tuyên Quang | G15: 180 | H15: =G15*19420 -> 3495600 | J15: 1530000 | O15: =H15+J15+K15+L15+M15+N15 -> 5025600 | P15: 8666667 | Q15: =P15-O15 -> 3641067
A16: 9 | B16: 45460 | C16: Đóng hàng Vietsun sáng 17/06 | D16: GAOU6799024 | E16: Cẩm Đông, Cẩm Giàng, Hải Dương | G16: 48 | H16: =G16*19420 -> 932160 | J16: 340000 | O16: =H16+J16+K16+L16+M16+N16 -> 1272160 | P16: 3029259 | Q16: =P16-O16 -> 1757099
A17: 10 | B17: 45460 | C17: Đóng hàng chè sáng 18/06 | D17: OOCU6949905 | E17: Mai Đình, Phủ Lỗ, Sóc Sơn, Hà Nội | G17: 98 | H17: =G17*19420 -> 1903160 | J17: 790000 | O17: =H17+J17+K17+L17+M17+N17 -> 2693160 | P17: 4500000 | Q17: =P17-O17 -> 1806840
A18: 11 | B18: 45461 | C18: Đóng hàng chè sáng 19/06 | D18: CSNU6594044 | E18: Mỹ Bằng, Yên Sơn, Tuyên Quang | G18: 215 | H18: =G18*19640 -> 4222600 | J18: 1530000 | O18: =H18+J18+K18+L18+M18+N18 -> 5752600 | P18: 8666667 | Q18: =P18-O18 -> 2914067
A19: 12 | B19: 45462 | C19: Đóng hàng chè chiều 20/06 | D19: PONU7309589 | E19: Yên Viên, Hà Nội - Bản Bo, Tam Đường, Lai Châu | G19: 343 | H19: =G19*20360 -> 6983480 | J19: 3918000 | O19: =H19+J19+K19+L19+M19+N19 -> 10901480 | P19: 19800000 | Q19: =P19-O19 -> 8898520
A20: 13 | B20: 45464 | C20: Đóng hàng chè sáng 22/06 | D20: OOLU9191754 | E20: TT Tân Uyên, Tân Uyên, Lai Châu | G20: 385 | H20: =G20*20360 -> 7838600 | J20: 4025000 | O20: =H20+J20+K20+L20+M20+N20 -> 11863600 | P20: 20300000 | Q20: =P20-O20 -> 8436400
A21: 14 | B21: 45466 | C21: Trả hàng NK sáng 24/06 | D21: TGBU7276906 | E21: Thạch Thất, Hà Nội | G21: 104 | H21: =G21*20360 -> 2117440 | J21: 790000 | O21: =H21+J21+K21+L21+M21+N21 -> 2907440 | P21: 4450000 | Q21: =P21-O21 -> 1542560
A22: 15 | B22: 45467 | C22: Đóng hàng chè sáng 25/06 | D22: SLLU4979947 | E22: Tân Phong, TP. Lai Châu | G22: 392 | H22: =G22*20360 -> 7981120 | J22: 3918000 | O22: =H22+J22+K22+L22+M22+N22 -> 11899120 | P22: 20950000 | Q22: =P22-O22 -> 9050880
A23: 16 | B23: 45469 | C23: Đóng hàng chè sáng 27/06 | D23: SEGU5308696 | E23: Mộc Châu, Sơn La | G23: 247 | H23: =G23*20680 -> 5107960 | J23: 2380000 | O23: =H23+J23+K23+L23+M23+N23 -> 7487960 | P23: 12314815 | Q23: =P23-O23 -> 4826855
A24: 17 | B24: 45469 | C24: Đóng hàng chè sáng 28/06 | D24: HPCU4613789 | E24: Tân Phong, TP. Lai Châu | G24: 392 | H24: =G24*20680 -> 8106560 | J24: 4025000 | O24: =H24+J24+K24+L24+M24+N24 -> 12131560 | P24: 20950000 | Q24: =P24-O24 -> 8818440
C25: Phí gửi xe | K25: 1200000 | O25: =K25+L25+M25+N25 -> 1200000
C26: Tiền vé trạm thu phí Epass | K26: 14268480 | O26: =K26+L26+M26+N26 -> 14268480
C27: Thanh toán tiền thay mặt mâm moóc , công thợ cắt hàn xe 15C-180.99 | L27: 6000000 | O27: =K27+L27+M27+N27 -> 6000000
C28: Thanh toán giường chắn mâm xe 15C-180.99 | L28: 2000000 | O28: =K28+L28+M28+N28 -> 2000000
C29: TT tiền đảo lốp xe 15C-180.99 | L29: 150000 | O29: =K29+L29+M29+N29 -> 150000
C30: Thanh toán tiền trợ lực lái xe 15C-180.99 ngày 07/6 | L30: 120000 | O30: =K30+L30+M30+N30 -> 120000
C31: Thanh toán tiền dầu trợ lực lái xe 15C-180.99 ngày 08/6 | L31: 70000 | O31: =K31+L31+M31+N31 -> 70000
C32: Thanh toán tiền thủy lực cho xe 15C-180.99 ngày 13/6 | L32: 75000 | O32: =K32+L32+M32+N32 -> 75000
C33: Thanh toán tiền thủy lực cho xe 15C-180.99 ngày 14/6 | L33: 75000 | O33: =K33+L33+M33+N33 -> 75000
C34: Thanh toán tiền trợ lực lái xe 15C-180.99 ngày 10/6 | L34: 65000 | O34: =K34+L34+M34+N34 -> 65000
C35: Thanh toán tiền chạy dây chế công tắc còi hơi xe 15C-180.99 ngày 18/6 | L35: 250000 | O35: =K35+L35+M35+N35 -> 250000
C36: Thanh toán tiền mua dầu phanh xe 15C-180.99 ngày 22/6 | L36: 60000 | O36: =K36+L36+M36+N36 -> 60000
C37: Thanh toán tiền nước làm mát xe 15C-180.99 ngày 18/6 | L37: 540000 | O37: =K37+L37+M37+N37 -> 540000
C38: Thanh toán tiền dầu chữ L, lọc tinh , công thợ xe 15C-180.99 ngày 4/6 | L38: 1566000 | O38: =K38+L38+M38+N38 -> 1566000
... C40: Thông súc rửa két nước, két gió, thông bình phụ thay gioăng xe 15C-180.99 ngày 15/6 | L40: 2300000 | O40: =K40+L40+M40+N40 -> 2300000
C41: Thanh toán tiền lốp 295/75R22.5/16 xe 15C-180.99 ngày 05/6 | M41: 9600000 | O41: =K41+L41+M41+N41 -> 9600000
C42: Thanh toán tiền mua 2 phớt ngang bớt lái, dầu thủy lực, công thay xe 15C-180.99 ngày 15/6 | L42: 1380000 | O42: =K42+L42+M42+N42 -> 1380000
C43: Lương lx ( ngày công 26/26) | K43: 8000000 | O43: =K43+L43+M43+N43 -> 8000000
A44: TỔNG CỘNG | G44: =SUM(G8:G43) -> 4128 | H44: =SUM(H7:H43) -> 82415160 | I44: =SUM(I7:I43) -> 0 | J44: =SUM(J7:J43) -> 39947000 | K44: =SUM(K7:K43) -> 23468480 | L44: =SUM(L7:L43) -> 14901000 | M44: =SUM(M7:M43) -> 9600000 | N44: =SUM(N7:N43) -> 0 | O44: =SUM(O8:O43) -> 170331640 | P44: =SUM(P8:P43) -> 212498149 | Q44: =P44-O44 -> 42166509
P46: LK = | Q46: ='05.2024'!Q37+'06.2024'!Q44 -> 55203164

Sheet 07.2024
A1: Bảng theo dõi doanh thu/ chi phí theo phương tiện vận chuyển
A2: Biển số xe: 15C - 180.99
A3: THÁNG 07.2024
A5: STT | B5: Ngày tháng | C5: Diễn giải | D5: Số cont | E5: Tuyến đường vận chuyển | F5: Khoảng cách (km) | G5: Chi phí | I5: Mức TTBQ | J5: Đi đường | K5: Lương lx | L5: Sửa chữa | M5: Lốp | N5: Dầu máy | O5: Tổng chi phí | P5: Cước vận chuyển | Q5: Lợi nhuận gộp
G6: Dầu (l) | H6: Dầu (đồng)
A8: 1 | B8: 45474 | C8: Đóng hàng chè chiều 01/07 | D8: TGBU4341470 | E8: Mỹ Bằng, Yên Sơn, Tuyên Quang | G8: 180 | H8: =G8*21170 -> 3810600 | J8: 1530000 | O8: =H8+J8+K8+L8+M8+N8 -> 5340600 | P8: 8666667 | Q8: =P8-O8 -> 3326067
A9: 2 | B9: 45475 | C9: Đóng hàng chè sáng 03/07 | D9: FFAU3248586 | E9: Mỹ Bằng, Yên Sơn, Tuyên Quang | G9: 183 | H9: =G9*21170 -> 3874110 | J9: 1530000 | O9: =H9+J9+K9+L9+M9+N9 -> 5404110 | P9: 8666667 | Q9: =P9-O9 -> 3262557
A10: 3 | B10: 45476 | C10: Trả hàng Vietsun sáng 04/07 | D10: GAOU6143340 | E10: Kho Vinafco, KCN Tiên Sơn, Bắc Ninh | G10: 79 | H10: =G10*21170 -> 1672430 | J10: 790000 | O10: =H10+J10+K10+L10+M10+N10 -> 2462430 | P10: 4090000 | Q10: =P10-O10 -> 1627570
