Workbook

Sheet T12.2015
A1: Bảng theo dõi doanh thu/ chi phí theo phương tiện vận chuyển
A2: Biển số xe: 15C - 136.31
H3: THÁNG 12.2015
A5: STT | B5: Ngày tháng | C5: Diễn giải | D5: Số cont | E5: Tuyến đường vận chuyển | F5: Khoảng cách (km) | G5: Chi phí | O5: Tổng chi phí | P5: Cước vận chuyển | Q5: Lợi nhuận gộp
G6: Dầu (l) | H6: Dầu (đồng) | I6: Mức TTBQ | J6: Đi đường | K6: Lương lx | L6: Sửa chữa | M6: Lốp | N6: Dầu máy
O7: =H7+J7+K7+L7+M7+N7 -> 0 | Q7: =P7-O7 -> 0
A8: 1 | B8: 42705 | C8: Trả hàng + đóng hàng 1/12 | D8: TTNU3681945 | E8: Gia Lâm, Hà Nội - Hà Nam | H8: =G8*13510 -> 0 | J8: 1750000 | O8: =H8+J8+K8+L8+M8+N8 -> 1750000 | P8: =S8 -> 5760000 | Q8: =P8-O8 -> 4010000 | S8: 5760000
A9: 2 | B9: 42339 | C9: Trả hàng + đóng hàng 02/12 | D9: VSLU1041014 | E9: Bắc Ninh - Hà Nam | G9: 220 | H9: =G9*13510 -> 2972200 | J9: 1750000 | O9: =H9+J9+K9+L9+M9+N9 -> 4722200 | P9: =S9 -> 6060000 | Q9: =P9-O9 -> 1337800 | S9: 6060000
A10: 3 | B10: 42340 | C10: Trả hàng + đóng hàng 03/12 | D10: WFHU1352176 | E10: Như Quỳnh, Hưng Yên - Hà Nam | G10: 0 | H10: =G10*13510 -> 0 | J10: 1690000 | O10: =H10+J10+K10+L10+M10+N10 -> 1690000 | P10: =S10 -> 5660000 | Q10: =P10-O10 -> 3970000 | S10: 5660000
A11: 4 | B11: 42341 | C11: Trả hàng + đóng hàng 04/12 | D11: VSLU4025362 | E11: Long Biên, Hà Nội - Hà Nam | G11: 220 | H11: =G11*13230 -> 2910600 | J11: 1740000 | O11: =H11+J11+K11+L11+M11+N11 -> 4650600 | P11: =S11 -> 5960000 | Q11: =P11-O11 -> 1309400 | S11: 5960000
A12: 5 | B12: 42342 | C12: Trả hàng + đóng hàng 05/12 | D12: TRHU1344490 | E12: Mỹ Hào, Hưng Yên - Hà Nam | G12: 0 | H12: =G12*13230 -> 0 | J12: 1430000 | O12: =H12+J12+K12+L12+M12+N12 -> 1430000 | P12: =S12 -> 5580000 | Q12: =P12-O12 -> 4150000 | S12: 5580000
A13: 6 | B13: 42343 | C13: Trả hàng sáng 06/12 | D13: DRYU3092209 | E13: KCN Thạch Thất, Hà Nội | G13: 0 | H13: =G13*13230 -> 0 | J13: 1720000 | O13: =H13+J13+K13+L13+M13+N13 -> 1720000 | P13: =S13 -> 6460000 | Q13: =P13-O13 -> 4740000 | S13: 6460000
A14: 7 | B14: 42343 | C14: Đóng hàng KH 06/12 | D14: DRYU3015727 | E14: Phủ Lý, Hà Nam | G14: 238 | H14: =G14*13230 -> 3148740 | J14: 0 | O14: =H14+J14+K14+L14+M14+N14 -> 3148740 | P14: =S14 -> 0 | Q14: =P14-O14 -> -3148740 | S14: 0
A15: 8 | B15: 42343 | C15: Trả hàng sáng 07/12 | D15: DRYU2902096 | E15: KCN Đại Đồng, Bắc Ninh | G15: 0 | H15: =G15*13230 -> 0 | J15: 1750000 | O15: =H15+J15+K15+L15+M15+N15 -> 1750000 | P15: =S15 -> 3360000 | Q15: =P15-O15 -> 1610000 | S15: 3360000
A16: 9 | B16: 42343 | C16: Đóng hàng XK 07/12 | D16: DFSU1269940 | E16: Hoa Lư, Ninh Bình | G16: 0 | H16: =G16*13230 -> 0 | J16: 0 | O16: =H16+J16+K16+L16+M16+N16 -> 0 | P16: =S16 -> 4200000 | Q16: =P16-O16 -> 4200000 | S16: 4200000
A17: 10 | B17: 42345 | C17: Trả hàng + đóng hàng 08/12 | D17: DRYU2853941 | E17: Mỹ Hào, Hưng Yên - Hà Nam | G17: 210 | H17: =G17*13230 -> 2778300 | J17: 1430000 | O17: =H17+J17+K17+L17+M17+N17 -> 4208300 | P17: =S17 -> 5580000 | Q17: =P17-O17 -> 1371700 | S17: 5580000
A18: 11 | B18: 42346 | C18: Trả hàng sáng 09/12 | D18: WFHU1354374 | E18: Mỹ Hào, Hưng Yên | G18: 0 | H18: =G18*13230 -> 0 | J18: 1430000 | O18: =H18+J18+K18+L18+M18+N18 -> 1430000 | P18: =S18 -> 2890000 | Q18: =P18-O18 -> 1460000 | S18: 2890000
A19: 12 | B19: 42346 | C19: Đóng hàng XK 09/12 | D19: MSKU2662510 | E19: Hoa Lư, Ninh Bình | G19: 0 | H19: =G19*13230 -> 0 | J19: 0 | O19: =H19+J19+K19+L19+M19+N19 -> 0 | P19: =S19 -> 4200000 | Q19: =P19-O19 -> 4200000 | S19: 4200000
A20: 13 | B20: 42347 | C20: Đóng hàng chè sáng 11/12 | D20: TCNU5200310 | E20: Mỹ Bằng, Yên Sơn, Tuyên Quang | G20: 275 | H20: =G20*13230 -> 3638250 | J20: 2320000 | O20: =H20+J20+K20+L20+M20+N20 -> 5958250 | P20: =S20 -> 10000000 | Q20: =P20-O20 -> 4041750 | S20: 10000000
A21: 14 | B21: 42349 | C21: Trả hàng sáng 12/12 | D21: DRYU2924449 | E21: Mỹ Hào, Hưng Yên | G21: 0 | H21: =G21*13230 -> 0 | J21: 1450000 | O21: =H21+J21+K21+L21+M21+N21 -> 1450000 | P21: =S21 -> 5580000 | Q21: =P21-O21 -> 4130000 | S21: 5580000
A22: 15 | B22: 42349 | C22: Đóng hàng vôi XK 12/12 | D22: WHLU2890774 | E22: Tam Điệp, Ninh Bình | G22: 0 | H22: =G22*13230 -> 0 | J22: 0 | O22: =H22+J22+K22+L22+M22+N22 -> 0 | P22: =S22 -> 0 | Q22: =P22-O22 -> 0 | S22: 0
... A24: 17 | B24: 42351 | C24: Đóng hàng XK 14/12 | D24: MSKU4309708 | E24: Hoa Lư, Ninh Bình | G24: 238 | H24: =G24*13230 -> 3148740 | J24: 0 | O24: =H24+J24+K24+L24+M24+N24 -> 3148740 | P24: =S24 -> 4200000 | Q24: =P24-O24 -> 1051260 | S24: 4200000
A25: 18 | B25: 42352 | C25: Trả hàng sáng 15/12 | D25: DRYU3095656 | E25: Mỹ Hào, Hưng Yên | H25: =G25*13510 -> 0 | J25: 1520000 | O25: =H25+J25+K25+L25+M25+N25 -> 1520000 | P25: =S25 -> 5780000 | Q25: =P25-O25 -> 4260000 | S25: 5780000
A26: 19 | B26: 42352 | C26: Đóng hàng XK 15/12 | D26: AKLU6024071 | E26: Hoà Lạc, Hà Nội | H26: =G26*13510 -> 0 | J26: 0 | O26: =H26+J26+K26+L26+M26+N26 -> 0 | P26: =S26 -> 0 | Q26: =P26-O26 -> 0 | S26: 0
A27: 20 | B27: 42354 | C27: Trả hàng sáng 17/12 | D27: UETU2345338 | E27: Đức Giang, Hà Nội | H27: =G27*13510 -> 0 | J27: 1520000 | O27: =H27+J27+K27+L27+M27+N27 -> 1520000 | P27: =S27 -> 3000000 | Q27: =P27-O27 -> 1480000 | S27: 3000000
A28: 21 | B28: 42354 | C28: Đóng hàng XK sáng 18/12 | D28: DFSU1566803 | E28: Mỹ Hào, Hưng Yên | H28: =G28*13510 -> 0 | J28: 200000 | O28: =H28+J28+K28+L28+M28+N28 -> 200000 | P28: =S28 -> 3090909 | Q28: =P28-O28 -> 2890909 | S28: 3090909
A29: 22 | B29: 42356 | C29: Trả hàng 19/12 | D29: APZU3682140 | E29: Thạch Thất, Hà Nội | G29: 200 | H29: =G29*11980 -> 2396000 | J29: 1750000 | O29: =H29+J29+K29+L29+M29+N29 -> 4146000 | P29: =S29 -> 6460000 | Q29: =P29-O29 -> 2314000 | S29: 6460000
A30: 23 | B30: 42356 | C30: Đóng hàng XK 19/12 | D30: DRYU2902310 | E30: Phủ Lý, Hà Nam | H30: =G30*11980 -> 0 | J30: 0 | O30: =H30+J30+K30+L30+M30+N30 -> 0 | P30: =S30 -> 0 | Q30: =P30-O30 -> 0 | S30: 0
A31: 24 | B31: 42357 | C31: Trả hàng sáng 20/12 | D31: TCLU3239002 | E31: Thạch Thất, Hà Nội | H31: =G31*11980 -> 0 | J31: 1740000 | O31: =H31+J31+K31+L31+M31+N31 -> 1740000 | P31: =S31 -> 3000000 | Q31: =P31-O31 -> 1260000 | S31: 3000000
A32: 25 | B32: 42357 | C32: Đóng hàng XK 20/12 | D32: MRKU9690929 | E32: Hoa Lư, Ninh Bình | H32: =G32*11980 -> 0 | J32: 0 | O32: =H32+J32+K32+L32+M32+N32 -> 0 | P32: =S32 -> 4200000 | Q32: =P32-O32 -> 4200000 | S32: 4200000
A33: 26 | B33: 42358 | C33: Trả hàng sáng 21/12 | D33: WFHU1352303 | E33: KCN Đại Đồng, Bắc Ninh | G33: 263 | H33: =G33*11980 -> 3150740 | J33: 1740000 | O33: =H33+J33+K33+L33+M33+N33 -> 4890740 | P33: =S33 -> 3360000 | Q33: =P33-O33 -> -1530740 | S33: 3360000
A34: 27 | B34: 42358 | C34: Đóng hàng XK 21/12 | D34: PONU0910407 | E34: Hoa Lư, Ninh Bình | H34: =G34*11980 -> 0 | J34: 0 | O34: =H34+J34+K34+L34+M34+N34 -> 0 | P34: =S34 -> 4200000 | Q34: =P34-O34 -> 4200000 | S34: 4200000
A35: 28 | B35: 42359 | C35: Trả hàng + đóng hàng 22/12 | D35: DRYU2923329 | E35: Bắc Ninh - Hà Nam | G35: 260 | H35: =G35*11980 -> 3114800 | J35: 1750000 | O35: =H35+J35+K35+L35+M35+N35 -> 4864800 | P35: =S35 -> 6060000 | Q35: =P35-O35 -> 1195200 | S35: 6060000
A36: 29 | B36: 42361 | C36: Trả hàng NK sáng 24/12 | D36: WHLU5448977 | E36: Mộc Châu, Sơn La | H36: =G36*11980 -> 0 | J36: 3100000 | O36: =H36+J36+K36+L36+M36+N36 -> 3100000 | P36: =S36 -> 13636364 | Q36: =P36-O36 -> 10536364 | S36: 13636364
A37: 30 | B37: 42363 | C37: Trả hàng NK 27/12 | D37: TEMU9033741 | E37: Mường Chài, Điện Biên | G37: 593 | H37: =G37*11980 -> 7104140 | J37: =8000000+8000000 -> 16000000 | O37: =H37+J37+K37+L37+M37+N37 -> 23104140 | P37: =S37 -> 45000000 | Q37: =P37-O37 -> 21895860 | S37: 45000000
B38: 42353 | C38: Chữa máy phát | L38: 600000 | O38: =H38+J38+K38+L38+M38+N38 -> 600000 | Q38: =P38-O38 -> -600000
B39: 42357 | C39: Mua dây 8FK 2035 (xịn) | L39: 450000 | O39: =H39+J39+K39+L39+M39+N39 -> 450000 | Q39: =P39-O39 -> -450000
B40: 42364 | C40: Thay lọc nhớt + lọc dầu diezel | N40: 2200000 | O40: =H40+J40+K40+L40+M40+N40 -> 2200000 | Q40: =P40-O40 -> -2200000
C41: Tiền gửi xe | L41: 1200000 | O41: =H41+J41+K41+L41+M41+N41 -> 1200000 | Q41: =P41-O41 -> -1200000
O42: =H42+J42+K42+L42+M42+N42 -> 0 | Q42: =P42-O42 -> 0
C43: Lương lái xe + thưởng | K43: 9500000 | O43: =H43+J43+K43+L43+M43+N43 -> 9500000 | Q43: =P43-O43 -> -9500000
O44: =H44+J44+K44+L44+M44+N44 -> 0 | Q44: =P44-O44 -> 0
O45: =H45+J45+K45+L45+M45+N45 -> 0 | Q45: =P45-O45 -> 0
A46: TỔNG CỘNG | G46: =SUM(G7:G45) -> 2717 | H46: =SUM(H7:H45) -> 34362510 | I46: =SUM(I7:I45) -> 0 | J46: =SUM(J7:J45) -> 49520000 | K46: =SUM(K7:K45) -> 9500000 | L46: =SUM(L7:L45) -> 2250000 | M46: =SUM(M7:M45) -> 0 | N46: =SUM(N7:N45) -> 2200000 | ... Q46: =SUM(Q7:Q45) -> 78804763 | R46: T4
H47: 37672460 | O47: =H46+J46+K46+L46+M46+N46 -> 97832510 | Q47: =P46-O46 -> 78804763 | R47: T5 | S47: 59671015
H48: =H46-H47 -> -3309950 | O48: =O46-O47 -> 0 | Q48: =Q46-Q47 -> 0 | R48: T6 | S48: 66107925
R49: T7 | S49: 94571846
R50: T8 | S50: 97662843
R51: T9 | S51: 79840158
R52: T10 | S52: 57073230
R53: T11 | S53: 54358584
R54: T12 | S54: =Q46 -> 78804763
R55: Tổng cộng | S55: =SUM(S47:S54) -> 5.8809036e+08 | T55: =S55/8 -> 73511296

Sheet T01.2016
A1: Bảng theo dõi doanh thu/ chi phí theo phương tiện vận chuyển
A2: Biển số xe: 15C - 136.31
B3: THÁNG 01.2016
A5: STT | B5: Ngày tháng | C5: Diễn giải | D5: Số cont | E5: Tuyến đường vận chuyển | F5: Khoảng cách (km) | G5: Chi phí | O5: Tổng chi phí | P5: Cước vận chuyển | Q5: Lợi nhuận gộp
G6: Dầu (l) | H6: Dầu (đồng) | I6: Mức TTBQ | J6: Đi đường | K6: Lương lx | L6: Sửa chữa | M6: Lốp | N6: Dầu máy
A8: 1 | C8: Lưu ca xe từ 29/12 đến 11/01 | D8: TEMU9033741 | J8: 5200000 | O8: =N8+M8+L8+K8+J8+H8 -> 5200000 | P8: =13*1800000 -> 23400000 | Q8: =P8-O8 -> 18200000
A9: 2 | B9: 42380 | C9: Đóng hàng chè sáng 14/01 | D9: BMOU6025986 | E9: Mỹ Bằng, Yên Sơn, Tuyên Quang | G9: 620 | H9: =G9*11110 -> 6888200 | J9: 2420000 | O9: =N9+M9+L9+K9+J9+H9 -> 9308200 | P9: 9545455 | Q9: =P9-O9 -> 237255
A10: 3 | B10: 42383 | C10: Đóng hàng than hoạt tính chiều 15/01 | D10: DRYU9590683 | E10: TP. Trà Vinh | J10: 960000 | O10: =N10+M10+L10+K10+J10+H10 -> 960000 | P10: 4000000 | Q10: =P10-O10 -> 3040000
A11: 4 | B11: 42385 | C11: Trả hàng sáng 17/01 | D11: DRYU9961948 | E11: Văn Lâm, Hưng Yên | J11: 970000 | O11: =N11+M11+L11+K11+J11+H11 -> 970000 | P11: 3190909 | Q11: =P11-O11 -> 2220909
A12: 5 | B12: 42387 | C12: Trả hàng Vietsun sáng 19/01 | D12: DRYU9969682 | E12: Mỹ Hào, Hưng Yên | J12: 800000 | O12: =N12+M12+L12+K12+J12+H12 -> 800000 | P12: 2918182 | Q12: =P12-O12 -> 2118182
A13: 6 | B13: 42388 | C13: Đóng hàng chè sáng 20/01 | D13: TCKU2077804 | E13: Mỹ Bằng, Yên Sơn, Tuyên Quang | J13: 2300000 | O13: =N13+M13+L13+K13+J13+H13 -> 2300000 | P13: 9090909 | Q13: =P13-O13 -> 6790909
A14: 7 | B14: 42388 | C14: Đóng hàng XK sáng 21/01 | D14: ZIMU1414597 | E14: Mỹ Hào, Hưng Yên | J14: 810000 | O14: =N14+M14+L14+K14+J14+H14 -> 810000 | P14: 3090909 | Q14: =P14-O14 -> 2280909
A15: 8 | B15: 42389 | C15: Đóng hàng chè sáng 22/01 | D15: TRHU2719899 | E15: Mỹ Bằng, Yên Sơn, Tuyên Quang | J15: 2320000 | O15: =N15+M15+L15+K15+J15+H15 -> 2320000 | P15: 9090909 | Q15: =P15-O15 -> 6770909
A16: 9 | B16: 42391 | C16: Trả hàng + đóng hàng KH sáng 23/01 | D16: SKLU1426219 | E16: KCN Hòa Xá, Nam Định | G16: 500 | H16: 5100000 | J16: 1200000 | O16: =N16+M16+L16+K16+J16+H16 -> 6300000 | P16: 5400000 | Q16: =P16-O16 -> -900000
A17: 10 | B17: 42391 | C17: Trả hàng + đóng hàng KH sáng 23/01 | D17: VSLU1048261 | E17: Phủ Lý, Hà Nam | P17: 0 | Q17: =P17-O17 -> 0
A18: 11 | B18: 42392 | C18: Trả hàng NK đêm 23/01 | D18: SITU2787335 | E18: Cảng Phà Đen, Hà Nội | J18: 1720000 | O18: =N18+M18+L18+K18+J18+H18 -> 1720000 | P18: 4300000 | Q18: =P18-O18 -> 2580000
A19: 12 | B19: 42392 | C19: Đóng hàng vôi XK sáng 24/01 | D19: EMCU3604017 | E19: Tam Điệp, Ninh Bình | O19: =N19+M19+L19+K19+J19+H19 -> 0 | P19: 3050000 | Q19: =P19-O19 -> 3050000
A20: 13 | B20: 42394 | C20: Trả hàng + đóng hàng KH sáng 26/01 | D20: VSLU9371400 | E20: KCN Đại Đồng, Bắc Ninh - Hà Nam | J20: 1740000 | O20: =N20+M20+L20+K20+J20+H20 -> 1740000 | P20: 5860000 | Q20: =P20-O20 -> 4120000
A21: 14 | B21: 42395 | C21: Trả hàng + đóng hàng KH sáng 27/01 | D21: DRYU3093972 | E21: KCN Đại Đồng, Bắc Ninh - Hà Nam | G21: 605 | H21: 6171000 | J21: 1750000 | O21: =N21+M21+L21+K21+J21+H21 -> 7921000 | P21: 5860000 | Q21: =P21-O21 -> -2061000
A22: 15 | B22: 42396 | C22: Đóng hàng sáng 28/01 | D22: YLMU8742545 | E22: KCN Quang Minh, Vĩnh Phúc | J22: 1100000 | O22: =N22+M22+L22+K22+J22+H22 -> 1100000 | P22: 4000000 | Q22: =P22-O22 -> 2900000
A23: 16 | B23: 42397 | C23: Trả hàng + đóng hàng KH sáng 29/01 | D23: GMDU2153911 | E23: KCN Tân Trường, Hải Dương - Hà Nam | J23: 1450000 | O23: =N23+M23+L23+K23+J23+H23 -> 1450000 | P23: 5180000 | Q23: =P23-O23 -> 3730000
A24: 17 | B24: 42399 | C24: Trả hàng + đóng hàng KH sáng 31/01 | D24: VSLU1041781 | E24: Hải Dương - Hà Nam | J24: 1400000 | O24: =N24+M24+L24+K24+J24+H24 -> 1400000 | P24: 5180000 | Q24: =P24-O24 -> 3780000
O25: =N25+M25+L25+K25+J25+H25 -> 0 | Q25: =P25-O25 -> 0
C26: Lương lái xe | K26: 9000000 | O26: =N26+M26+L26+K26+J26+H26 -> 9000000 | Q26: =P26-O26 -> -9000000
C27: Thay lọc nhớt | L27: 1100000 | O27: =N27+M27+L27+K27+J27+H27 -> 1100000 | Q27: =P27-O27 -> -1100000
C28: Thay lốp xe | L28: 5000000 | O28: =N28+M28+L28+K28+J28+H28 -> 5000000 | Q28: =P28-O28 -> -5000000
C29: Tiền gửi xe T1 | L29: 1200000 | O29: =N29+M29+L29+K29+J29+H29 -> 1200000 | Q29: =P29-O29 -> -1200000
C30: Thưởng Tết | K30: 7000000 | O30: =N30+M30+L30+K30+J30+H30 -> 7000000 | Q30: =P30-O30 -> -7000000
O31: =N31+M31+L31+K31+J31+H31 -> 0 | Q31: =P31-O31 -> 0
A32: TỔNG CỘNG | F32: =SUM(F9:F31) -> 0 | G32: =SUM(G9:G31) -> 1725 | H32: =SUM(H9:H31) -> 18159200 | I32: =SUM(I9:I31) -> 0 | J32: =SUM(J8:J31) -> 26140000 | K32: =SUM(K8:K31) -> 16000000 | L32: =SUM(L8:L31) -> 7300000 | M32: =SUM(M8:M31) -> 0 | N32: =SUM(N8:N31) -> 0 | O32: =SUM(O8:O31) -> 67599200 | P32: =SUM(P8:P31) -> 103157273 | Q32: =SUM(Q8:Q31) -> 35558073

Sheet T02.2016
A1: Bảng theo dõi doanh thu/ chi phí theo phương tiện vận chuyển
A2: Biển số xe: 15C - 136.31
A3: THÁNG 02.2016
A5: STT | B5: Ngày tháng | C5: Diễn giải | D5: Số cont | E5: Tuyến đường vận chuyển | F5: Khoảng cách (km) | G5: Chi phí | O5: Tổng chi phí | P5: Cước vận chuyển | Q5: Lợi nhuận gộp
G6: Dầu (l) | H6: Dầu (đồng) | I6: Mức TTBQ | J6: Đi đường | K6: Lương lx | L6: Sửa chữa | M6: Lốp | N6: Dầu máy
O7: =H7+J7+K7+L7+M7+N7 -> 0 | Q7: =P7-O7 -> 0
A8: 1 | B8: 42400 | C8: Trả hàng + đóng hàng KH sáng 01/02 | D8: VSLU3042719 | E8: Vũ Thư, Thái Bình - Hà Nam | J8: 1200000 | O8: =N8+M8+L8+K8+J8+H8 -> 1200000 | P8: 5500000 | Q8: =P8-O8 -> 4300000
A9: 2 | B9: 42401 | C9: Trả hàng + đóng hàng KH sáng 02/02 | D9: DRYU3093400 | E9: KCN Đại Đồng, Bắc Ninh - Hà Nam | J9: 1740000 | O9: =N9+M9+L9+K9+J9+H9 -> 1740000 | P9: 5860000 | Q9: =P9-O9 -> 4120000
A10: 3 | B10: 42402 | C10: Trả hàng + đóng hàng KH sáng 03/02 | D10: VSLU1046295 | E10: KCN Đại Đồng, Bắc Ninh - Hà Nam | J10: 1740000 | O10: =N10+M10+L10+K10+J10+H10 -> 1740000 | P10: 5860000 | Q10: =P10-O10 -> 4120000
A11: 4 | B11: 42402 | C11: Đóng hàng XK sáng 04/02 | D11: OOLU1801824 | E11: Mỹ Hào, Hưng Yên | G11: 530 | H11: 5406000 | J11: 810000 | O11: =N11+M11+L11+K11+J11+H11 -> 6216000 | P11: 3400000 | Q11: =P11-O11 -> -2816000
A12: 5 | B12: 42415 | C12: Đóng hàng tinh bột chiều 15/02 | D12: TCKU3471746 | E12: KCN Mỹ Phước 2, Bến Cát, BD | J12: 1900000 | O12: =N12+M12+L12+K12+J12+H12 -> 1900000 | P12: 5500000 | Q12: =P12-O12 -> 3600000
A13: 6 | B13: 42415 | C13: Trả hàng NK sáng 16/02 | D13: SEGU2563949 | E13: Cảng Phà Đen, Hà Nội | J13: 1740000 | O13: =N13+M13+L13+K13+J13+H13 -> 1740000 | P13: 4300000 | Q13: =P13-O13 -> 2560000
A14: 7 | B14: 42415 | C14: Đóng hàng KH chiều 16/02 | D14: NPLU2214334 | E14: Phủ Lý, Hà Nam | O14: =N14+M14+L14+K14+J14+H14 -> 0 | P14: 2850000 | Q14: =P14-O14 -> 2850000
A15: 8 | B15: 42416 | C15: Trả hàng Vietsun sáng 17/02 | D15: DRYU9170192 | E15: Mỹ Hào, Hưng Yên | J15: 1520000 | O15: =N15+M15+L15+K15+J15+H15 -> 1520000 | P15: 2918182 | Q15: =P15-O15 -> 1398182
A16: 9 | B16: 42416 | C16: Đóng hàng than hoạt tính chiều 17/02 | D16: DRYU9170192 | E16: TP. Trà Vinh | G16: 410 | H16: 3927800 | O16: =N16+M16+L16+K16+J16+H16 -> 3927800 | P16: 3000000 | Q16: =P16-O16 -> -927800
A17: 10 | B17: 42418 | C17: Trả hàng NK sáng 18/02 | D17: CMAU0854909 | E17: KCN Vân Trung, Việt Yên, Bắc Giang | J17: 1040000 | O17: =N17+M17+L17+K17+J17+H17 -> 1040000 | P17: 3500000 | Q17: =P17-O17 -> 2460000
A18: 11 | B18: 42418 | C18: Trả hàng NK sáng 19/02 | D18: SITU9030908 | E18: Mỹ Bằng, Yên Sơn, Tuyên Quang | J18: 2320000 | O18: =N18+M18+L18+K18+J18+H18 -> 2320000 | P18: 9545455 | Q18: =P18-O18 -> 7225455
A19: 12 | B19: 42418 | C19: Đóng hàng XK sáng 20/02 | D19: TGHU9610260 | E19: Phả Lại, Hải Dương | J19: 860000 | O19: =N19+M19+L19+K19+J19+H19 -> 860000 | P19: 3160000 | Q19: =P19-O19 -> 2300000
A20: 13 | B20: 42422 | C20: Trả hàng + đóng hàng KH 23/02 | D20: VSLU3041693 | E20: KCN Đại Đồng, Bắc Ninh - Hà Nam | J20: 1740000 | O20: =N20+M20+L20+K20+J20+H20 -> 1740000 | P20: 5720000 | Q20: =P20-O20 -> 3980000
A21: 14 | B21: 42424 | C21: Trả hàng NK sáng 25/02 | D21: WHLU5337232 | E21: TT Trần Phú, Văn Chấn, Yên Bái | G21: 575 | H21: 5508500 | J21: 2420000 | O21: =N21+M21+L21+K21+J21+H21 -> 7928500 | P21: 11818182 | Q21: =P21-O21 -> 3889682
A22: 15 | B22: 42425 | C22: Trả hàng + đóng hàng KH 26/02 | D22: VSLU2037111 | E22: Long Biên, Hà Nội - Hà Nam | J22: 1740000 | O22: =N22+M22+L22+K22+J22+H22 -> 1740000 | P22: 5640000 | Q22: =P22-O22 -> 3900000
A23: 16 | B23: 42426 | C23: Đóng hàng chè sáng 29/02 | D23: UETU2267549 | E23: Mỹ Bằng, Yên Sơn, Tuyên Quang | J23: 2320000 | O23: =N23+M23+L23+K23+J23+H23 -> 2320000 | P23: 8863636 | Q23: =P23-O23 -> 6543636
Q24: =P24-O24 -> 0
C25: Lương lái xe | K25: 9000000 | O25: =N25+M25+L25+K25+J25+H25 -> 9000000 | Q25: =P25-O25 -> -9000000
C26: Tiền gửi xe T2/2016 | L26: 1200000 | O26: =N26+M26+L26+K26+J26+H26 -> 1200000 | Q26: =P26-O26 -> -1200000
O29: =N29+M29+L29+K29+J29+H29 -> 0 | Q29: =P29-O29 -> 0
A30: TỔNG CỘNG | G30: =SUM(G7:G29) -> 1515 | H30: =SUM(H7:H29) -> 14842300 | I30: =SUM(I7:I29) -> 0 | J30: =SUM(J7:J29) -> 23090000 | K30: =SUM(K7:K29) -> 9000000 | L30: =SUM(L7:L29) -> 1200000 | M30: =SUM(M7:M29) -> 0 | N30: =SUM(N7:N29) -> 0 | ... Q30: =SUM(Q7:Q29) -> 39303155

Sheet 03-2016
A1: Bảng theo dõi doanh thu/ chi phí theo phương tiện vận chuyển
A2: Biển số xe: 15C - 136.31
A3: THÁNG 03.2016
A5: STT | B5: Ngày tháng | C5: Diễn giải | D5: Số cont | E5: Tuyến đường vận chuyển | F5: Khoảng cách (km) | G5: Chi phí | O5: Tổng chi phí | P5: Cước vận chuyển | Q5: Lợi nhuận gộp
G6: Dầu (l) | H6: Dầu (đồng) | I6: Mức TTBQ | J6: Đi đường | K6: Lương lx | L6: Sửa chữa | M6: Lốp | N6: Dầu máy
O7: =H7+J7+K7+L7+M7+N7 -> 0 | Q7: =P7-O7 -> 0
A8: 1 | B8: 42426 | C8: Đóng hàng XK sáng 03/03 | D8: WHLU0603005 | E8: Mỹ Hào, Hưng Yên | J8: 800000 | O8: =N8+M8+L8+K8+J8+H8 -> 800000 | P8: 3090909 | Q8: =P8-O8 -> 2290909
A9: 2 | B9: 42432 | C9: Đóng hàng XK đêm 03/03 | D9: CMAU1855751 | E9: Cầu Đá Bạc, Hải Phòng | J9: 300000 | O9: =N9+M9+L9+K9+J9+H9 -> 300000 | P9: 2000000 | Q9: =P9-O9 -> 1700000
A10: 3 | B10: 42433 | C10: Trả hàng NK sáng 05/03 | D10: SEGU1482204 | E10: ICD Mỹ Đình - Mỹ Hào, Hưng Yên | G10: 550 | H10: 5269000 | J10: 1120000 | O10: =N10+M10+L10+K10+J10+H10 -> 6389000 | P10: 4409091 | Q10: =P10-O10 -> -1979909
A11: 4 | B11: 42434 | C11: Trả hàng + đóng hàng KH 07/03 | D11: GMDU2151570 | E11: KCN Tân Trường, Hải Dương - Hà Nam | J11: 1670000 | O11: =N11+M11+L11+K11+J11+H11 -> 1670000 | P11: 5000000 | Q11: =P11-O11 -> 3330000
A12: 5 | B12: 42437 | C12: Trả hàng NK sáng 09/03 | D12: CAIU2046419 | E12: Phúc Xuyên, Hà Nội | J12: 1520000 | O12: =N12+M12+L12+K12+J12+H12 -> 1520000 | P12: 5200000 | Q12: =P12-O12 -> 3680000
A13: 6 | B13: 42437 | C13: Đóng hàng XK chiều 09/03 | D13: EITU0445561 | E13: Ngọc Hồi, Hà Nội | J13: 0 | O13: =N13+M13+L13+K13+J13+H13 -> 0 | P13: 0 | Q13: =P13-O13 -> 0
A14: 7 | B14: 42439 | C14: Trả hàng + đóng hàng KH 11/03 | D14: DRYU3095300 | E14: Ngọc Hồi, Thanh Trì, Hà Nội - Hà Nam | J14: =1120000+620000 -> 1740000 | O14: =N14+M14+L14+K14+J14+H14 -> 1740000 | P14: 5700000 | Q14: =P14-O14 -> 3960000
A15: 8 | B15: 42442 | C15: Trả hàng sáng 14/03 | D15: TCKU1525761 | E15: Kim Sơn, Ninh Bình | J15: 1200000 | O15: =N15+M15+L15+K15+J15+H15 -> 1200000 | P15: 5500000 | Q15: =P15-O15 -> 4300000
A16: 9 | B16: 42442 | C16: Đóng hàng vôi XK chiều 14/03 | D16: TCKU3059718 | E16: Tam Điệp, Ninh Bình | G16: 405 | H16: 3879900 | J16: 0 | O16: =N16+M16+L16+K16+J16+H16 -> 3879900 | P16: 0 | Q16: =P16-O16 -> -3879900
A17: 10 | B17: 42443 | C17: Đóng hàng XK sáng 16/03 | D17: KMTU9307742 | E17: Phả Lại, Hải Dương | J17: 660000 | O17: =N17+M17+L17+K17+J17+H17 -> 660000 | P17: 3160000 | Q17: =P17-O17 -> 2500000
A18: 11 | B18: 42443 | C18: Trả hàng NK 15/03 | D18: TGCU0188453 | E18: Cảng Phà Đen, Hà Nội | J18: 1740000 | O18: =N18+M18+L18+K18+J18+H18 -> 1740000 | P18: 4300000 | Q18: =P18-O18 -> 2560000
A19: 12 | B19: 42443 | C19: Đóng hàng vôi XK chiều 15/03 | D19: FCIU5845588 | E19: Tam Điệp, Ninh Bình | J19: 0 | O19: =N19+M19+L19+K19+J19+H19 -> 0 | P19: 2900000 | Q19: =P19-O19 -> 2900000
A20: 13 | B20: 42445 | C20: Trả hàng Vietsun sáng 17/03 | D20: DRYU9593403 | E20: Dị Sử, Mỹ Hào, Hưng Yên | J20: 1520000 | O20: =N20+M20+L20+K20+J20+H20 -> 1520000 | P20: 2790909 | Q20: =P20-O20 -> 1270909
A21: 14 | B21: 42447 | C21: Đóng than hoạt tính sáng 18/03 | D21: DRYU9593403 | E21: TP. Trà Vinh | J21: 0 | O21: =N21+M21+L21+K21+J21+H21 -> 0 | P21: 3000000 | Q21: =P21-O21 -> 3000000
A22: 15 | B22: 42450 | C22: Trả hàng sáng 19/03 | D22: EISU3907253 | E22: Thạch Bàn, Hà Nội | G22: 540 | H22: 5173200 | J22: 1740000 | O22: =N22+M22+L22+K22+J22+H22 -> 6913200 | P22: 3500000 | Q22: =P22-O22 -> -3413200
A23: 16 | B23: 42450 | C23: Đóng hàng vôi XK chiều 19/03 | D23: TEMU2325994 | E23: Tam Điệp, Ninh Bình | J23: 0 | O23: =N23+M23+L23+K23+J23+H23 -> 0 | P23: 2900000 | Q23: =P23-O23 -> 2900000
A24: 17 | B24: 42450 | C24: Trả hàng + đóng hàng KH 21/03 | D24: NSHU2700708 | E24: Trôi, Hà Nội | J24: 1740000 | O24: =N24+M24+L24+K24+J24+H24 -> 1740000 | P24: 5900000 | Q24: =P24-O24 -> 4160000
A25: 18 | B25: 42450 | C25: Trả hàng + đóng hàng KH 21/03 | D25: DRYU3094834 | E25: Tam Điệp, Ninh Bình | O25: =N25+M25+L25+K25+J25+H25 -> 0 | P25: 0 | Q25: =P25-O25 -> 0
A26: 19 | B26: 42450 | C26: Trả hàng Vietsun sáng 22/03 | D26: DRYU9592515 | E26: Mỹ Hào, Hưng Yên | J26: 800000 | O26: =N26+M26+L26+K26+J26+H26 -> 800000 | P26: 2790909 | Q26: =P26-O26 -> 1990909
A27: 20 | B27: 42452 | C27: Trả hàng sáng 23/03 | D27: DJLU5015945 | E27: Gia Lâm, Hà Nội | J27: 1120000 | O27: =N27+M27+L27+K27+J27+H27 -> 1120000 | P27: 3500000 | Q27: =P27-O27 -> 2380000
A28: 21 | B28: 42452 | C28: Trả hàng NK ngày 24/03 | D28: OOLU1382456 | E28: Sa Pa, Lào Cai | J28: 6500000 | O28: =N28+M28+L28+K28+J28+H28 -> 6500000 | P28: 25000000 | Q28: =P28-O28 -> 18500000
A29: 22 | B29: 42454 | C29: Trả hàng + đóng hàng KH 26/03 | D29: SITU2942832 | E29: Cầu Giấy, Hà Nội | G29: 505 | H29: 4984350 | J29: 1740000 | O29: =N29+M29+L29+K29+J29+H29 -> 6724350 | P29: 5900000 | Q29: =P29-O29 -> -824350
A30: 23 | B30: 42454 | C30: Trả hàng + đóng hàng KH 26/03 | D30: CBHU3802697 | E30: Tam Điệp, Ninh Bình | O30: =N30+M30+L30+K30+J30+H30 -> 0 | P30: 0 | Q30: =P30-O30 -> 0
A31: 24 | B31: 42457 | C31: Trả hàng + đóng hàng KH 29/03 | D31: DRYU2853303 | E31: KCN Đại Đồng, Bắc Ninh | J31: 1740000 | O31: =N31+M31+L31+K31+J31+H31 -> 1740000 | P31: 5500000 | Q31: =P31-O31 -> 3760000
A32: 25 | B32: 42457 | C32: Trả hàng + đóng hàng KH 29/03 | D32: DRYU2853303 | E32: Phủ Lý, Hà Nam | O32: =N32+M32+L32+K32+J32+H32 -> 0 | P32: 0 | Q32: =P32-O32 -> 0
A33: 26 | B33: 42458 | C33: Đóng hàng sáng 30/03 | D33: BMOU5445027 | E33: KCN VSIP, Thủy Nguyên, Hải Phòng | J33: 200000 | O33: =N33+M33+L33+K33+J33+H33 -> 200000 | P33: 1750000 | Q33: =P33-O33 -> 1550000
A34: 27 | B34: 42459 | C34: Trả hàng NK sáng 31/03 | D34: TGHU1534456 | E34: Cảng Phà Đen, Hà Nội | J34: 1120000 | O34: =N34+M34+L34+K34+J34+H34 -> 1120000 | P34: 4300000 | Q34: =P34-O34 -> 3180000
Q35: =P35-O35 -> 0
C36: Lương lái xe | K36: =25/27*9000000 -> 8333333.3 | O36: =N36+M36+L36+K36+J36+H36 -> 8333333.3 | Q36: =P36-O36 -> -8333333.3
C37: Sửa xe | L37: 400000 | O37: =N37+M37+L37+K37+J37+H37 -> 400000 | Q37: =P37-O37 -> -400000
C38: Rửa xe, bơm mỡ | L38: =330000+180000 -> 510000 | O38: =N38+M38+L38+K38+J38+H38 -> 510000 | Q38: =P38-O38 -> -510000
C39: Phí gửi xe | L39: =3960000/3 -> 1320000 | O39: =N39+M39+L39+K39+J39+H39 -> 1320000 | Q39: =P39-O39 -> -1320000
O40: =N40+M40+L40+K40+J40+H40 -> 0 | Q40: =P40-O40 -> 0 | R40: LK
A41: TỔNG CỘNG | G41: =SUM(G7:G40) -> 2000 | H41: =SUM(H7:H40) -> 19306450 | I41: =SUM(I7:I40) -> 0 | J41: =SUM(J7:J40) -> 28970000 | K41: =SUM(K7:K40) -> 8333333.3 | L41: =SUM(L7:L40) -> 2230000 | M41: =SUM(M7:M40) -> 0 | N41: =SUM(N7:N40) -> 0 | ... Q41: =SUM(Q7:Q40) -> 49252035 | R41: ='T01.2016'!Q32+'T02.2016'!Q30+'03-2016'!Q41 -> 1.2411326e+08 | S41: =R41/3 -> 41371088

Sheet 04-2016
A1: Bảng theo dõi doanh thu/ chi phí theo phương tiện vận chuyển
A2: Biển số xe: 15C - 136.31
A3: THÁNG 04.2016
A5: STT | B5: Ngày tháng | C5: Diễn giải | D5: Số cont | E5: Tuyến đường vận chuyển | F5: Khoảng cách (km) | G5: Chi phí | O5: Tổng chi phí | P5: Cước vận chuyển | Q5: Lợi nhuận gộp
G6: Dầu (l) | H6: Dầu (đồng) | I6: Mức TTBQ | J6: Đi đường | K6: Lương lx | L6: Sửa chữa | M6: Lốp | N6: Dầu máy
O7: =H7+J7+K7+L7+M7+N7 -> 0 | Q7: =P7-O7 -> 0
A8: 1 | B8: 42461 | C8: Trả hàng NK sáng 01/04 | D8: TRLU7311594 | E8: Quán Gỏi, Hải Dương | J8: 700000 | O8: =H8+J8+K8+L8+M8+N8 -> 700000 | P8: 3000000 | Q8: =P8-O8 -> 2300000
A9: 2 | B9: 42462 | C9: Trả hàng Vietsun sáng 04/04 | D9: DRYU9969830 | E9: Tân Quang, Văn Lâm, Hưng Yên | J9: 1640000 | O9: =H9+J9+K9+L9+M9+N9 -> 1640000 | P9: 2709091 | Q9: =P9-O9 -> 1069091
A10: 3 | B10: 42462 | C10: Đóng hàng than hoạt tính chiều 04/04 | D10: DRYU9969830 | E10: TP. Trà Vinh | J10: 0 | O10: =H10+J10+K10+L10+M10+N10 -> 0 | P10: 3000000 | Q10: =P10-O10 -> 3000000
A11: 4 | B11: 42465 | C11: Đóng hàng than hoạt tính chiều 05/04 | D11: TCNU9487045 | E11: TP. Trà Vinh | G11: 555 | H11: 5477850 | J11: 1040000 | O11: =H11+J11+K11+L11+M11+N11 -> 6517850 | P11: 3000000 | Q11: =P11-O11 -> -3517850
A12: 5 | B12: 42465 | C12: Trả hàng sáng 06/04 | D12: GMDU2151457 | E12: KCN Tân Trường, Hải Dương | J12: 1400000 | O12: =H12+J12+K12+L12+M12+N12 -> 1400000 | P12: 5100000 | Q12: =P12-O12 -> 3700000
A13: 6 | B13: 42465 | C13: Đóng hàng KH sáng 06/04 | D13: CBHU5844454 | E13: Tam Điệp, Ninh Bình | J13: 0 | O13: =H13+J13+K13+L13+M13+N13 -> 0 | P13: 0 | Q13: =P13-O13 -> 0
A14: 7 | B14: 42467 | C14: Trả hàng NK 08/04 | D14: CARU9972444 | E14: TX. Hồng Lĩnh, Hà Tĩnh | J14: 2500000 | O14: =H14+J14+K14+L14+M14+N14 -> 2500000 | P14: 9000000 | Q14: =P14-O14 -> 6500000
A15: 8 | B15: 42468 | C15: Trả hàng Vietsun sáng 09/04 | D15: DRYU9366457 | E15: KCN Quế Võ, Bắc Ninh | J15: 1040000 | O15: =H15+J15+K15+L15+M15+N15 -> 1040000 | P15: 3272727 | Q15: =P15-O15 -> 2232727
A16: 9 | B16: 42470 | C16: Trả hàng gạo tối 10/04 | D16: CAXU6311929 | E16: TP. Nam Định | J16: 1200000 | O16: =H16+J16+K16+L16+M16+N16 -> 1200000 | P16: 5200000 | Q16: =P16-O16 -> 4000000
A17: 10 | B17: 42470 | C17: Đóng hàng KH sáng 11/04 | D17: WHLU2899679 | E17: Tam Điệp, Ninh Bình | J17: 0 | O17: =H17+J17+K17+L17+M17+N17 -> 0 | P17: 0 | Q17: =P17-O17 -> 0
A18: 11 | B18: 42472 | C18: Trả hàng NK chiều 13/04 | D18: TRLU7025570 | E18: Quán Gỏi, Hải Dương | G18: 520 | H18: 5132400 | J18: 580000 | O18: =H18+J18+K18+L18+M18+N18 -> 5712400 | P18: 3000000 | Q18: =P18-O18 -> -2712400
A19: 12 | B19: 42473 | C19: Đóng hàng chè chiều 14/04 | D19: WHLU4307608 | E19: TT Trần Phú, Văn Chấn, Yên Bái | J19: 2480000 | O19: =H19+J19+K19+L19+M19+N19 -> 2480000 | P19: 10909091 | Q19: =P19-O19 -> 8429091
A20: 13 | B20: 42474 | C20: Trả hàng sáng 15/04 | D20: OOLU4370910 | E20: KCN Tây Nam, Phủ Lý, Hà Nam | J20: 1000000 | O20: =H20+J20+K20+L20+M20+N20 -> 1000000 | P20: 3600000 | Q20: =P20-O20 -> 2600000
A21: 14 | B21: 42479 | C21: Đóng hàng chè sáng 21/04 | D21: WHLU4249060 | E21: Thuận Châu, Sơn La | G21: 425 | H21: 4194750 | J21: 5340000 | O21: =H21+J21+K21+L21+M21+N21 -> 9534750 | P21: 22727273 | Q21: =P21-O21 -> 13192523
A22: 15 | B22: 42481 | C22: Trả hàng + đóng hàng 22/04 | D22: GMDU2151328 | E22: KCN Tân Trường, Hải Dương - Hà Nam | J22: 1470000 | O22: =H22+J22+K22+L22+M22+N22 -> 1470000 | P22: 5000000 | Q22: =P22-O22 -> 3530000
A23: 16 | B23: 42482 | C23: Trả hàng + đóng hàng KH 23/04 | D23: DRYU2923571 | E23: Mỹ Hào, Hưng Yên - Hà Nam | J23: 1400000 | O23: =H23+J23+K23+L23+M23+N23 -> 1400000 | P23: 5100000 | Q23: =P23-O23 -> 3700000
A24: 17 | B24: 42483 | C24: Trả hàng NK sáng 25/04 | D24: TWCU2047781 | E24: KCN VSIP, Thủy Nguyên, Hải Phòng | J24: 200000 | O24: =H24+J24+K24+L24+M24+N24 -> 200000 | P24: 1750000 | Q24: =P24-O24 -> 1550000
A25: 18 | B25: 42484 | C25: Trả hàng NK chiều 25/04 | D25: TWCU2041079 | E25: KCN VSIP, Thủy Nguyên, Hải Phòng | J25: 200000 | O25: =H25+J25+K25+L25+M25+N25 -> 200000 | P25: 1750000 | Q25: =P25-O25 -> 1550000
A26: 19 | B26: 42485 | C26: Đóng hàng XK sáng 26/04 | D26: TEMU6567764 | E26: Phả Lại, Hải Dương | J26: 740000 | O26: =H26+J26+K26+L26+M26+N26 -> 740000 | P26: 3240000 | Q26: =P26-O26 -> 2500000
A27: 20 | B27: 42485 | C27: Đóng hàng XK sáng 27/04 | D27: KMTU9281484 | E27: Phả Lại, Hải Dương | G27: 580 | H27: 6014600 | J27: 740000 | O27: =H27+J27+K27+L27+M27+N27 -> 6754600 | P27: 3240000 | Q27: =P27-O27 -> -3514600
A28: 21 | B28: 42487 | C28: Đóng hàng XK sáng 28/04 | D28: DFSU1101658 | E28: Mỹ Hào, Hưng Yên | J28: 890000 | O28: =H28+J28+K28+L28+M28+N28 -> 890000 | P28: 3090909 | Q28: =P28-O28 -> 2200909
A29: 22 | B29: 42488 | C29: Đóng hàng chè sáng 29/04 | D29: APZU3595025 | E29: Đại Từ, Thái Nguyên | J29: 1680000 | O29: =H29+J29+K29+L29+M29+N29 -> 1680000 | P29: 5400000 | Q29: =P29-O29 -> 3720000
A30: 23 | B30: 42494 | C30: Trả hàng NK sáng 30/04 | D30: SITU9097115 | E30: KCN VSIP, Thủy Nguyên, Hải Phòng | J30: 200000 | O30: =H30+J30+K30+L30+M30+N30 -> 200000 | P30: 1750000 | Q30: =P30-O30 -> 1550000
O31: =H31+J31+K31+L31+M31+N31 -> 0 | Q31: =P31-O31 -> 0
C32: Phí gửi xe T4/2016 | L32: 1320000 | O32: =H32+J32+K32+L32+M32+N32 -> 1320000 | Q32: =P32-O32 -> -1320000
C33: Lương + thưởng 30/4 | K33: 9500000 | O33: =H33+J33+K33+L33+M33+N33 -> 9500000 | Q33: =P33-O33 -> -9500000
C34: Mua chắn bùn xe | L34: 400000 | O34: =N34+M34+L34+K34+J34+H34 -> 400000 | Q34: =P34-O34 -> -400000
C35: Thay săm + yếm xe | L35: 520000 | O35: =N35+M35+L35+K35+J35+H35 -> 520000 | Q35: =P35-O35 -> -520000
C36: Nộp lệ phí sử dụng đường bộ | N36: 17303000 | O36: =N36+M36+L36+K36+J36+H36 -> 17303000 | Q36: =P36-O36 -> -17303000
C37: Lệ phí đăng kiểm đầu kéo | L37: 610000 | O37: =N37+M37+L37+K37+J37+H37 -> 610000 | Q37: =P37-O37 -> -610000
C38: Tiền dịch vụ đăng kiểm | L38: 200000 | O38: =N38+M38+L38+K38+J38+H38 -> 200000 | Q38: =P38-O38 -> -200000
C39: Phí bảo hiểm | N39: =26815000-3200000 -> 23615000 | O39: =N39+M39+L39+K39+J39+H39 -> 23615000 | Q39: =P39-O39 -> -23615000
C40: Mua 1/2 phuy nhớt máy | N40: 6000000 | O40: =N40+M40+L40+K40+J40+H40 -> 6000000 | Q40: =P40-O40 -> -6000000
O41: =N41+M41+L41+K41+J41+H41 -> 0 | Q41: =P41-O41 -> 0
A42: TỔNG CỘNG | G42: =SUM(G7:G41) -> 2080 | H42: =SUM(H7:H41) -> 20819600 | I42: =SUM(I7:I41) -> 0 | J42: =SUM(J7:J41) -> 26440000 | K42: =SUM(K7:K41) -> 9500000 | L42: =SUM(L7:L41) -> 3050000 | M42: =SUM(M7:M41) -> 0 | N42: =SUM(N7:N41) -> 46918000 | ... Q42: =SUM(Q7:Q41) -> -1888509

Sheet 05-2016
A1: Bảng theo dõi doanh thu/ chi phí theo phương tiện vận chuyển
A2: Biển số xe: 15C - 136.31
A3: THÁNG 05.2016
A5: STT | B5: Ngày tháng | C5: Diễn giải | D5: Số cont | E5: Tuyến đường vận chuyển | F5: Khoảng cách (km) | G5: Chi phí | O5: Tổng chi phí | P5: Cước vận chuyển | Q5: Lợi nhuận gộp
G6: Dầu (l) | H6: Dầu (đồng) | I6: Mức TTBQ | J6: Đi đường | K6: Lương lx | L6: Sửa chữa | M6: Lốp | N6: Dầu máy
O7: =H7+J7+K7+L7+M7+N7 -> 0 | Q7: =P7-O7 -> 0
A8: 1 | B8: 42494 | C8: Trả hàng KH sáng 02/05 | D8: TRHU3321019 | E8: KCN Yên Phong, Bắc Ninh | G8: 455 | H8: 4718350 | J8: 1700000 | O8: =H8+J8+K8+L8+M8+N8 -> 6418350 | P8: 3100000 | Q8: =P8-O8 -> -3318350
A9: 2 | B9: 42494 | C9: Đóng hàng KH sáng 02/05 | D9: CAXU6725908 | E9: Tam Điệp, Ninh Bình | J9: 0 | O9: =H9+J9+K9+L9+M9+N9 -> 0 | P9: 2800000 | Q9: =P9-O9 -> 2800000
A10: 3 | B10: 42494 | C10: Đóng hàng chè sáng 05/05 | D10: DFSU4106838 | E10: TT Trần Phú, Văn Chấn, Yên Bái | J10: 2400000 | O10: =H10+J10+K10+L10+M10+N10 -> 2400000 | P10: 10909091 | Q10: =P10-O10 -> 8509091
A11: 4 | B11: 42495 | C11: Trả hàng 06/05 | D11: VSLU4495495 | E11: KCN Hà Bình Phương, Thường Tín, HN | J11: 1700000 | O11: =H11+J11+K11+L11+M11+N11 -> 1700000 | P11: 5700000 | Q11: =P11-O11 -> 4000000
A12: 5 | B12: 42495 | C12: Đóng hàng KH 06/05 | D12: KCSU3062908 | E12: Tam Điệp, Ninh Bình | J12: 0 | O12: =H12+J12+K12+L12+M12+N12 -> 0 | P12: 0 | Q12: =P12-O12 -> 0
A13: 6 | B13: 42496 | C13: Trả hàng NK sáng 07/05 | D13: SITU2938004 | E13: Cảng Phà Đen, Hà Nội | J13: 1700000 | O13: =H13+J13+K13+L13+M13+N13 -> 1700000 | P13: 4300000 | Q13: =P13-O13 -> 2600000
A14: 7 | B14: 42496 | C14: Đóng hàng KH chiều 07/05 | D14: WFHU1358322 | E14: Phủ Lý, Hà Nam | J14: 0 | O14: =H14+J14+K14+L14+M14+N14 -> 0 | P14: 2600000 | Q14: =P14-O14 -> 2600000
A15: 8 | B15: 42499 | C15: Trả hàng sáng 09/05 | D15: DRYU3093400 | E15: Gia Lâm, Hà Nội | J15: 1700000 | O15: =H15+J15+K15+L15+M15+N15 -> 1700000 | P15: 5600000 | Q15: =P15-O15 -> 3900000
A16: 9 | B16: 42499 | C16: Đóng hàng KH chiều 09/05 | D16: KCSU2104133 | E16: Tam Điệp, Ninh Bình | J16: 0 | O16: =H16+J16+K16+L16+M16+N16 -> 0 | P16: 0 | Q16: =P16-O16 -> 0
A17: 10 | B17: 42500 | C17: Trả hàng + đóng hàng KH 11/05 | D17: VSLU1045302 | E17: KCN Đại Đồng, Bắc Ninh - Hà Nam | G17: 600 | H17: 6612000 | J17: 1700000 | O17: =H17+J17+K17+L17+M17+N17 -> 8312000 | P17: 5500000 | Q17: =P17-O17 -> -2812000
A18: 11 | B18: 42501 | C18: Trả hàng NK sáng 12/05 | D18: TEMU4647372 | E18: KCN VSIP, Thủy Nguyên, Hải Phòng | J18: 200000 | O18: =H18+J18+K18+L18+M18+N18 -> 200000 | P18: 1400000 | Q18: =P18-O18 -> 1200000
A19: 12 | B19: 42502 | C19: Đóng hàng chè sáng 13/05 | D19: APHU7326470 | E19: Phủ Lỗ, Sóc Sơn, Hà Nội | J19: 1280000 | O19: =H19+J19+K19+L19+M19+N19 -> 1280000 | P19: 4400000 | Q19: =P19-O19 -> 3120000
A20: 13 | B20: 42503 | C20: Trả hàng + đóng hàng KH 14/05 | D20: DRYU3094773 | E20: KCN Quế Võ, Bắc Ninh - Hà Nam | J20: 1700000 | O20: =H20+J20+K20+L20+M20+N20 -> 1700000 | P20: 5500000 | Q20: =P20-O20 -> 3800000
A21: 14 | B21: 42507 | C21: Trả hàng NK sáng 18/05 | D21: SITU2850818 | E21: Cảng Phà Đen, Hà Nội | J21: 1280000 | O21: =H21+J21+K21+L21+M21+N21 -> 1280000 | P21: 4300000 | Q21: =P21-O21 -> 3020000
A22: 15 | B22: 42508 | C22: Trả hàng + đóng hàng KH 19/05 | D22: GMDU2415755 | E22: Văn Lâm, Hưng Yên - Hà Nam | J22: 1400000 | O22: =H22+J22+K22+L22+M22+N22 -> 1400000 | P22: 5100000 | Q22: =P22-O22 -> 3700000
A23: 16 | B23: 42511 | C23: Trả hàng chiều 21/05 | D23: TCNU9494759 | E23: Chương Mỹ, Hà Nội | G23: 590 | H23: 6667000 | J23: 1280000 | O23: =H23+J23+K23+L23+M23+N23 -> 7947000 | P23: 4600000 | Q23: =P23-O23 -> -3347000
A24: 17 | B24: 42513 | C24: Trả hàng + đóng hàng KH 24/05 | D24: DRYU3095574 | E24: KCN Hà Bình Phương, Hà Nội - Hà Nam | J24: 1700000 | O24: =H24+J24+K24+L24+M24+N24 -> 1700000 | P24: 5600000 | Q24: =P24-O24 -> 3900000
A25: 18 | B25: 42514 | C25: Trả hàng NK tối 24/05 | D25: EISU9126480 | E25: Ngọc Hồi, Hà Nội | J25: 1280000 | O25: =H25+J25+K25+L25+M25+N25 -> 1280000 | P25: 4300000 | Q25: =P25-O25 -> 3020000
A26: 19 | B26: 42515 | C26: Trả hàng NK chiều 26/05 | D26: WFHU1352495 | E26: Mỹ Bằng, Yên Sơn, Tuyên Quang | J26: 2600000 | O26: =H26+J26+K26+L26+M26+N26 -> 2600000 | P26: 6318182 | Q26: =P26-O26 -> 3718182
A27: 20 | B27: 42515 | C27: Đóng hàng bột đá 27/05 | D27: WFHU1352495 | E27: Phủ Lý, Hà Nam | J27: 0 | O27: =H27+J27+K27+L27+M27+N27 -> 0 | P27: 2600000 | Q27: =P27-O27 -> 2600000
A28: 21 | B28: 42518 | C28: Trả hàng NK chiều 30/05 | D28: DRYU3094984 | E28: Tân Sơn, Phú Thọ | J28: 2000000 | O28: =H28+J28+K28+L28+M28+N28 -> 2000000 | P28: 6000000 | Q28: =P28-O28 -> 4000000
A29: 22 | B29: 42520 | C29: Đóng hàng bột đá 31/05 | D29: DRYU3094984 | E29: Phủ Lý, Hà Nam | G29: 506 | H29: 5717800 | J29: 0 | O29: =H29+J29+K29+L29+M29+N29 -> 5717800 | P29: 2600000 | Q29: =P29-O29 -> -3117800
C30: Phí gửi xe T5/2016 | L30: 1320000 | O30: =H30+J30+K30+L30+M30+N30 -> 1320000 | Q30: =P30-O30 -> -1320000
C31: Lương 05.2016 | K31: 8653846 | O31: =H31+J31+K31+L31+M31+N31 -> 8653846 | Q31: =P31-O31 -> -8653846
C32: Thanh toán phí dịch vụ duy trì máy chủ + phí đường truyền | L32: 1254000 | O32: =H32+J32+K32+L32+M32+N32 -> 1254000 | Q32: =P32-O32 -> -1254000
C33: Lọc nhớt + lọc dầu xe 15C136.31 | N33: 2950000 | O33: =H33+J33+K33+L33+M33+N33 -> 2950000 | Q33: =P33-O33 -> -2950000
C34: Thanh toán tiền sửa xe 15C136.31 | L34: 5060000 | O34: =H34+J34+K34+L34+M34+N34 -> 5060000 | Q34: =P34-O34 -> -5060000
C35: Bơm mỡ xe 15C136.31 | L35: 180000 | O35: =H35+J35+K35+L35+M35+N35 -> 180000 | Q35: =P35-O35 -> -180000
C36: Trả tiền sửa xe 15C136.31 ( Xử lí ống dầu) | L36: 400000 | O36: =H36+J36+K36+L36+M36+N36 -> 400000 | Q36: =P36-O36 -> -400000
O37: =H37+J37+K37+L37+M37+N37 -> 0 | Q37: =P37-O37 -> 0
O38: =H38+J38+K38+L38+M38+N38 -> 0 | Q38: =P38-O38 -> 0
A39: TỔNG CỘNG | G39: =SUM(G7:G38) -> 2151 | H39: =SUM(H7:H38) -> 23715150 | I39: =SUM(I7:I38) -> 0 | J39: =SUM(J7:J38) -> 25620000 | K39: =SUM(K7:K38) -> 8653846 | L39: =SUM(L7:L38) -> 8214000 | M39: =SUM(M7:M38) -> 0 | N39: =SUM(N7:N38) -> 2950000 | ... Q39: =SUM(Q7:Q38) -> 24074277

Sheet 06-2016
A1: Bảng theo dõi doanh thu/ chi phí theo phương tiện vận chuyển
A2: Biển số xe: 15C - 136.31
A3: THÁNG 06.2016
A5: STT | B5: Ngày tháng | C5: Diễn giải | D5: Số cont | E5: Tuyến đường vận chuyển | F5: Khoảng cách (km) | G5: Chi phí | O5: Tổng chi phí | P5: Cước vận chuyển | Q5: Lợi nhuận gộp
G6: Dầu (l) | H6: Dầu (đồng) | I6: Mức TTBQ | J6: Đi đường | K6: Lương lx | L6: Sửa chữa | M6: Lốp | N6: Dầu máy
O7: =H7+J7+K7+L7+M7+N7 -> 0 | Q7: =P7-O7 -> 0
A8: 1 | B8: 42524 | C8: Trả hàng Vietsun sáng 03/06 | D8: DRYU9718964 | E8: Mỹ Hào, Hưng Yên | J8: 890000 | O8: =H8+J8+K8+L8+M8+N8 -> 890000 | P8: 2663636 | Q8: =P8-O8 -> 1773636 | R8: 2663636
A9: 2 | B9: 42525 | C9: Trả hàng NK tối 04/06 | D9: DFSU1146138 | E9: Long Biên, Hà Nội | J9: 1700000 | O9: =H9+J9+K9+L9+M9+N9 -> 1700000 | P9: 3200000 | Q9: =P9-O9 -> 1500000 | R9: 3200000
A10: 3 | B10: 42525 | C10: Đóng hàng KH 05/06 | D10: WFHU1356335 | E10: Phủ Lý, Hà Nam | O10: =H10+J10+K10+L10+M10+N10 -> 0 | P10: 2600000 | Q10: =P10-O10 -> 2600000 | R10: 2600000
A11: 4 | B11: 42527 | C11: Đóng hàng chè sáng 07/06 | D11: APZU3684307 | E11: Đồng Hỷ, Thái Nguyên | J11: 1680000 | O11: =H11+J11+K11+L11+M11+N11 -> 1680000 | P11: 5272727 | Q11: =P11-O11 -> 3592727 | R11: 5272727
A12: 5 | B12: 42528 | C12: Trả hàng + đóng hàng KH 08/06 | D12: CWFU3815507 | E12: Kim Động, Hưng Yên | G12: 450 | H12: 5355000 | J12: 1400000 | O12: =H12+J12+K12+L12+M12+N12 -> 6755000 | P12: 5200000 | Q12: =P12-O12 -> -1555000 | R12: 5200000
A13: 6 | B13: 42528 | C13: Trả hàng + đóng hàng KH 08/06 | D13: DRYU3094562 | E13: Phủ Lý, Hà Nam | O13: =H13+J13+K13+L13+M13+N13 -> 0 | P13: 0 | Q13: =P13-O13 -> 0 | R13: 0
A14: 7 | B14: 42528 | C14: Đóng hàng chè sáng 09/06 | D14: WHSU2022617 | E14: TT Trần Phú, Văn Chấn, Yên Bái | J14: 2200000 | O14: =H14+J14+K14+L14+M14+N14 -> 2200000 | P14: 10454545 | Q14: =P14-O14 -> 8254545 | R14: 10454545
A15: 8 | B15: 42530 | C15: Trả hàng + đóng hàng KH 10/06 | D15: CAIU2094058 | E15: Nam Định - Hà Nam | J15: 1200000 | O15: =H15+J15+K15+L15+M15+N15 -> 1200000 | P15: 5200000 | Q15: =P15-O15 -> 4000000 | R15: 5200000
A16: 9 | B16: 42532 | C16: Đóng hàng chè sáng 12/06 | D16: APHU6821226 | E16: Phủ Lỗ, Sóc Sơn, Hà Nội | J16: 1280000 | O16: =H16+J16+K16+L16+M16+N16 -> 1280000 | P16: 4400000 | Q16: =P16-O16 -> 3120000 | R16: 4400000
A17: 10 | B17: 42534 | C17: Trả hàng + đóng hàng KH 14/06 | D17: WFHU1352793 | E17: Như Quỳnh, Hưng Yên - Hà Nam | J17: 1700000 | O17: =H17+J17+K17+L17+M17+N17 -> 1700000 | P17: 5200000 | Q17: =P17-O17 -> 3500000 | R17: 5200000
A18: 11 | B18: 42535 | C18: Trả hàng sáng 15/06 | D18: DRYU9174644 | E18: Ngũ Hiệp, Thanh Trì, Hà Nội | G18: 480 | H18: 5712000 | J18: 1280000 | O18: =H18+J18+K18+L18+M18+N18 -> 6992000 | P18: 3327273 | Q18: =P18-O18 -> -3664727 | R18: 3327273
A19: 12 | B19: 42536 | C19: Trả hàng + đóng hàng KH 16/06 | D19: TRHU1344530 | E19: KCN Phố Nối, Hưng Yên - Hà Nam | J19: 1400000 | O19: =H19+J19+K19+L19+M19+N19 -> 1400000 | P19: 5000000 | Q19: =P19-O19 -> 3600000 | R19: 5000000
A20: 13 | B20: 42537 | C20: Trả hàng sáng 17/06 | D20: WFHU5141778 | E20: Phú Lãm, Hà Đông, Hà Nội | J20: 1280000 | O20: =H20+J20+K20+L20+M20+N20 -> 1280000 | P20: 3572727 | Q20: =P20-O20 -> 2292727 | R20: 3572727
A21: 14 | B21: 42538 | C21: Trả hàng + đóng hàng KH 18/06 | D21: SEGU1220251 | E21: Xuân Quang, Văn Giang, Hưng Yên | J21: 1700000 | O21: =H21+J21+K21+L21+M21+N21 -> 1700000 | P21: 5800000 | Q21: =P21-O21 -> 4100000 | R21: 5800000
A22: 15 | B22: 42538 | C22: Trả hàng + đóng hàng KH 18/06 | D22: MSCU2930384 | E22: Phủ Lý, Hà Nam | O22: =H22+J22+K22+L22+M22+N22 -> 0 | P22: 0 | Q22: =P22-O22 -> 0 | R22: 0
A23: 16 | B23: 42549 | C23: Trả hàng + đóng hàng KH 29/06 | D23: WHLU2311764 | E23: KCN Đại Đồng, Bắc Ninh - Hà Nam | G23: 146 | H23: 2057890 | J23: 1700000 | O23: =H23+J23+K23+L23+M23+N23 -> 3757890 | P23: 5500000 | Q23: =P23-O23 -> 1742110 | R23: 5500000
A24: 17 | B24: 42550 | C24: Trả hàng sáng 30/06 | D24: VSLU2000600 | E24: KCN Đại Đồng, Bắc Ninh | J24: 1700000 | O24: =H24+J24+K24+L24+M24+N24 -> 1700000 | P24: 5400000 | Q24: =P24-O24 -> 3700000 | R24: 5400000
A25: 18 | B25: 42550 | C25: Đóng hàng KH chiều 30/06 | D25: DRYU3093930 | E25: Phủ Lý, Hà Nam | O25: =H25+J25+K25+L25+M25+N25 -> 0 | P25: 0 | Q25: =P25-O25 -> 0 | R25: 0
A26: 19 | B26: 42551 | G26: 130 | H26: 1597700 | O26: =H26+J26+K26+L26+M26+N26 -> 1597700 | Q26: =P26-O26 -> -1597700
C27: Lương 06.2016 | G27: 130 | H27: =G27*12290 -> 1597700 | K27: =5538462+692308 -> 6230770 | O27: =H27+J27+K27+L27+M27+N27 -> 7828470 | Q27: =P27-O27 -> -7828470
C28: Nộp tiền biên bản phạt xe 15C136.31 lấy đăng kiểm đầu kéo về | L28: 350000 | O28: =H28+J28+K28+L28+M28+N28 -> 350000 | Q28: =P28-O28 -> -350000
C29: Sửa chữa xe 15C136.31 | L29: 200000 | O29: =H29+J29+K29+L29+M29+N29 -> 200000 | Q29: =P29-O29 -> -200000
C30: Nộp tiền biên bản lấy đăng kiểm Romooc xe 15C136.31 về | L30: 900000 | O30: =H30+J30+K30+L30+M30+N30 -> 900000 | Q30: =P30-O30 -> -900000
C31: Sử̉a xe 15C136.31 | L31: 350000 | O31: =H31+J31+K31+L31+M31+N31 -> 350000 | Q31: =P31-O31 -> -350000
C32: Chuyển bình dầu diesel xe 15C136.31 | L32: 100000 | O32: =H32+J32+K32+L32+M32+N32 -> 100000 | Q32: =P32-O32 -> -100000
C33: Căn chỉnh cầu trục xe 15C136.31 | L33: 490000 | O33: =H33+J33+K33+L33+M33+N33 -> 490000 | Q33: =P33-O33 -> -490000
C34: Mua 4 bình ắc quy 100A cho xe 15C136.31 | L34: 7800000 | O34: =H34+J34+K34+L34+M34+N34 -> 7800000 | Q34: =P34-O34 -> -7800000
C35: Thu lại tiền bán 3 bình ắc quy xe 15C136.31 | O35: =H35+J35+K35+L35+M35+N35 -> 0 | Q35: 900000
C36: Phí gửi xe T06.2016 | L36: 1320000 | O36: =H36+J36+K36+L36+M36+N36 -> 1320000 | Q36: =P36-O36 -> -1320000
A37: TỔNG CỘNG | G37: =SUM(G7:G36) -> 1336 | H37: =SUM(H7:H36) -> 16320290 | I37: =SUM(I7:I36) -> 0 | J37: =SUM(J7:J36) -> 21110000 | K37: =SUM(K7:K36) -> 6230770 | L37: =SUM(L7:L36) -> 11510000 | M37: =SUM(M7:M36) -> 0 | N37: =SUM(N7:N36) -> 0 | ... Q37: =SUM(Q7:Q36) -> 18519848

Sheet 07-2016
A1: Bảng theo dõi doanh thu/ chi phí theo phương tiện vận chuyển
A2: Biển số xe: 15C - 136.31
A3: THÁNG 07.2016
A5: STT | B5: Ngày tháng | C5: Diễn giải | D5: Số cont | E5: Tuyến đường vận chuyển | F5: Khoảng cách (km) | G5: Chi phí | O5: Tổng chi phí | P5: Cước vận chuyển | Q5: Lợi nhuận gộp
G6: Dầu (l) | H6: Dầu (đồng) | I6: Mức TTBQ | J6: Đi đường | K6: Lương lx | L6: Sửa chữa | M6: Lốp | N6: Dầu máy
O7: =H7+J7+K7+L7+M7+N7 -> 0 | Q7: =P7-O7 -> 0
A8: 1 | B8: 42551 | C8: Trả hàng sáng 01/07 | D8: VSLU4490472 | E8: KCN Đại Đồng, Bắc Ninh | J8: 1700000 | O8: =H8+J8+K8+L8+M8+N8 -> 1700000 | P8: 5600000 | Q8: =P8-O8 -> 3900000
A9: 2 | B9: 42551 | C9: Đóng hàng KH chiều 01/07 | D9: EGSU3027980 | E9: Tam Điệp, Ninh Bình | J9: 0 | O9: =H9+J9+K9+L9+M9+N9 -> 0 | P9: 0 | Q9: =P9-O9 -> 0
A10: 3 | B10: 42555 | C10: Trả hàng + đóng hàng KH 05/07 | D10: DRYU2924433 | E10: KCN Đại Đồng, Bắc Ninh - Hà Nam | G10: 150 | H10: 1843500 | J10: 1700000 | O10: =H10+J10+K10+L10+M10+N10 -> 3543500 | P10: 5500000 | Q10: =P10-O10 -> 1956500
A11: 4 | B11: 42556 | C11: Trả hàng + đóng hàng KH 06/07 | D11: TCKU3475248 | E11: KCN Đại Đồng, Bắc Ninh - Hà Nam | G11: 130 | H11: 1597700 | J11: 1700000 | O11: =H11+J11+K11+L11+M11+N11 -> 3297700 | P11: 5500000 | Q11: =P11-O11 -> 2202300
A12: 5 | B12: 42557 | C12: Trả hàng + đóng hàng KH 07/07 | D12: DRYU2902054 | E12: Như Quỳnh, Hưng Yên - Hà Nam | G12: 156 | H12: 1917240 | J12: 1700000 | O12: =H12+J12+K12+L12+M12+N12 -> 3617240 | P12: 5200000 | Q12: =P12-O12 -> 1582760
A13: 6 | B13: 42557 | C13: Đóng hàng xỉ bọt sáng 08/07 | D13: BMOU6364001 | E13: Phả Lại, Hải Dương | G13: 121 | H13: 1487090 | J13: 750000 | O13: =H13+J13+K13+L13+M13+N13 -> 2237090 | P13: 3240000 | Q13: =P13-O13 -> 1002910
A14: 7 | B14: 42559 | C14: Trả hàng NK sáng 09/07 | D14: SEGU1933674 | E14: Xuân Quang, Văn Giang, Hưng Yên | G14: 74 | H14: 909460 | J14: 1700000 | O14: =H14+J14+K14+L14+M14+N14 -> 2609460 | P14: 3200000 | Q14: =P14-O14 -> 590540
A15: 8 | B15: 42559 | C15: Trả hàng chiều 09/07 | D15: DRYU3095825 | E15: Phủ Lý, Hà Nam | G15: 131 | H15: 1609990 | J15: 0 | O15: =H15+J15+K15+L15+M15+N15 -> 1609990 | P15: 2600000 | Q15: =P15-O15 -> 990010
A16: 9 | B16: 42562 | C16: Trả hàng + đóng hàng KH 11/07 | D16: DRYU3093951 | E16: Cảng Phà Đen, Hà Nội - Hà Nam | J16: 1700000 | O16: =H16+J16+K16+L16+M16+N16 -> 1700000 | P16: 5500000 | Q16: =P16-O16 -> 3800000
A17: 10 | B17: 42562 | C17: Trả hàng + đóng hàng KH sáng 12/07 | D17: VSLU4493810 | E17: Mỹ Hào, Hưng Yên - Hà Nam | J17: 1400000 | O17: =H17+J17+K17+L17+M17+N17 -> 1400000 | P17: 5000000 | Q17: =P17-O17 -> 3600000
A18: 11 | B18: 42563 | C18: Trả hàng Vietsun sáng 13/07 | D18: DRYU9968726 | E18: KCN Tiên Sơn, Bắc Ninh - Hà Nam | G18: 266 | H18: 3269140 | J18: 1280000 | O18: =H18+J18+K18+L18+M18+N18 -> 4549140 | P18: 3754545 | Q18: =P18-O18 -> -794595
A19: 12 | B19: 42564 | C19: Đóng hàng KH Vietsun chiều 13/07 | D19: DRYU9968726 | E19: KCN Tiên Sơn, Bắc Ninh - Hà Nam | J19: 0 | O19: =H19+J19+K19+L19+M19+N19 -> 0 | P19: 1636364 | Q19: =P19-O19 -> 1636364
A20: 13 | B20: 42564 | C20: Đóng hàng chè sáng 14/07 | D20: DFSU3077735 | E20: Mộc Châu, Sơn La - Phủ Lỗ, Sóc Sơn | J20: 3000000 | O20: =H20+J20+K20+L20+M20+N20 -> 3000000 | P20: 14090909 | Q20: =P20-O20 -> 11090909
A21: 14 | B21: 42568 | C21: Trả hàng + đóng hàng KH 18/07 | D21: DRYU2923099 | E21: KCN Ngọc Hồi, Thanh Trì, HN - Hà Nam | G21: 326 | H21: 4006540 | J21: 1700000 | O21: =H21+J21+K21+L21+M21+N21 -> 5706540 | P21: 5500000 | Q21: =P21-O21 -> -206540
A22: 15 | B22: 42569 | C22: Trả hàng Vietsun sáng 19/07 | D22: DRYU9168488 | E22: KCN Đồng Văn, Duy Tiên, Hà Nam | J22: 1280000 | O22: =H22+J22+K22+L22+M22+N22 -> 1280000 | P22: 3545455 | Q22: =P22-O22 -> 2265455
A23: 16 | B23: 42570 | C23: Trả hàng + đóng hàng KH 20/07 | D23: DRYU3094840 | E23: Xuân Mai, Hà Nội - Hà Nam | J23: 1600000 | O23: =H23+J23+K23+L23+M23+N23 -> 1600000 | P23: 5800000 | Q23: =P23-O23 -> 4200000
A24: 17 | B24: 42571 | C24: Đóng hàng chè sáng 21/07 | D24: SEGU4243728 | E24: Mỹ Bằng, Yên Sơn, Tuyên Quang | G24: 190 | H24: 2335100 | J24: 1950000 | O24: =H24+J24+K24+L24+M24+N24 -> 4285100 | P24: 8181818 | Q24: =P24-O24 -> 3896718
A25: 18 | B25: 42572 | C25: Trả hàng + đóng hàng KH 22/07 | D25: DRYU2853242 | E25: KCN Ngọc Hồi, Hà Nội - Hà Nam | J25: 1600000 | O25: =H25+J25+K25+L25+M25+N25 -> 1600000 | P25: 5200000 | Q25: =P25-O25 -> 3600000
A26: 19 | B26: 42573 | C26: Trả hàng + đóng hàng KH 23/07 | D26: GMDU2141124 | E26: Hà Đông, Hà Nội - Hà Nam | G26: 320 | H26: 3932800 | J26: 1600000 | O26: =H26+J26+K26+L26+M26+N26 -> 5532800 | P26: 5300000 | Q26: =P26-O26 -> -232800
A27: 20 | B27: 42575 | C27: Trả hàng NK sáng 24/07 | D27: DYLU2130057 | E27: Bát Tràng, Hà Nội | G27: 232 | H27: 2851280 | J27: 1600000 | O27: =H27+J27+K27+L27+M27+N27 -> 4451280 | P27: 5600000 | Q27: =P27-O27 -> 1148720
A28: 21 | B28: 42575 | C28: Đóng hàng KH chiều 24/07 | D28: TRHU1344490 | E28: Phủ Lý, Hà Nam | J28: 0 | O28: =H28+J28+K28+L28+M28+N28 -> 0 | P28: 0 | Q28: =P28-O28 -> 0
A29: 22 | B29: 42576 | C29: Đóng hàng chè sáng 26/07 | D29: PONU7558788 | E29: Mỹ Bằng, Yên Sơn, Tuyên Quang | J29: 1950000 | O29: =H29+J29+K29+L29+M29+N29 -> 1950000 | P29: 8181818 | Q29: =P29-O29 -> 6231818
A30: 23 | B30: 42577 | C30: Trả hàng + đóng hàng KH 27/07 | D30: VSLU1046572 | E30: KCN Đại Đồng, Bắc Ninh - Hà Nam | J30: 1600000 | O30: =H30+J30+K30+L30+M30+N30 -> 1600000 | P30: 5200000 | Q30: =P30-O30 -> 3600000
A31: 24 | B31: 42578 | C31: Trả hàng sáng 28/07 | D31: UETU2229045 | E31: cảng Phà Đen, Hà Nội | G31: 295 | H31: 3625550 | J31: 1600000 | O31: =H31+J31+K31+L31+M31+N31 -> 5225550 | P31: 4000000 | Q31: =P31-O31 -> -1225550
A32: 25 | B32: 42578 | C32: Đóng hàng vôi KH chiều 28/07 | D32: WHLU2934846 | E32: Phủ Lý, Hà Nam | G32: 270 | H32: 3318300 | J32: 0 | O32: =H32+J32+K32+L32+M32+N32 -> 3318300 | P32: 2400000 | Q32: =P32-O32 -> -918300
A33: 26 | B33: 42581 | C33: Trả hàng sáng 30/07 | D33: WHLU5381385 | E33: KCN Tiên Sơn, Bắc Ninh | J33: 830000 | O33: =H33+J33+K33+L33+M33+N33 -> 830000 | P33: 3500000 | Q33: =P33-O33 -> 2670000
A34: 27 | B34: 42581 | C34: Trả hàng NK sáng 31/07 | D34: TSLU0534134 | E34: cảng Phà Đen, Hà Nội | G34: 162 | H34: =G34*12290 -> 1990980 | J34: 1230000 | O34: =H34+J34+K34+L34+M34+N34 -> 3220980 | P34: 4000000 | Q34: =P34-O34 -> 779020
C35: Lương 06.2016 | K35: =346154+2711000+5884615 -> 8941769 | O35: =H35+J35+K35+L35+M35+N35 -> 8941769 | Q35: =P35-O35 -> -8941769
C36: 2 texamatic (dầu bót lái) | N36: 240000 | O36: =H36+J36+K36+L36+M36+N36 -> 240000 | Q36: =P36-O36 -> -240000
C37: Đóng số lốp xe thành 295/75R22.5 | L37: 1500000 | O37: =H37+J37+K37+L37+M37+N37 -> 1500000 | Q37: =P37-O37 -> -1500000
C38: Làm lốp, cứu hộ xe | L38: 450000 | O38: =H38+J38+K38+L38+M38+N38 -> 450000 | Q38: =P38-O38 -> -450000
C39: Thay motor gió | L39: 700000 | O39: =H39+J39+K39+L39+M39+N39 -> 700000 | Q39: =P39-O39 -> -700000
C40: Sửa bình gạt mưa | L40: 100000 | O40: =H40+J40+K40+L40+M40+N40 -> 100000 | Q40: =P40-O40 -> -100000
C41: Lắp đèn, phiếu, hàn cửa, thay đảo lốp, rửa xe | L41: 980000 | O41: =H41+J41+K41+L41+M41+N41 -> 980000 | Q41: =P41-O41 -> -980000
C42: Thay chốt cửa | L42: 2000000 | O42: =H42+J42+K42+L42+M42+N42 -> 2000000 | Q42: =P42-O42 -> -2000000
C43: Mua 01 quả săm+công thay | L43: 400000 | O43: =H43+J43+K43+L43+M43+N43 -> 400000 | Q43: =P43-O43 -> -400000
C44: Thay yếm xe | L44: 50000 | O44: =H44+J44+K44+L44+M44+N44 -> 50000 | Q44: =P44-O44 -> -50000
C45: Phí gửi xe T06.2016 | L45: 1320000 | O45: =H45+J45+K45+L45+M45+N45 -> 1320000 | Q45: =P45-O45 -> -1320000 | R45: LK
A46: TỔNG CỘNG | G46: =SUM(G7:G45) -> 2823 | H46: =SUM(H7:H45) -> 34694670 | I46: =SUM(I7:I45) -> 0 | J46: =SUM(J7:J45) -> 35170000 | K46: =SUM(K7:K45) -> 8941769 | L46: =SUM(L7:L45) -> 7500000 | M46: =SUM(M7:M45) -> 0 | N46: =SUM(N7:N45) -> 240000 | ... Q46: =SUM(Q7:Q45) -> 40684470 | R46: ='03-2016'!R41+'04-2016'!Q42+'05-2016'!Q39+'06-2016'!Q37+'07-2016'!Q46 -> 2.0550335e+08

Sheet 08-2016
A1: Bảng theo dõi doanh thu/ chi phí theo phương tiện vận chuyển
A2: Biển số xe: 15C - 136.31
A3: THÁNG 08.2016
A5: STT | B5: Ngày tháng | C5: Diễn giải | D5: Số cont | E5: Tuyến đường vận chuyển | F5: Khoảng cách (km) | G5: Chi phí | O5: Tổng chi phí | P5: Cước vận chuyển | Q5: Lợi nhuận gộp
G6: Dầu (l) | H6: Dầu (đồng) | I6: Mức TTBQ | J6: Đi đường | K6: Lương lx | L6: Sửa chữa | M6: Lốp | N6: Dầu máy
O7: =H7+J7+K7+L7+M7+N7 -> 0 | Q7: =P7-O7 -> 0
A8: 1 | B8: 42583 | C8: Đóng hàng XK sáng 02/08 | D8: OOLU8596845 | E8: KCN Châu Sơn, Phủ Lý, Hà Nam | J8: 950000 | O8: =H8+J8+K8+L8+M8+N8 -> 950000 | P8: 3600000 | Q8: =P8-O8 -> 2650000
A9: 2 | B9: 42585 | C9: Đóng hàng sáng 03/08 | D9: TCNU7387221 | E9: Phủ Lỗ, Sóc Sơn, Hà Nội | G9: 180 | H9: 2212200 | J9: 850000 | O9: =H9+J9+K9+L9+M9+N9 -> 3062200 | P9: 4200000 | Q9: =P9-O9 -> 1137800
A10: 3 | B10: 42585 | C10: Trả hàng sáng 04/08 | D10: UACU3600367 | E10: Thường Tín, Hà Nội | J10: 1600000 | O10: =H10+J10+K10+L10+M10+N10 -> 1600000 | P10: 3100000 | Q10: =P10-O10 -> 1500000
A11: 4 | B11: 42585 | C11: Đóng hàng KH chiều 04/08 | D11: DRYU3093632 | E11: Phủ Lý, Hà Nam | J11: 0 | O11: =H11+J11+K11+L11+M11+N11 -> 0 | P11: 2500000 | Q11: =P11-O11 -> 2500000
A12: 5 | B12: 42587 | C12: Trả hàng + đóng hàng KH 06/08 | D12: DRYU2853290 | E12: Văn Lâm, Hưng Yên - Hà Nam | J12: 1600000 | O12: =H12+J12+K12+L12+M12+N12 -> 1600000 | P12: 5000000
A13: 6 | B13: 42589 | C13: Trả hàng + đóng hàng KH 08/08 | D13: DRYU2923360 | E13: KCN Tiên Sơn, Bắc Ninh - Hà Nam | G13: 241 | H13: 2810060 | J13: 1600000 | O13: =H13+J13+K13+L13+M13+N13 -> 4410060 | P13: 5200000 | Q13: =P13-O13 -> 789940
A14: 7 | B14: 42590 | C14: Trả hàng + đóng hàng KH 09/08 | D14: VSLU3037712 | E14: KCN Đại Đồng Bắc Ninh - Hà Nam | J14: 1600000 | O14: =H14+J14+K14+L14+M14+N14 -> 1600000 | P14: 5200000 | Q14: =P14-O14 -> 3600000
A15: 8 | B15: 42591 | C15: Trả hàng + đóng hàng KH 10/08 | D15: WFHU1352725 | E15: KCN Đại Đồng, Bắc Ninh - Hà Nam | J15: 1600000 | O15: =H15+J15+K15+L15+M15+N15 -> 1600000 | P15: 5200000 | Q15: =P15-O15 -> 3600000
A16: 9 | B16: 42592 | C16: Đóng hàng chè chiều 11/08 | D16: FSCU8715530 | E16: Mỹ Bằng, Yên Sơn, Tuyên Quang | G16: 250 | H16: 2915000 | J16: 1950000 | O16: =H16+J16+K16+L16+M16+N16 -> 4865000 | P16: 8181818 | Q16: =P16-O16 -> 3316818
A17: 10 | B17: 42595 | C17: Trả hàng sáng 13/08 | D17: DYLU2111709 | E17: Bát Tràng, Hà Nội | G17: 309 | H17: 3602940 | J17: 1600000 | O17: =H17+J17+K17+L17+M17+N17 -> 5202940 | P17: 5600000 | Q17: =P17-O17 -> 397060
A18: 11 | B18: 42595 | C18: Đóng hàng bột đá chiều 13/08 | D18: DRYU2852225 | E18: Phủ Lý, Hà Nam | J18: 0 | O18: =H18+J18+K18+L18+M18+N18 -> 0 | P18: 0 | Q18: =P18-O18 -> 0
A19: 12 | B19: 42595 | C19: Trả hàng sáng 14/08 | D19: TEMU4705592 | E19: Bát Tràng, Hà Nội | J19: 1600000 | O19: =H19+J19+K19+L19+M19+N19 -> 1600000 | P19: 5600000 | Q19: =P19-O19 -> 4000000
A20: 13 | B20: 42595 | C20: Đóng hàng bột đá chiều 14/08 | D20: GMDU2403585 | E20: Phủ Lý, Hà Nam | J20: 0 | O20: =H20+J20+K20+L20+M20+N20 -> 0 | P20: 0 | Q20: =P20-O20 -> 0
A21: 14 | B21: 42597 | C21: Trả hàng + đóng hàng chè 16/08 | D21: TGHU7743514 | E21: Mỹ Bằng, Yên Sơn, Tuyên Quang | G21: 243 | H21: 2833380 | J21: 1950000 | O21: =H21+J21+K21+L21+M21+N21 -> 4783380 | P21: 8181818 | Q21: =P21-O21 -> 3398438
A22: 15 | B22: 42598 | C22: Trả hàng sáng 17/08 | D22: DRYU9590683 | E22: KCN Quế Võ, Bắc Ninh | J22: 830000 | O22: =H22+J22+K22+L22+M22+N22 -> 830000 | P22: 3381818 | Q22: =P22-O22 -> 2551818
A23: 16 | B23: 42599 | C23: Trả hàng + đóng hàng KH 18/08 | D23: DRYU2853200 | E23: Dị Sử, Mỹ Hào, Hưng Yên - Hà Nam | G23: 262 | H23: 3054920 | J23: 1370000 | O23: =H23+J23+K23+L23+M23+N23 -> 4424920 | P23: 4800000 | Q23: =P23-O23 -> 375080
A24: 17 | B24: 42600 | C24: Đóng hàng chè sáng 20/08 | D24: APHU7016540 | E24: Vân Hồ, Sơn La | J24: 3000000 | O24: =H24+J24+K24+L24+M24+N24 -> 3000000 | P24: 14090909 | Q24: =P24-O24 -> 11090909
A25: 18 | B25: 42604 | C25: Trả hàng sáng 22/08 | D25: DRYU9169910 | E25: Chương Mỹ, Hà Nội | G25: 134 | H25: 1595940 | J25: 2030000 | O25: =H25+J25+K25+L25+M25+N25 -> 3625940 | P25: 3854545 | Q25: =P25-O25 -> 228605
A26: 19 | B26: 42604 | C26: Đóng hàng KH chiều 22/08 | D26: DRYU9169910 | E26: KCN Tân Quang, Văn Lâm, Hưng Yên | J26: 0 | O26: =H26+J26+K26+L26+M26+N26 -> 0 | P26: 1953636 | Q26: =P26-O26 -> 1953636
A27: 20 | B27: 42604 | C27: Trả hàng + đóng hàng KH 23/08 | D27: DRYU3026070 | E27: Thanh Trì, Hà Nội - Hà Nam | G27: 221 | H27: 2632110 | J27: 1600000 | O27: =H27+J27+K27+L27+M27+N27 -> 4232110 | P27: 5200000 | Q27: =P27-O27 -> 967890
A28: 21 | B28: 42605 | C28: Trả hàng + đóng hàng KH 24/08 | D28: WFHU1356211 | E28: Dị Sử, Mỹ Hào, Hưng Yên - Hà Nam | J28: 1300000 | O28: =H28+J28+K28+L28+M28+N28 -> 1300000 | P28: 4800000 | Q28: =P28-O28 -> 3500000
A29: 22 | B29: 42607 | C29: Đóng hàng 25/08 | D29: KMTU7374206 | E29: KCN VSIP Hải Phòng | G29: 219.48 | H29: 2614007 | J29: 200000 | O29: =H29+J29+K29+L29+M29+N29 -> 2814007 | P29: 1400000 | Q29: =P29-O29 -> -1414007
A30: 23 | B30: 42607 | C30: Trả hàng Vietsun sáng 26/08 | D30: DRYU9718157 | E30: KCN Đồng Văn, Hà Nam | J30: 1020000 | O30: =H30+J30+K30+L30+M30+N30 -> 1020000 | P30: 3545455 | Q30: =P30-O30 -> 2525455
A31: 24 | B31: 42608 | C31: Trả hàng + đóng hàng KH 27/08 | D31: WFHU1352710 | E31: KCN Đại Đồng, Bắc Ninh - Hà Nam | G31: 229 | H31: 2727390 | J31: 1600000 | O31: =H31+J31+K31+L31+M31+N31 -> 4327390 | P31: 5200000 | Q31: =P31-O31 -> 872610
A32: 25 | B32: 42611 | C32: Trả hàng sáng 30/08 | D32: WFHU5142265 | E32: KCN Đồng Văn, Hà Nam | J32: 950000 | O32: =H32+J32+K32+L32+M32+N32 -> 950000 | P32: 3545455 | Q32: =P32-O32 -> 2595455
A33: 26 | B33: 42611 | C33: Đóng hàng xỉ bọt 31/08 | D33: SKHU9202599 | E33: Phả Lại, Hải Dương | J33: 690000 | O33: =H33+J33+K33+L33+M33+N33 -> 690000 | P33: 3181818 | Q33: =P33-O33 -> 2491818
O34: =H34+J34+K34+L34+M34+N34 -> 0 | Q34: =P34-O34 -> 0
C35: Thay cao su tay giằng móc, DV căn chỉnh móc xe | L35: 2170000 | O35: =H35+J35+K35+L35+M35+N35 -> 2170000 | Q35: =P35-O35 -> -2170000
C36: Lọc dầu nhớt | L36: 2780000 | O36: =H36+J36+K36+L36+M36+N36 -> 2780000 | Q36: =P36-O36 -> -2780000
C37: Phí gửi xe tháng 08.2016 | L37: 1320000 | O37: =H37+J37+K37+L37+M37+N37 -> 1320000 | Q37: =P37-O37 -> -1320000
C38: Thanh toán tiền sửa xe 15C-136.31 (đôi chắn bùn lò xo, ống chắn bùn) | L38: 1600000 | O38: =H38+J38+K38+L38+M38+N38 -> 1600000 | Q38: =P38-O38 -> -1600000
C39: Đưa anh Hà thay đèn led, thay motor bơm nước, công thợ xe | L39: 800000 | O39: =H39+J39+K39+L39+M39+N39 -> 800000 | Q39: =P39-O39 -> -800000
C40: Thanh toán tiền sửa xe 15C-136.31 ngày 1/8 (bi vai cầu, bi quả dứa, bi đỡ đầu quả dứa, phớt đầu cầu, công thợ hạ cầu, dầu rửa, giẻ lau, keo, dầu cầu) | L40: 5700000 | O40: =H40+J40+K40+L40+M40+N40 -> 5700000 | Q40: =P40-O40 -> -5700000
C41: Thanh toán tiền sửa xe 15C-136.31 (phớt may ơ, công thợ thay phớt, dầu mồi may ơ) | L41: 700000 | O41: =H41+J41+K41+L41+M41+N41 -> 700000 | Q41: =P41-O41 -> -700000
C42: Thanh toán dịch vụ lắp lốp xe | L42: 50000 | O42: =H42+J42+K42+L42+M42+N42 -> 50000 | Q42: =P42-O42 -> -50000
C43: Bơm mỡ xe ngày 12/08 (chi ở sổ quỹ Nepo T9) | L43: 170000
C44: Lương lái xe | K44: 9500000 | O44: =H44+J44+K44+L44+M44+N44 -> 9500000 | Q44: =P44-O44 -> -9500000
A45: TỔNG CỘNG | G45: =SUM(G7:G44) -> 2288.48 | H45: =SUM(H7:H44) -> 26997947 | I45: =SUM(I7:I44) -> 0 | J45: =SUM(J7:J44) -> 31490000 | K45: =SUM(K7:K44) -> 9500000 | L45: =SUM(L7:L44) -> 15290000 | M45: =SUM(M7:M44) -> 0 | N45: =SUM(N7:N44) -> 0 | ... Q45: =SUM(Q7:Q44) -> 30009325

Sheet 09-2016
A1: Bảng theo dõi doanh thu/ chi phí theo phương tiện vận chuyển
A2: Biển số xe: 15C - 136.31
A3: THÁNG 09.2016
A5: STT | B5: Ngày tháng | C5: Diễn giải | D5: Số cont | E5: Tuyến đường vận chuyển | F5: Khoảng cách (km) | G5: Chi phí | O5: Tổng chi phí | P5: Cước vận chuyển | Q5: Lợi nhuận gộp
G6: Dầu (l) | H6: Dầu (đồng) | I6: Mức TTBQ | J6: Đi đường | K6: Lương lx | L6: Sửa chữa | M6: Lốp | N6: Dầu máy
O7: =H7+J7+K7+L7+M7+N7 -> 0 | Q7: =P7-O7 -> 0
A8: 1 | B8: 42613 | C8: Trả hàng sáng 01/09 | D8: UACU3216460 | E8: Thường Tín, Hà Nội | J8: 1600000 | O8: =H8+J8+K8+L8+M8+N8 -> 1600000 | P8: 3300000 | Q8: =P8-O8 -> 1700000
A9: 2 | B9: 42613 | C9: Đóng hàng sáng 01/09 | D9: GMDU2418266 | E9: Hoa Lư, Ninh Bình | J9: 0 | O9: =H9+J9+K9+L9+M9+N9 -> 0 | P9: 2700000 | Q9: =P9-O9 -> 2700000
A10: 3 | B10: 42614 | C10: Trả hàng + đóng hàng KH 03/09 | D10: WFHU1356612 | E10: KCN Phố Nối A, HY - Hà Nam | G10: 301 | H10: 3584910 | J10: 1300000 | O10: =H10+J10+K10+L10+M10+N10 -> 4884910 | P10: 4800000 | Q10: =P10-O10 -> -84910
A11: 4 | B11: 42614 | C11: Trả hàng sáng 05/09 | D11: MSKU6528881 | E11: Văn Lâm, Hưng Yên | J11: 1250000 | O11: =H11+J11+K11+L11+M11+N11 -> 1250000 | P11: 3400000 | Q11: =P11-O11 -> 2150000
A12: 5 | B12: 42618 | C12: Trả hàng + đóng hàng KH 06/09 | D12: WFHU1358261 | E12: KCN Đại Đồng, Bắc Ninh - Hà Nam | J12: 1600000 | O12: =H12+J12+K12+L12+M12+N12 -> 1600000 | P12: 5200000
A13: 6 | B13: 42619 | C13: Đóng hàng chè chiều 07/09 | D13: TCNU4840714 | E13: Mỹ Bằng, Yên Sơn, Tuyên Quang | G13: 330 | H13: 4085400 | J13: 1950000 | O13: =H13+J13+K13+L13+M13+N13 -> 6035400 | P13: 8181818 | Q13: =P13-O13 -> 2146418
A14: 7 | B14: 42620 | C14: Trả hàng Vietsun sáng 08/09 | D14: DRYU9718120 | E14: KCN Quế Võ, Bắc Ninh | J14: 830000 | O14: =H14+J14+K14+L14+M14+N14 -> 830000 | P14: 3381818 | Q14: =P14-O14 -> 2551818
A15: 8 | B15: 42621 | C15: Trả hàng + đóng hàng KH 09/09 | D15: GMDU2152598 | E15: Mỹ Hào, Hưng Yên - Hà Nam | G15: 285 | H15: 3528300 | J15: 1300000 | O15: =H15+J15+K15+L15+M15+N15 -> 4828300 | P15: 4700000 | Q15: =P15-O15 -> -128300
A16: 9 | B16: 42622 | C16: Đóng hàng sáng 10/09 | D16: TCNU6063927 | E16: Ngã tư Ắc Quy, Hải Phòng | J16: 200000 | O16: =H16+J16+K16+L16+M16+N16 -> 200000 | P16: 1100000 | Q16: =P16-O16 -> 900000
A17: 10 | B17: 42623 | C17: Trả hàng NK 10/09 | D17: MSKU2261441 | E17: Thanh Trì, Hà Nội | G17: 195 | H17: 2414100 | J17: 1600000 | O17: =H17+J17+K17+L17+M17+N17 -> 4014100 | P17: 5200000 | Q17: =P17-O17 -> 1185900
A18: 11 | B18: 42623 | C18: Đóng hàng bột đá 11/09 | D18: DRYU3094449 | E18: Phủ Lý, Hà Nam | J18: 0 | O18: =H18+J18+K18+L18+M18+N18 -> 0 | P18: 0 | Q18: =P18-O18 -> 0
A19: 12 | B19: 42625 | C19: Trả hàng + đóng hàng KH 13/09 | D19: VSLU1015910 | E19: Quốc Oai, Hà Nội - Hà Nam | J19: 1600000 | O19: =H19+J19+K19+L19+M19+N19 -> 1600000 | P19: 5300000 | Q19: =P19-O19 -> 3700000
A20: 13 | B20: 42626 | C20: Đóng hàng chè sáng 14/09 | D20: DFSU7760415 | E20: Mộc Châu, Sơn La | J20: 3000000 | O20: =H20+J20+K20+L20+M20+N20 -> 3000000 | P20: 14318182 | Q20: =P20-O20 -> 11318182
A21: 14 | B21: 42628 | C21: Trả hàng NK chiều 15/09 | D21: SKLU1114252 | E21: Mỹ Hào, Hưng Yên | G21: 256 | H21: 3169280 | J21: 840000 | O21: =H21+J21+K21+L21+M21+N21 -> 4009280 | P21: 2800000 | Q21: =P21-O21 -> -1209280
A22: 15 | B22: 42628 | C22: Trả hàng Vietsun sáng 16/09 | D22: DRYU9969511 | E22: KCN Đồng Văn, Hà Nam | G22: 300 | H22: 3714000 | J22: =950000+400000 -> 1350000 | O22: =H22+J22+K22+L22+M22+N22 -> 5064000 | P22: 3545455 | Q22: =P22-O22 -> -1518545
A23: 16 | B23: 42628 | C23: Đóng hàng KH chiều 16/09 | D23: DRYU9969511 | E23: Chí Linh, Hải Dương | J23: 0 | O23: =H23+J23+K23+L23+M23+N23 -> 0 | P23: 1794545 | Q23: =P23-O23 -> 1794545
A24: 17 | B24: 42629 | C24: Trả hàng + đóng hàng KH 17/09 | D24: GMDU2142590 | E24: Mỹ Hào, Hưng Yên - Hà Nam | J24: 1300000 | O24: =H24+J24+K24+L24+M24+N24 -> 1300000 | P24: 4700000 | Q24: =P24-O24 -> 3400000
A25: 18 | B25: 42631 | C25: Trả hàng sáng 19/09 | D25: DRYU9593506 | E25: KCN Đồng Văn, Hà Nam | J25: 950000 | O25: =H25+J25+K25+L25+M25+N25 -> 950000 | P25: 3545455 | Q25: =P25-O25 -> 2595455
A26: 19 | B26: 42632 | C26: Đóng hàng chè sáng 21/09 | D26: DFSU7824551 | E26: Thuận Châu, Sơn La | G26: 314 | H26: 3887320 | J26: 4750000 | O26: =H26+J26+K26+L26+M26+N26 -> 8637320 | P26: 19545455 | Q26: =P26-O26 -> 10908135
A27: 20 | B27: 42635 | C27: Trả hàng + đóng hàng KH 23/09 | D27: DRYU2853411 | E27: Cẩm Giàng, Hải Dương - Hà Nam | J27: 1300000 | O27: =H27+J27+K27+L27+M27+N27 -> 1300000 | P27: 4700000 | Q27: =P27-O27 -> 3400000
A28: 21 | B28: 42637 | C28: Trả hàng sáng 25/09 | D28: DRYU9969975 | E28: KCN Đồng Văn, Hà Nam | G28: 300 | H28: 3675000 | J28: =950000+400000+70000 -> 1420000 | O28: =H28+J28+K28+L28+M28+N28 -> 5095000 | P28: 3545455 | Q28: =P28-O28 -> -1549545
A29: 22 | B29: 42637 | C29: Đóng hàng kết hợp sáng 26/09 | D29: DRYU9969975 | E29: Yên Mỹ, Hưng Yên | J29: 0 | O29: =H29+J29+K29+L29+M29+N29 -> 0 | P29: 2649091 | Q29: =P29-O29 -> 2649091
A30: 23 | B30: 42639 | C30: Trả hàng sáng 27/09 | D30: DRYU9171347 | E30: KCN Đồng Văn, Hà Nam | G30: 209 | H30: 2560250 | J30: =950000+70000 -> 1020000 | O30: =H30+J30+K30+L30+M30+N30 -> 3580250 | P30: 3545455 | Q30: =P30-O30 -> -34795
A31: 24 | B31: 42640 | C31: Trả hàng NK sáng 28/09 | D31: 7.4 MT; 5.1 CBM | E31: Thanh Trì - Long Biên, Hà Nội | J31: 0 | O31: =H31+J31+K31+L31+M31+N31 -> 0 | P31: 3090909 | Q31: =P31-O31 -> 3090909
A32: 25 | B32: 42640 | C32: Đóng hàng bột đá chiều 28/09 | D32: GMDU2418754 | E32: Phủ Lý, Hà Nam | J32: =1600000-200000 -> 1400000 | O32: =H32+J32+K32+L32+M32+N32 -> 1400000 | P32: 2400000 | Q32: =P32-O32 -> 1000000
A33: 26 | B33: 42641 | C33: Trả hàng + đóng hàng KH 29/09 | D33: DRYU3093289 | E33: Xuân Mai, Hà Nội - Hà Nam | J33: 1600000 | O33: =H33+J33+K33+L33+M33+N33 -> 1600000 | P33: 5300000 | Q33: =P33-O33 -> 3700000
A34: 27 | B34: 42642 | C34: Trả hàng + đóng hàng KH 30/09 | D34: DRYU3093036 | E34: Xuân Mai, Hà Nội - Hà Nam | G34: 195 | H34: 2388750 | J34: 1600000 | O34: =H34+J34+K34+L34+M34+N34 -> 3988750 | P34: 5300000 | Q34: =P34-O34 -> 1311250
C35: Thanh toán 01 vé cao tốc đi ngày 29/8 | D35: SKHU9202599 | E35: Phả Lại, Hải Dương | G35: 270 | H35: =G35*12250 -> 3307500 | J35: 70000 | O35: =H35+J35+K35+L35+M35+N35 -> 3377500 | Q35: =P35-O35 -> -3377500
C36: Thanh toán tiền mua đèn LED BKS cho xe 15C-136.31 | L36: 150000 | O36: =H36+J36+K36+L36+M36+N36 -> 150000 | Q36: =P36-O36 -> -150000
C37: Thanh toán tiền sửa xe 15C-136.31 (Phớt may ơ, công thợ thay phớt, dầu cầu mồi may ơ) | L37: 700000 | O37: =H37+J37+K37+L37+M37+N37 -> 700000 | Q37: =P37-O37 -> -700000
C38: Phí gửi xe tháng 09.2016 | L38: 1320000 | O38: =H38+J38+K38+L38+M38+N38 -> 1320000 | Q38: =P38-O38 -> -1320000
C39: Thay săm, thay yếm, công thay | L39: 510000 | O39: =H39+J39+K39+L39+M39+N39 -> 510000 | Q39: =P39-O39 -> -510000
C40: Xử phạt vi phạm hành chính (bánh lốp không đảm bảo tiêu chuẩn quy định) | L40: 900000 | O40: =H40+J40+K40+L40+M40+N40 -> 900000 | Q40: =P40-O40 -> -900000
C41: Lương lái xe | K41: 8750000 | O41: =H41+J41+K41+L41+M41+N41 -> 8750000 | Q41: =P41-O41 -> -8750000
A42: TỔNG CỘNG | G42: =SUM(G7:G41) -> 2955 | H42: =SUM(H7:H41) -> 36314810 | I42: =SUM(I7:I41) -> 0 | J42: =SUM(J7:J41) -> 33830000 | K42: =SUM(K7:K41) -> 8750000 | L42: =SUM(L7:L41) -> 3580000 | M42: =SUM(M7:M41) -> 0 | N42: =SUM(N7:N41) -> 0 | ... Q42: =SUM(Q7:Q41) -> 41968828

Sheet 10-2016
A1: Bảng theo dõi doanh thu/ chi phí theo phương tiện vận chuyển
A2: Biển số xe: 15C - 136.31
A3: THÁNG 10.2016
A5: STT | B5: Ngày tháng | C5: Diễn giải | D5: Số cont | E5: Tuyến đường vận chuyển | F5: Khoảng cách (km) | G5: Chi phí | O5: Tổng chi phí | P5: Cước vận chuyển | Q5: Lợi nhuận gộp
G6: Dầu (l) | H6: Dầu (đồng) | I6: Mức TTBQ | J6: Đi đường | K6: Lương lx | L6: Sửa chữa | M6: Lốp | N6: Dầu máy
O7: =H7+J7+K7+L7+M7+N7 -> 0 | Q7: =P7-O7 -> 0
A8: 1 | B8: 42643 | C8: Trả hàng Vietsun sáng 01/10 | D8: DRYU9592259 | E8: Văn Lâm, Hưng Yên | J8: =1230000+200000 -> 1430000 | O8: =H8+J8+K8+L8+M8+N8 -> 1430000 | P8: 2909091 | Q8: =P8-O8 -> 1479091
A9: 2 | B9: 42643 | C9: Đóng hàng than hoạt tính chiều 01/10 | D9: DRYU9592259 | E9: Thái Nguyên, Bắc Ninh | J9: 0 | O9: =H9+J9+K9+L9+M9+N9 -> 0 | P9: 3000000 | Q9: =P9-O9 -> 3000000
A10: 3 | B10: 42645 | C10: Trả hàng + đóng hàng KH 03/10 | D10: CAIU3339957 | E10: Tứ Kỳ, Hải Dương - Hà Nam | J10: =1300000+70000 -> 1370000 | O10: =H10+J10+K10+L10+M10+N10 -> 1370000 | P10: 4700000 | Q10: =P10-O10 -> 3330000
A11: 4 | B11: 42646 | C11: Trả hàng + đóng hàng KH sáng 04/10 | D11: DRYU3023018 | E11: KCN Phố Nối, Hưng Yên - Hà Nam | G11: 128 | H11: 1568000 | J11: =1300000+140000 -> 1440000 | O11: =H11+J11+K11+L11+M11+N11 -> 3008000 | P11: 4800000 | Q11: =P11-O11 -> 1792000
A12: 5 | B12: 42647 | C12: Đóng hàng XK chiều 05/10 | D12: OOLU0179167 | E12: Mỹ Hào, Hưng Yên | J12: 840000 | O12: =H12+J12+K12+L12+M12+N12 -> 840000 | P12: 3000000
A13: 6 | B13: 42648 | C13: Trả hàng + đóng hàng KH 06/10 | D13: GMDU2151945 | E13: Tiên Du, Bắc Ninh - Hà Nam | G13: 275 | H13: 3415500 | J13: =1600000+140000 -> 1740000 | O13: =H13+J13+K13+L13+M13+N13 -> 5155500 | P13: 5200000 | Q13: =P13-O13 -> 44500
A14: 7 | B14: 42649 | C14: Trả hàng + đóng hàng KH 07/10 | D14: GMDU2140977 | E14: KCN Tân Trường, Hải Dương - Hà Nam | J14: 1440000 | O14: =H14+J14+K14+L14+M14+N14 -> 1440000 | P14: 4700000 | Q14: =P14-O14 -> 3260000
A15: 8 | B15: 42654 | C15: Trả hàng Vietsun sáng 12/10 | D15: DRYU9367999 | E15: Liên Phương, TP. Hưng Yên | J15: 840000 | O15: =H15+J15+K15+L15+M15+N15 -> 840000 | P15: 3000000 | Q15: =P15-O15 -> 2160000
A16: 9 | B16: 42655 | C16: Đóng hàng chè sáng 13/10 | D16: CAIU9616690 | E16: Mỹ Bằng, Yên Sơn, Tuyên Quang | G16: 320 | H16: 3977400 | J16: =1950000+140000 -> 2090000 | O16: =H16+J16+K16+L16+M16+N16 -> 6067400 | P16: 8181818 | Q16: =P16-O16 -> 2114418
A17: 10 | B17: 42656 | C17: Trả hàng NK sáng 14/10 | D17: WHLU4276868 | E17: Ngũ Hiệp, Thanh Trì, Hà Nội | J17: =1230000+70000 -> 1300000 | O17: =H17+J17+K17+L17+M17+N17 -> 1300000 | P17: 3500000 | Q17: =P17-O17 -> 2200000
A18: 11 | B18: 42657 | C18: Trả hàng Vietsun sáng 15/10 | D18: DRYU9718096 | E18: KCN Tiên Sơn, Bắc Ninh | G18: 270 | H18: 3353400 | J18: 830000 | O18: =H18+J18+K18+L18+M18+N18 -> 4183400 | P18: 3272727 | Q18: =P18-O18 -> -910673
A19: 12 | B19: 42659 | C19: Trả hàng + đóng hàng KH 17/10 | D19: GMDU2141675 | E19: KCN Tân Trường, Hải Dương - Hà Nam | J19: =1300000+70000 -> 1370000 | O19: =H19+J19+K19+L19+M19+N19 -> 1370000 | P19: 4700000 | Q19: =P19-O19 -> 3330000
A20: 13 | B20: 42660 | C20: Đóng hàng cốp pha 18/10 | D20: WFHU5000980 | E20: KCN VSIP, Thủy Nguyên, Hải Phòng | J20: =200000+140000 -> 340000 | O20: =H20+J20+K20+L20+M20+N20 -> 340000 | P20: 1500000 | Q20: =P20-O20 -> 1160000
A21: 14 | B21: 42661 | C21: Trả hàng NK sáng 19/10 | D21: NYKU8366886 | E21: Đức Giang, Long Biên, Hà Nội | G21: 231 | H21: 2869020 | J21: =1230000+70000 -> 1300000 | O21: =H21+J21+K21+L21+M21+N21 -> 4169020 | P21: 3800000 | Q21: =P21-O21 -> -369020
A22: 15 | B22: 42661 | C22: Trả hàng NK sáng 20/10 | D22: DYLU2130191 | E22: Gia Lâm, Hà Nội | J22: =1230000-230000+70000 -> 1070000 | O22: =H22+J22+K22+L22+M22+N22 -> 1070000 | P22: 3100000 | Q22: =P22-O22 -> 2030000
A23: 16 | B23: 42664 | C23: Đóng hàng cốp pha 21/10 | D23: TRIU9654129 | E23: KCN VSIP, Thủy Nguyên, Hải Phòng | G23: 170 | H23: 2213400 | J23: 200000 | O23: =H23+J23+K23+L23+M23+N23 -> 2413400 | P23: 1500000 | Q23: =P23-O23 -> -913400
A24: 17 | B24: 42664 | C24: Trả hàng Vietsun sáng 22/10 | D24: TCNU4595514 | E24: KCN Tiên Sơn, Bắc Ninh | J24: =830000+70000 -> 900000 | O24: =H24+J24+K24+L24+M24+N24 -> 900000 | P24: 3272727 | Q24: =P24-O24 -> 2372727
A25: 18 | B25: 42665 | C25: Trả hàng Vietsun sáng 23/10 | D25: VSLU9941886 | E25: Kim Sơn, Ninh Bình | J25: =140000+1000000 -> 1140000 | O25: =H25+J25+K25+L25+M25+N25 -> 1140000 | P25: 4090909 | Q25: =P25-O25 -> 2950909
A26: 19 | B26: 42665 | C26: Trả hàng Vietsun sáng 24/10 | D26: TCNU4595005 | E26: Dương Xá, Gia Lâm, Hà Nội | J26: =140000+1200000 -> 1340000 | O26: =H26+J26+K26+L26+M26+N26 -> 1340000 | P26: 3181818 | Q26: =P26-O26 -> 1841818
A27: 20 | B27: 42667 | C27: Trả hàng + đóng hàng KH 25/10 | D27: GMDU2140540 | E27: KCN Tân Trường, Hải Dương - Hà Nam | G27: 180 | H27: 2343600 | J27: =1300000+70000 -> 1370000 | O27: =H27+J27+K27+L27+M27+N27 -> 3713600 | P27: 4700000 | Q27: =P27-O27 -> 986400
A28: 21 | B28: 42668 | C28: Trả hàng + đóng hàng KH 26/10 | D28: GMTU4490596 | E28: Mỹ Hào, Hưng Yên - Hà Nam | J28: =1300000+140000 -> 1440000 | O28: =H28+J28+K28+L28+M28+N28 -> 1440000 | P28: 4700000 | Q28: =P28-O28 -> 3260000
A29: 22 | B29: 42669 | C29: Trả hàng Vietsun sáng 27/10 | D29: VSLU7030980 | E29: Kim Sơn, Ninh Bình | G29: 185 | H29: 2408700 | J29: =1000000+70000 -> 1070000 | O29: =H29+J29+K29+L29+M29+N29 -> 3478700 | P29: 4090909 | Q29: =P29-O29 -> 612209
A30: 23 | B30: 42670 | C30: Trả hàng Vietsun sáng 28/10 | D30: DRYU9968644 | E30: KCN Phú Nghĩa, Chương Mỹ, Hà Nội | G30: 220 | H30: 2864400 | J30: =1230000+70000+400000 -> 1700000 | O30: =H30+J30+K30+L30+M30+N30 -> 4564400 | P30: 3672727 | Q30: =P30-O30 -> -891673
A31: 24 | B31: 42671 | C31: Đóng hàng kết hợp 29/10 | D31: DRYU9968644 | E31: KCN Quang Minh - Thăng Long, Hà Nội | J31: 0 | O31: =H31+J31+K31+L31+M31+N31 -> 0 | P31: 3326818 | Q31: =P31-O31 -> 3326818
A32: 25 | B32: 42672 | C32: Trả hàng + đóng hàng KH 30/10 | D32: DRYU3094201 | E32: Phú Xuyên, Hà Nội - Hà Nam | J32: =1600000+70000 -> 1670000 | O32: =H32+J32+K32+L32+M32+N32 -> 1670000 | P32: 5200000 | Q32: =P32-O32 -> 3530000
A33: 26 | B33: 42673 | C33: Trả hàng Vietsun sáng 31/10 | D33: DRYU9588557 | E33: KCN Tiên Sơn, Bắc Ninh | G33: 278 | H33: 3619560 | J33: =830000+140000 -> 970000 | O33: =H33+J33+K33+L33+M33+N33 -> 4589560 | P33: 3472727 | Q33: =P33-O33 -> -1116833
C34: Mua săm xe 15C-136.31 | L34: 350000 | O34: =H34+J34+K34+L34+M34+N34 -> 350000 | Q34: =P34-O34 -> -350000
C35: Thay lốp xe (02 lốp lái Bridgestone) | L35: 15000000 | O35: =H35+J35+K35+L35+M35+N35 -> 15000000 | Q35: =P35-O35 -> -15000000
C36: Phí gửi xe tháng 10.2016 | L36: 1320000 | O36: =H36+J36+K36+L36+M36+N36 -> 1320000 | Q36: =P36-O36 -> -1320000
C37: Xử phạt vi phạm hành chính (bánh lốp không đảm bảo tiêu chuẩn quy định) | L37: 900000 | O37: =H37+J37+K37+L37+M37+N37 -> 900000 | Q37: =P37-O37 -> -900000
C38: Lương lái xe | K38: =6230769+3461538 -> 9692307 | O38: =H38+J38+K38+L38+M38+N38 -> 9692307 | Q38: =P38-O38 -> -9692307
A39: TỔNG CỘNG | G39: =SUM(G7:G38) -> 2257 | H39: =SUM(H7:H38) -> 28632980 | I39: =SUM(I7:I38) -> 0 | J39: =SUM(J7:J38) -> 29200000 | K39: =SUM(K7:K38) -> 9692307 | L39: =SUM(L7:L38) -> 17570000 | M39: =SUM(M7:M38) -> 0 | N39: =SUM(N7:N38) -> 0 | ... Q39: =SUM(Q7:Q38) -> 13316984

Sheet 11-2016
A1: Bảng theo dõi doanh thu/ chi phí theo phương tiện vận chuyển
A2: Biển số xe: 15C - 136.31
A3: THÁNG 11.2016
A5: STT | B5: Ngày tháng | C5: Diễn giải | D5: Số cont | E5: Tuyến đường vận chuyển | F5: Khoảng cách (km) | G5: Chi phí | O5: Tổng chi phí | P5: Cước vận chuyển | Q5: Lợi nhuận gộp
G6: Dầu (l) | H6: Dầu (đồng) | I6: Mức TTBQ | J6: Đi đường | K6: Lương lx | L6: Sửa chữa | M6: Lốp | N6: Dầu máy
O7: =H7+J7+K7+L7+M7+N7 -> 0 | Q7: =P7-O7 -> 0
A8: 1 | B8: 42674 | C8: Trả hàng Vietsun sáng 01/11 | D8: DRYU9962899 | E8: Ngũ Hiệp, Thanh Trì, Hà Nội | J8: =30000+1200000+70000 -> 1300000 | O8: =H8+J8+K8+L8+M8+N8 -> 1300000 | P8: 3181818 | Q8: =P8-O8 -> 1881818
A9: 2 | B9: 42675 | C9: Trả hàng Vietsun sáng 02/11 | D9: DRYU9878094 | E9: Liên Phương, TP. Hưng Yên | J9: =840000+140000 -> 980000 | O9: =H9+J9+K9+L9+M9+N9 -> 980000 | P9: 3000000 | Q9: =P9-O9 -> 2020000
A10: 3 | B10: 42676 | C10: Trả hàng Vietsun sáng 03/11 | D10: DRYU9592650 | E10: KCN Phố Nối A, Hưng Yên | G10: 260 | H10: 3385200 | J10: =840000+140000 -> 980000 | O10: =H10+J10+K10+L10+M10+N10 -> 4365200 | P10: 2727273 | Q10: =P10-O10 -> -1637927
A11: 4 | B11: 42677 | C11: Trả hàng Vietsun sáng 04/11 | D11: TCNU4785129 | E11: KCN Đồng Văn, Hà Nam | J11: =1100000+140000+150000 -> 1390000 | O11: =H11+J11+K11+L11+M11+N11 -> 1390000 | P11: 3381818 | Q11: =P11-O11 -> 1991818
A12: 5 | B12: 42678 | C12: Đóng hàng KH sáng 05/11 | D12: TCNU4785129 | E12: KCN Kiện Khê, Hà Nam | J12: 0 | O12: =H12+J12+K12+L12+M12+N12 -> 0 | P12: 3272727 | Q12: =P12-O12 -> 3272727
A13: 6 | B13: 42679 | C13: Đóng hàng chè sáng 07/11 | D13: PCIU8921043 | E13: Mỹ Bằng, Yên Sơn, Tuyên Quang | G13: 185 | H13: 2408700 | J13: =1950000+140000 -> 2090000 | O13: =H13+J13+K13+L13+M13+N13 -> 4498700 | P13: 8181818 | Q13: =P13-O13 -> 3683118
A14: 7 | B14: 42681 | C14: Đóng hàng chè sáng 08/11 | D14: MSKU9601353 | E14: Mỹ Bằng, Yên Sơn, Tuyên Quang | G14: 200 | H14: 2604000 | J14: =1950000+140000 -> 2090000 | O14: =H14+J14+K14+L14+M14+N14 -> 4694000 | P14: 8181818 | Q14: =P14-O14 -> 3487818
A15: 8 | B15: 42682 | C15: Trả hàng Vietsun sáng 09/11 | D15: DRYU9969466 | E15: KCN Đồng Văn, Hà Nam | J15: =950000+140000+400000 -> 1490000 | O15: =H15+J15+K15+L15+M15+N15 -> 1490000 | P15: 3381818 | Q15: =P15-O15 -> 1891818
A16: 9 | B16: 42683 | C16: Đóng hàng kết hợp chiều 09/11 | D16: DRYU9969466 | E16: Mỹ Hào, Hưng Yên | G16: 284 | H16: 3697680 | J16: 0 | O16: =H16+J16+K16+L16+M16+N16 -> 3697680 | P16: 1781818 | Q16: =P16-O16 -> -1915862
A17: 10 | B17: 42683 | C17: Trả hàng Vietsun sáng 10/11 | D17: TCNU4785896 | E17: KCN Tiên Sơn, Bắc Ninh | J17: =830000+520000+70000 -> 1420000 | O17: =H17+J17+K17+L17+M17+N17 -> 1420000 | P17: 3272727 | Q17: =P17-O17 -> 1852727
A18: 11 | B18: 42684 | C18: Đóng hàng kết hợp sáng 11/11 | D18: TCNU4785896 | E18: KCN Kiện Khê, Hà Nam | J18: 0 | O18: =H18+J18+K18+L18+M18+N18 -> 0 | P18: 3272727 | Q18: =P18-O18 -> 3272727
A19: 12 | B19: 42685 | C19: Trả hàng sáng 12/11 | D19: WHLU5662145 | E19: Ngũ Hiệp, Thanh Trì, Hà Nội | G19: 240 | H19: 3124800 | J19: =1230000+140000 -> 1370000 | O19: =H19+J19+K19+L19+M19+N19 -> 4494800 | P19: 3500000 | Q19: =P19-O19 -> -994800
A20: 13 | B20: 42687 | C20: Trả hàng NK sáng 13/11 | D20: PCSU2119977 | E20: Bát Tràng, Hà Nội | J20: 1040000 | O20: =H20+J20+K20+L20+M20+N20 -> 1040000 | P20: 3100000 | Q20: =P20-O20 -> 2060000
A21: 14 | B21: 42688 | C21: Đóng hàng Vietsun sáng 14/11 | D21: HALU5506369 | E21: Phúc Yên, Vĩnh Phúc | J21: =950000+140000 -> 1090000 | O21: =H21+J21+K21+L21+M21+N21 -> 1090000 | P21: 3636364 | Q21: =P21-O21 -> 2546364
A22: 15 | B22: 42688 | C22: Trả hàng sáng 15/11 | D22: DRYU4157475 | E22: Kiêu Kỵ, Gia Lâm, Hà Nội | J22: =1230000+140000 -> 1370000 | O22: =H22+J22+K22+L22+M22+N22 -> 1370000 | P22: 3400000 | Q22: =P22-O22 -> 2030000
A23: 16 | B23: 42689 | C23: Đóng hàng chè sáng 16/11 | D23: WHLU5770622 | E23: Mộc Châu, Sơn La | G23: 245 | H23: =3189900-600000 -> 2589900 | J23: =3000000+140000 -> 3140000 | O23: =H23+J23+K23+L23+M23+N23 -> 5729900 | P23: 14318182 | Q23: =P23-O23 -> 8588282
A24: 17 | B24: 42691 | C24: Trả hàng Vietsun sáng 18/11 | D24: DRYU9718100 | E24: KCN Tiên Sơn, Bắc Ninh | G24: 280 | H24: 3645600 | J24: =830000+140000 -> 970000 | O24: =H24+J24+K24+L24+M24+N24 -> 4615600 | P24: 3272727 | Q24: =P24-O24 -> -1342873
A25: 18 | B25: 42693 | C25: Trả hàng sáng 22/11 | D25: WHSU5085727 | E25: Ngũ Hiệp, Thanh Trì, Hà Nội | J25: 1150000 | O25: =H25+J25+K25+L25+M25+N25 -> 1150000 | P25: 3500000 | Q25: =P25-O25 -> 2350000
A26: 19 | B26: 42693 | C26: Vận chuyển ván khuôn 19-20/11 | D26: CAXU9069399 | E26: KCN VSIP Hải Phòng - VSIP Bắc Ninh | J26: =830000+140000 -> 970000 | O26: =H26+J26+K26+L26+M26+N26 -> 970000 | P26: 3800000 | Q26: =P26-O26 -> 2830000
A27: 20 | B27: 42694 | C27: Trả hàng sáng 21/11 | D27: TEMU8152108 | E27: Tề Lỗ, Yên Lạc, Vĩnh Phúc | G27: 300 | H27: 3750000 | J27: =1100000+140000 -> 1240000 | O27: =H27+J27+K27+L27+M27+N27 -> 4990000 | P27: 4500000 | Q27: =P27-O27 -> -490000
A28: 21 | B28: 42696 | C28: Trả hàng sáng 23/11 | D28: TEMU6495704 | E28: Tề Lỗ, Yên Lạc, Vĩnh Phúc | J28: =1060000+140000 -> 1200000 | O28: =H28+J28+K28+L28+M28+N28 -> 1200000 | P28: 4500000 | Q28: =P28-O28 -> 3300000
A29: 22 | B29: 42697 | C29: Đóng hàng chè sáng 24/11 | D29: TCLU3191526 | E29: Mỹ Bằng, Yên Sơn, Tuyên Quang | G29: 220 | H29: 2750000 | J29: =1910000+140000 -> 2050000 | O29: =H29+J29+K29+L29+M29+N29 -> 4800000 | P29: 7727273 | Q29: =P29-O29 -> 2927273
A30: 23 | B30: 42698 | C30: Trả hàng Vietsun sáng 25/11 | D30: DRYU9875881 | E30: KCN Kiện Khê, Hà Nam | J30: =950000+140000+400000 -> 1490000 | O30: =H30+J30+K30+L30+M30+N30 -> 1490000 | P30: 3636364 | Q30: =P30-O30 -> 2146364
A31: 24 | B31: 42699 | C31: Đóng hàng kết hợp chiều 25/11 | D31: DRYU9875881 | E31: KCN Đồng Văn, Hà Nam | J31: 0 | O31: =H31+J31+K31+L31+M31+N31 -> 0 | P31: 2136364 | Q31: =P31-O31 -> 2136364
A32: 25 | B32: 42699 | C32: Trả hàng Vietsun sáng 26/11 | D32: TCNU4595324 | E32: Dị Sử, Mỹ Hào, Hưng Yên | G32: 262 | H32: 3275000 | J32: =800000+140000 -> 940000 | O32: =H32+J32+K32+L32+M32+N32 -> 4215000 | P32: 2545455 | Q32: =P32-O32 -> -1669545
A33: 26 | B33: 42700 | C33: Trả hàng sáng 27/11 | D33: OOLU9211866 | E33: Tề Lỗ, Yên Lạc, Vĩnh Phúc | J33: =1100000+140000 -> 1240000 | O33: =H33+J33+K33+L33+M33+N33 -> 1240000 | P33: 4500000 | Q33: =P33-O33 -> 3260000
A34: 27 | B34: 42700 | C34: Trả hàng sáng 28/11 | D34: OOLU8953937 | E34: Tề Lỗ, Yên Lạc, Vĩnh Phúc | J34: =1100000+210000-70000 -> 1240000 | O34: =H34+J34+K34+L34+M34+N34 -> 1240000 | P34: 4500000 | Q34: =P34-O34 -> 3260000
A35: 28 | B35: 42702 | C35: Trả hàng Vietsun sáng 29/11 | D35: DRYU9168488 | E35: Ngũ Hiệp, Thanh Trì, Hà Nội | G35: 300 | H35: 3750000 | J35: =1150000+140000 -> 1290000 | O35: =H35+J35+K35+L35+M35+N35 -> 5040000 | P35: 3181818 | Q35: =P35-O35 -> -1858182
A36: 29 | B36: 42703 | C36: Trả hàng Vietsun sáng 30/11 | D36: DRYU2901850 | E36: KCN Phong Khê, Bắc Ninh | J36: =790000+140000+400000 -> 1330000 | O36: =H36+J36+K36+L36+M36+N36 -> 1330000 | P36: 2727273 | Q36: =P36-O36 -> 1397273
A37: 30 | B37: 42703 | C37: Đóng hàng bột đá sáng 30/11 | D37: DRYU2901850 | E37: Hiệp Hòa, Bắc Giang | J37: 0 | O37: =H37+J37+K37+L37+M37+N37 -> 0 | P37: 2500000 | Q37: =P37-O37 -> 2500000
C38: Thanh toán phí giữ hộ tài liệu xe 15C-136.31cho ngân hàng sacombank ngày 11/11/2016 | L38: 1056000 | O38: =H38+J38+K38+L38+M38+N38 -> 1056000 | Q38: =P38-O38 -> -1056000
C39: Thanh toán phí cấp lưu hành xe 15C-136.31 cho ngân hàng sacombank ngày 11/11/2016 | L39: 660000 | O39: =H39+J39+K39+L39+M39+N39 -> 660000 | Q39: =P39-O39 -> -660000
C40: Dầu rimula 15W40 | N40: =11265000/209*40 -> 2155980.9 | O40: =H40+J40+K40+L40+M40+N40 -> 2155980.9 | Q40: =P40-O40 -> -2155980.9
C41: Thanh toán tiền lọc nhớt | L41: 1050000 | O41: =H41+J41+K41+L41+M41+N41 -> 1050000 | Q41: =P41-O41 -> -1050000
C42: Phí gửi xe tháng 11.2016 | L42: 1320000 | O42: =H42+J42+K42+L42+M42+N42 -> 1320000 | Q42: =P42-O42 -> -1320000
C43: Lương lái xe | K43: =9000000+692308 -> 9692308 | O43: =H43+J43+K43+L43+M43+N43 -> 9692308 | Q43: =P43-O43 -> -9692308
A44: TỔNG CỘNG | G44: =SUM(G7:G43) -> 2776 | H44: =SUM(H7:H43) -> 34980880 | I44: =SUM(I7:I43) -> 0 | J44: =SUM(J7:J43) -> 34860000 | K44: =SUM(K7:K43) -> 9692308 | L44: =SUM(L7:L43) -> 4086000 | M44: =SUM(M7:M43) -> 0 | N44: =SUM(N7:N43) -> 2155980.9 | ... Q44: =SUM(Q7:Q43) -> 38843013

Sheet 12-2016
A1: Bảng theo dõi doanh thu/ chi phí theo phương tiện vận chuyển
A2: Biển số xe: 15C - 136.31
A3: THÁNG 12.2016
A5: STT | B5: Ngày tháng | C5: Diễn giải | D5: Số cont | E5: Tuyến đường vận chuyển | F5: Khoảng cách (km) | G5: Chi phí | O5: Tổng chi phí | P5: Cước vận chuyển | Q5: Lợi nhuận gộp
G6: Dầu (l) | H6: Dầu (đồng) | I6: Mức TTBQ | J6: Đi đường | K6: Lương lx | L6: Sửa chữa | M6: Lốp | N6: Dầu máy
O7: =H7+J7+K7+L7+M7+N7 -> 0 | Q7: =P7-O7 -> 0
A8: 1 | B8: 42705 | C8: Trả hàng + đóng hàng KH 02/12 | D8: DRYU2901989 | E8: KCN Hà Bình Phương, HN - Hà Nam | J8: 1560000 | O8: =H8+J8+K8+L8+M8+N8 -> 1560000 | P8: 5200000 | Q8: =P8-O8 -> 3640000
A9: 2 | B9: 42706 | C9: Trả hàng sáng 03/12 | D9: WHLU5681464 | E9: Ngũ Hiệp, Thanh Trì, Hà Nội | G9: 332 | H9: 4150000 | J9: =1150000+140000 -> 1290000 | O9: =H9+J9+K9+L9+M9+N9 -> 5440000 | P9: 3500000 | Q9: =P9-O9 -> -1940000
A10: 3 | B10: 42707 | C10: Trả hàng + đóng hàng KH 04/12 | D10: DRYU2923519 | E10: Quốc Oai, Hà Nội - Hà Nam | J10: =1700000-140000 -> 1560000 | O10: =H10+J10+K10+L10+M10+N10 -> 1560000 | P10: 5300000 | Q10: =P10-O10 -> 3740000
A11: 4 | B11: 42708 | C11: Trả hàng NK sáng 05/12 | D11: OOLU9403621 | E11: Tề Lỗ, Yên Lạc, Vĩnh Phúc | J11: =1100000+140000 -> 1240000 | O11: =H11+J11+K11+L11+M11+N11 -> 1240000 | P11: 4500000 | Q11: =P11-O11 -> 3260000
A12: 5 | B12: 42709 | C12: Trả hàng + đóng hàng KH 06/12 | D12: DRYU3093870 | E12: Kiêu Kỵ, Gia Lâm, Hà Nội - Hà Nam | G12: 360 | H12: 4561200 | J12: =1560000+140000 -> 1700000 | O12: =H12+J12+K12+L12+M12+N12 -> 6261200 | P12: 5000000 | Q12: =P12-O12 -> -1261200
A13: 6 | B13: 42710 | C13: Đóng hàng Vietsun chiều 07/12 | D13: DRYU9971360 | E13: Thuận Thành, Bắc Ninh | J13: =790000+140000 -> 930000 | O13: =H13+J13+K13+L13+M13+N13 -> 930000 | P13: 3545455 | Q13: =P13-O13 -> 2615455
A14: 7 | B14: 42711 | C14: Trả hàng sáng 08/12 | D14: DRYU9323286 | E14: KCN Yên Phong, Bắc Ninh | J14: =790000+140000 -> 930000 | O14: =H14+J14+K14+L14+M14+N14 -> 930000 | P14: 3000000 | Q14: =P14-O14 -> 2070000
A15: 8 | B15: 42712 | C15: Đóng hàng chè sáng 09/12 | D15: SEGU4528377 | E15: Mỹ Bằng, Yên Sơn, Tuyên Quang | G15: 247 | H15: 3129490 | J15: 1910000 | O15: =H15+J15+K15+L15+M15+N15 -> 5039490 | P15: 8181818 | Q15: =P15-O15 -> 3142328
A16: 9 | B16: 42713 | C16: Đóng hàng sáng 10/12 | D16: VSLU7028452 | E16: Phúc Yên, Vĩnh Phúc | J16: =960000+200000+70000 -> 1230000 | O16: =H16+J16+K16+L16+M16+N16 -> 1230000 | P16: 3636364 | Q16: =P16-O16 -> 2406364
A17: 10 | B17: 42715 | C17: Trả hàng Vietsun sáng 12/12 | D17: TCNU4785854 | E17: KCN Quế Võ, Bắc Ninh | G17: 260 | H17: 3294200 | J17: =790000+70000 -> 860000 | O17: =H17+J17+K17+L17+M17+N17 -> 4154200 | P17: 3545455 | Q17: =P17-O17 -> -608745
A18: 11 | B18: 42716 | C18: Trả hàng NK chiều 13/12 | D18: FCIU4956355 | E18: Mỹ Hào, Hưng Yên | J18: =1200000+140000 -> 1340000 | O18: =H18+J18+K18+L18+M18+N18 -> 1340000 | P18: 4454545 | Q18: =P18-O18 -> 3114545
A19: 12 | B19: 42716 | C19: Đóng hàng XK chiều 13/12 | D19: WHLU0618427 | E19: Mỹ Hào, Hưng Yên | J19: 0 | O19: =H19+J19+K19+L19+M19+N19 -> 0 | P19: 0 | Q19: =P19-O19 -> 0
A20: 13 | B20: 42717 | C20: Trả hàng Vietsun sáng 14/12 | D20: TCNU4785176 | E20: Ngũ Hiệp, Thanh Trì, Hà Nội | J20: =1150000+400000+140000 -> 1690000 | O20: =H20+J20+K20+L20+M20+N20 -> 1690000 | P20: 3181818 | Q20: =P20-O20 -> 1491818
A21: 14 | B21: 42718 | C21: Đóng hàng kết hợp sáng 15/12 | D21: TCNU4785176 | E21: Thạch Thất, Hà Nội | J21: 0 | O21: =H21+J21+K21+L21+M21+N21 -> 0 | P21: 3336364 | Q21: =P21-O21 -> 3336364
A22: 15 | B22: 42719 | C22: Trả hàng Vietsun sáng 16/12 | D22: DRYU9592217 | E22: Dị Sử, Mỹ Hào, Hưng Yên | G22: 270 | H22: 3420900 | J22: =800000+140000 -> 940000 | O22: =H22+J22+K22+L22+M22+N22 -> 4360900 | P22: 2545455 | Q22: =P22-O22 -> -1815445
A23: 16 | B23: 42721 | C23: Đóng hàng xỉ bọt sáng 18/12 | D23: SITU9037034 | E23: Phả Lại, Hải Dương | J23: =650000+70000 -> 720000 | O23: =H23+J23+K23+L23+M23+N23 -> 720000 | P23: 3500000 | Q23: =P23-O23 -> 2780000
A24: 17 | B24: 42722 | C24: Đóng hàng chè sáng 19/12 | D24: TCNU4920050 | E24: Mỹ Bằng, Yên Sơn, Tuyên Quang | G24: 140 | H24: 1773800 | J24: 1910000 | O24: =H24+J24+K24+L24+M24+N24 -> 3683800 | P24: 8181818 | Q24: =P24-O24 -> 4498018
A25: 18 | B25: 42723 | C25: Đóng hàng chè sáng 20/12 | D25: FSCU8011090 | E25: Mỹ Bằng, Yên Sơn, Tuyên Quang | J25: =1910000+70000 -> 1980000 | O25: =H25+J25+K25+L25+M25+N25 -> 1980000 | P25: 8181818 | Q25: =P25-O25 -> 6201818
A26: 19 | B26: 42724 | C26: Trả hàng + đóng hàng KH 21/12 | D26: WFHU1358209 | E26: Cảng Hà Nội - Hà Nam | G26: 180 | H26: 2280600 | J26: =1560000+140000 -> 1700000 | O26: =H26+J26+K26+L26+M26+N26 -> 3980600 | P26: 5200000 | Q26: =P26-O26 -> 1219400
A27: 20 | B27: 42725 | C27: Trả hàng + đóng hàng KH sáng 22/12 | D27: GMDU2401480 | E27: Văn Lâm, Hưng Yên - Hà Nam | J27: =1280000+60000+140000 -> 1480000 | O27: =H27+J27+K27+L27+M27+N27 -> 1480000 | P27: 4700000 | Q27: =P27-O27 -> 3220000
A28: 21 | B28: 42726 | C28: Trả hàng + đóng hàng KH 23/12 | D28: DRYU3094768 | E28: Dương Xá, Gia Lâm, Hà Nội - Hà Nam | G28: 310 | H28: 4163300 | J28: =1600000+140000 -> 1740000 | O28: =H28+J28+K28+L28+M28+N28 -> 5903300 | P28: 5200000 | Q28: =P28-O28 -> -703300
A29: 22 | B29: 42728 | C29: Trả hàng NK đêm 24/12 | D29: TCLU8693342 | E29: KCN Phú Diễn, Từ Liêm, Hà Nội | G29: 280 | H29: 3760400 | J29: 1150000 | O29: =H29+J29+K29+L29+M29+N29 -> 4910400 | P29: 4000000 | Q29: =P29-O29 -> -910400
A30: 23 | B30: 42729 | C30: Đóng hàng Vietsun sáng 26/12 | D30: DRYU9877544 | E30: Phố Nối, Hưng Yên | J30: =800000+70000 -> 870000 | O30: =H30+J30+K30+L30+M30+N30 -> 870000 | P30: 2727273 | Q30: =P30-O30 -> 1857273
A31: 24 | B31: 42731 | C31: Đóng hàng chè sáng 27/12 | D31: TCNU5631241 | E31: Mỹ Bằng, Yên Sơn, Tuyên Quang | G31: 350 | H31: 4700500 | J31: =1910000+140000 -> 2050000 | O31: =H31+J31+K31+L31+M31+N31 -> 6750500 | P31: 8181818 | Q31: =P31-O31 -> 1431318
A32: 25 | B32: 42731 | C32: Trả hàng Vietsun sáng 28/12 | D32: DRYU9169720 | E32: Ngũ Hiệp, Thanh Trì, Hà Nội | J32: =1150000+140000 -> 1290000 | O32: =H32+J32+K32+L32+M32+N32 -> 1290000 | P32: 3181818 | Q32: =P32-O32 -> 1891818
A33: 26 | B33: 42732 | C33: Trả hàng 29/12 | D33: RFCU2280159 | E33: Xuân Mai, Chương Mỹ, Hà Nội | J33: =1600000+140000 -> 1740000 | O33: =H33+J33+K33+L33+M33+N33 -> 1740000 | P33: 5300000 | Q33: =P33-O33 -> 3560000
A34: 27 | B34: 42732 | C34: Đóng hàng KH bột đá sáng 29/12 | D34: TRHU3295943 | E34: Phủ Lý, Hà Nam | J34: 0 | O34: =H34+J34+K34+L34+M34+N34 -> 0 | P34: 0 | Q34: =P34-O34 -> 0
A35: 28 | B35: 42733 | C35: Trả hàng + đóng hàng KH 30/12 | D35: DRYU2902244 | E35: cảng Hà Nội - Vĩnh Tường, Vĩnh Phúc | J35: =1600000+140000 -> 1740000 | O35: =H35+J35+K35+L35+M35+N35 -> 1740000 | P35: 5500000 | Q35: =P35-O35 -> 3760000
A36: 29 | B36: 42734 | C36: Trả hàng sáng 31/12 | D36: CMAU1879244 | E36: Ứng Hòa, Hà Nội | G36: 270 | H36: 3626100 | J36: =1600000+140000 -> 1740000 | O36: =H36+J36+K36+L36+M36+N36 -> 5366100 | P36: 5200000 | Q36: =P36-O36 -> -166100
A37: 30 | B37: 42734 | C37: Đóng hàng KH sáng 31/12 | D37: DRYU2852098 | E37: Phủ Lý, Hà Nam | G37: 325 | H37: =G37*13430 -> 4364750 | J37: 0 | O37: =H37+J37+K37+L37+M37+N37 -> 4364750 | P37: 0 | Q37: =P37-O37 -> -4364750
C38: Thanh toán tiền xử phạt hành chính xe 15C-136.31 (bánh lốp k đạt tiêu chuẩn) | L38: 900000 | O38: =H38+J38+K38+L38+M38+N38 -> 900000 | Q38: =P38-O38 -> -900000
C39: Lấy phiếu xe (7 phiếu) | L39: 70000 | O39: =H39+J39+K39+L39+M39+N39 -> 70000 | Q39: =P39-O39 -> -70000
C40: Thanh toán tiền sứa xe 15C-136.31 (Dot 3) | L40: 116000 | O40: =H40+J40+K40+L40+M40+N40 -> 116000 | Q40: =P40-O40 -> -116000
C41: Thanh toán tiền sửa xe 15C-136.31 (bơm mỡ, đảo lốp mooc, thay phớt, thay chữ thập visai, căn chóp nón visai, bánh răng láp, bi quả rứa, bi moay ơ, dầu cầu, công thay phớt, công bảo dưỡng cầu, thay giảm sóc lái, ép bạc giảm sóc lái, công tháo lắp giảm sóc) | L41: 8790000 | O41: =H41+J41+K41+L41+M41+N41 -> 8790000 | Q41: =P41-O41 -> -8790000
C42: Thay săm | L42: 350000 | O42: =H42+J42+K42+L42+M42+N42 -> 350000 | Q42: =P42-O42 -> -350000
C43: Phí gửi xe tháng 12.2016 | L43: 1320000 | O43: =H43+J43+K43+L43+M43+N43 -> 1320000 | Q43: =P43-O43 -> -1320000
C44: Lương lái xe | K44: =9000000+346154+500000 -> 9846154 | O44: =H44+J44+K44+L44+M44+N44 -> 9846154 | Q44: =P44-O44 -> -9846154
A45: TỔNG CỘNG | G45: =SUM(G7:G44) -> 3324 | H45: =SUM(H7:H44) -> 43225240 | I45: =SUM(I7:I44) -> 0 | J45: =SUM(J7:J44) -> 37290000 | K45: =SUM(K7:K44) -> 9846154 | L45: =SUM(L7:L44) -> 11546000 | M45: =SUM(M7:M44) -> 0 | N45: =SUM(N7:N44) -> 0 | ... Q45: =SUM(Q7:Q44) -> 26074425
P46: LN 2016 | Q46: ='T01.2016'!Q32+'T02.2016'!Q30+'03-2016'!Q41+'04-2016'!Q42+'05-2016'!Q39+'06-2016'!Q37+'07-2016'!Q46+'08-2016'!Q45+'09-2016'!Q42+'10-2016'!Q39+'11-2016'!Q44+'12-2016'!Q45 -> 3.5571592e+08

Sheet 01-2017
A1: Bảng theo dõi doanh thu/ chi phí theo phương tiện vận chuyển
A2: Biển số xe: 15C - 136.31
A3: THÁNG 01.2017
A5: STT | B5: Ngày tháng | C5: Diễn giải | D5: Số cont | E5: Tuyến đường vận chuyển | F5: Khoảng cách (km) | G5: Chi phí | O5: Tổng chi phí | P5: Cước vận chuyển | Q5: Lợi nhuận gộp
G6: Dầu (l) | H6: Dầu (đồng) | I6: Mức TTBQ | J6: Đi đường | K6: Lương lx | L6: Sửa chữa | M6: Lốp | N6: Dầu máy
O7: =H7+J7+K7+L7+M7+N7 -> 0 | Q7: =P7-O7 -> 0
A8: 1 | B8: 42737 | C8: Trả hàng Vietsun sáng 03/01 | D8: DRYU9171012 | E8: KCN Tiên Sơn, Bắc Ninh | J8: =1190000+140000-400000 -> 930000 | O8: =H8+J8+K8+L8+M8+N8 -> 930000 | P8: 3272727 | Q8: =P8-O8 -> 2342727
A9: 2 | B9: 42738 | C9: Trả hàng Vietsun sáng 04/01 | D9: TRHU3295579 | E9: KCN Nam Sách, Hải Dương | J9: =650000+600000+400000+70000 -> 1720000 | O9: =H9+J9+K9+L9+M9+N9 -> 1720000 | P9: 2000000 | Q9: =P9-O9 -> 280000
A10: 3 | B10: 42738 | C10: Đóng hàng tinh bột chiều 04/01 | D10: TRHU3295579 | E10: KCN Thụy Vân, Việt Trì | J10: 0 | O10: =H10+J10+K10+L10+M10+N10 -> 0 | P10: 4000000 | Q10: =P10-O10 -> 4000000
A11: 4 | B11: 42739 | C11: Trả hàng Vietsun sáng 05/01 | D11: DRYU9718901 | E11: Văn Lâm, Hưng Yên | J11: =1150000+140000 -> 1290000 | O11: =H11+J11+K11+L11+M11+N11 -> 1290000 | P11: 2909091 | Q11: =P11-O11 -> 1619091
A12: 5 | B12: 42740 | C12: Trả hàng Vietsun sáng 06/01 | D12: DRYU9592520 | E12: Ngũ Hiệp, Thanh Trì, Hà Nội | G12: 225 | H12: 3093750 | J12: =1150000+70000 -> 1220000 | O12: =H12+J12+K12+L12+M12+N12 -> 4313750 | P12: 3181818 | Q12: =P12-O12 -> -1131932
A13: 6 | B13: 42741 | C13: Trả hàng + đóng hàng KH 07/01 | D13: DRYU2853582 | E13: Cẩm Giàng, Hải Dương - Hà Nam | J13: 1340000 | O13: =H13+J13+K13+L13+M13+N13 -> 1340000 | P13: 4700000 | Q13: =P13-O13 -> 3360000
A14: 7 | B14: 42742 | C14: Trả hàng + đóng hàng KH 09/01 | D14: GMTU1045004 | E14: KCN Quế Võ, Bắc Ninh - Hà Nam | G14: 310 | H14: 4262500 | J14: =1600000+140000 -> 1740000 | O14: =H14+J14+K14+L14+M14+N14 -> 6002500 | P14: 5200000 | Q14: =P14-O14 -> -802500
A15: 8 | B15: 42744 | C15: Trả hàng Vietsun sáng 10/01 | D15: WFHU5153439 | E15: KCN Quế Võ, Bắc Ninh | J15: =790000+140000 -> 930000 | O15: =H15+J15+K15+L15+M15+N15 -> 930000 | P15: 3727273 | Q15: =P15-O15 -> 2797273
A16: 9 | B16: 42745 | C16: Trả hàng + đóng hàng KH 11/01 | D16: VSLU1040208 | E16: Dương Xá, Gia Lâm, Hà Nội - Hà Nam | J16: =1600000+140000 -> 1740000 | O16: =H16+J16+K16+L16+M16+N16 -> 1740000 | P16: 5200000 | Q16: =P16-O16 -> 3460000
A17: 10 | B17: 42746 | C17: Trả hàng Vietsun sáng 12/01 | D17: DRYU9589548 | E17: KCN Cái Lân, Quảng Ninh | J17: =800000+140000 -> 940000 | O17: =H17+J17+K17+L17+M17+N17 -> 940000 | P17: 2963636 | Q17: =P17-O17 -> 2023636
A18: 11 | B18: 42747 | C18: Trả hàng Vietsun sáng 13/01 | D18: TCNU4785582 | E18: Liên Phương, TP. Hưng Yên | G18: 324 | H18: 4455000 | J18: =800000+140000 -> 940000 | O18: =H18+J18+K18+L18+M18+N18 -> 5395000 | P18: 3154545 | Q18: =P18-O18 -> -2240455
A19: 12 | B19: 42748 | C19: Trả hàng sáng 14/01 | D19: VSLU4497230 | E19: Thanh Liệt, Thanh Trì, Hà Nội | J19: =1150000+600000+80000+400000-180000+350000+70000 -> 2470000 | O19: =H19+J19+K19+L19+M19+N19 -> 2470000 | P19: 3140000 | Q19: =P19-O19 -> 670000
A20: 13 | B20: 42748 | C20: Đóng hàng tinh bột chiều 14/01 | D20: VSLU4497230 | E20: KCN Thụy Vân, Việt Trì | J20: 0 | O20: =H20+J20+K20+L20+M20+N20 -> 0 | P20: 4000000 | Q20: =P20-O20 -> 4000000
A21: 14 | B21: 42749 | C21: Trả hàng sáng 15/01 | D21: VSLU7027815 | E21: Kim Thành, Phú Thái, Hải Dương | J21: =650000+140000 -> 790000 | O21: =H21+J21+K21+L21+M21+N21 -> 790000 | P21: 2336364 | Q21: =P21-O21 -> 1546364
A22: 15 | B22: 42749 | C22: Trả hàng + đóng hàng KH 16/01 | D22: VSLU4499314 | E22: Thanh Trì, Hà Nội - Hà Nam | G22: 330 | H22: 4537500 | J22: =1600000+140000 -> 1740000 | O22: =H22+J22+K22+L22+M22+N22 -> 6277500 | P22: 5200000 | Q22: =P22-O22 -> -1077500
A23: 16 | B23: 42751 | C23: Đóng hàng chè sáng 17/01 | D23: PCIU8973010 | E23: Mỹ Bằng, Yên Sơn, Tuyên Quang | G23: 180 | H23: 2475000 | J23: =1910000+140000 -> 2050000 | O23: =H23+J23+K23+L23+M23+N23 -> 4525000 | P23: 8181818 | Q23: =P23-O23 -> 3656818
A24: 17 | B24: 42752 | C24: Trả hàng + đóng hàng KH 18/01 | D24: WFHU1352860 | E24: Văn Giang, Hưng Yên - Hà Nam | G24: 341 | H24: 4688750 | J24: =1300000+70000+40000 -> 1410000 | O24: =H24+J24+K24+L24+M24+N24 -> 6098750 | P24: 4700000 | Q24: =P24-O24 -> -1398750
A25: 18 | B25: 42754 | C25: Trả hàng Vietsun sáng 19/01 | D25: DRYU9907119 | E25: KCN Ngọc Hồi, Hà Nội | J25: =1150000+140000 -> 1290000 | O25: =H25+J25+K25+L25+M25+N25 -> 1290000 | P25: 3363636 | Q25: =P25-O25 -> 2073636
A26: 19 | B26: 42755 | C26: Trả hàng sáng 20/01 | D26: TWCU8040207 | E26: KCN Đình Trám, Bắc Giang | J26: =790000+70000 -> 860000 | O26: =H26+J26+K26+L26+M26+N26 -> 860000 | P26: 3300000 | Q26: =P26-O26 -> 2440000
A27: 20 | B27: 42755 | C27: Trả hàng sáng 21/01 | D27: FSCU8508717 | E27: KCN Đình Trám, Bắc Giang | J27: =790000+140000 -> 930000 | O27: =H27+J27+K27+L27+M27+N27 -> 930000 | P27: 3300000 | Q27: =P27-O27 -> 2370000
A28: 21 | B28: 42758 | C28: Trả hàng + đóng hàng KH 23/01 | D28: DRYU3095018 | E28: Thọ Xuân, Thanh Hóa - Hà Nam | G28: 290 | H28: 4071600 | J28: =1600000+140000 -> 1740000 | O28: =H28+J28+K28+L28+M28+N28 -> 5811600 | P28: 6400000 | Q28: =P28-O28 -> 588400
A29: 22 | B29: 42758 | C29: Đóng hàng XK sáng 24/01 | D29: APZU3718602 | E29: Mỹ Hào, Hưng Yên | G29: 235 | H29: =G29*14040 -> 3299400 | J29: =800000+140000 -> 940000 | O29: =H29+J29+K29+L29+M29+N29 -> 4239400 | P29: 3000000 | Q29: =P29-O29 -> -1239400
O30: =H30+J30+K30+L30+M30+N30 -> 0 | Q30: =P30-O30 -> 0
C31: Lấy phiếu xe (4 phiếu) | L31: 40000 | O31: =H31+J31+K31+L31+M31+N31 -> 40000 | Q31: =P31-O31 -> -40000
C32: Rửa xe | L32: 100000 | O32: =H32+J32+K32+L32+M32+N32 -> 100000 | Q32: =P32-O32 -> -100000
C33: Thanh toán tiền sửa xe 15C-136.31 (đèn hậu led mooc, đèn sườn mooc, còi hơi 2 loa, chuyển còi điện-còi hơi, công thợ, hàn cáp mét mooc) | L33: 1020000 | O33: =H33+J33+K33+L33+M33+N33 -> 1020000 | Q33: =P33-O33 -> -1020000
C34: Thanh toán tiền sửa xe 15C-136.31 (thay bạc chân cabin+công thợ, gia cố chắn bùn) | L34: 750000 | O34: =H34+J34+K34+L34+M34+N34 -> 750000 | Q34: =P34-O34 -> -750000
C35: Phí gửi xe tháng 01.2017 | L35: 1320000 | O35: =H35+J35+K35+L35+M35+N35 -> 1320000 | Q35: =P35-O35 -> -1320000
C36: Chi thưởng tết âm lịch | K36: 4000000 | O36: =H36+J36+K36+L36+M36+N36 -> 4000000 | Q36: =P36-O36 -> -4000000
C37: Lương lái xe | K37: 9500000 | O37: =H37+J37+K37+L37+M37+N37 -> 9500000 | Q37: =P37-O37 -> -9500000
A38: TỔNG CỘNG | G38: =SUM(G7:G37) -> 2235 | H38: =SUM(H7:H37) -> 30883500 | I38: =SUM(I7:I37) -> 0 | J38: =SUM(J7:J37) -> 27010000 | K38: =SUM(K7:K37) -> 13500000 | L38: =SUM(L7:L37) -> 3230000 | M38: =SUM(M7:M37) -> 0 | N38: =SUM(N7:N37) -> 0 | ... Q38: =SUM(Q7:Q37) -> 12607408
P39: LK= | Q39: =Q38 -> 12607408

Sheet 02-2017
A1: Bảng theo dõi doanh thu/ chi phí theo phương tiện vận chuyển
A2: Biển số xe: 15C - 136.31
A3: THÁNG 02.2017
A5: STT | B5: Ngày tháng | C5: Diễn giải | D5: Số cont | E5: Tuyến đường vận chuyển | F5: Khoảng cách (km) | G5: Chi phí | O5: Tổng chi phí | P5: Cước vận chuyển | Q5: Lợi nhuận gộp
G6: Dầu (l) | H6: Dầu (đồng) | I6: Mức TTBQ | J6: Đi đường | K6: Lương lx | L6: Sửa chữa | M6: Lốp | N6: Dầu máy
O7: =H7+J7+K7+L7+M7+N7 -> 0 | Q7: =P7-O7 -> 0
A8: 1 | B8: 42768 | C8: Trả hàng NK chiều 02/02 | D8: ZCSU2560977 | E8: KCN Ngọc Hồi, Hà Nội | J8: 1150000 | O8: =H8+J8+K8+L8+M8+N8 -> 1150000 | P8: 3700000 | Q8: =P8-O8 -> 2550000
A9: 2 | B9: 42768 | C9: Trả hàng Vietsun sáng 03/02 | D9: DRYU9589553 | E9: Văn Lâm, Hưng Yên | J9: 1150000 | O9: =H9+J9+K9+L9+M9+N9 -> 1150000 | P9: 3054545 | Q9: =P9-O9 -> 1904545
A10: 3 | B10: 42769 | C10: Trả hàng + đóng hàng KH 04/02 | D10: WFHU1365466 | E10: Mỹ Hào, Hưng Yên - Hà Nam | J10: 1340000 | O10: =H10+J10+K10+L10+M10+N10 -> 1340000 | P10: 4700000 | Q10: =P10-O10 -> 3360000
A11: 4 | B11: 42770 | C11: Đóng hàng xỉ bọt sáng 06/02 | D11: TEMU6324764 | E11: Phả Lại, Hải Dương | J11: 650000 | O11: =H11+J11+K11+L11+M11+N11 -> 650000 | P11: 3181818 | Q11: =P11-O11 -> 2531818
A12: 5 | B12: 42772 | C12: Trả hàng Vietsun sáng 07/02 | D12: DRYU9592583 | E12: KCN Phú Thị, Gia Lâm, Hà Nội | G12: 250 | H12: 3505000 | J12: 1150000 | O12: =H12+J12+K12+L12+M12+N12 -> 4655000 | P12: 3345455 | Q12: =P12-O12 -> -1309545
A13: 6 | B13: 42773 | C13: Đóng hàng chè sáng 08/02 | D13: EITU1568494 | E13: Mỹ Bằng, Yên Sơn, Tuyên Quang | J13: 1910000 | O13: =H13+J13+K13+L13+M13+N13 -> 1910000 | P13: 8181818 | Q13: =P13-O13 -> 6271818
A14: 7 | B14: 42778 | C14: Trả hàng + đóng hàng KH 13/02 | D14: DRYU2852040 | E14: An Khánh, Hoài Đức, Hà Nội - Hà Nam | G14: 302 | H14: 4234040 | J14: 1600000 | O14: =H14+J14+K14+L14+M14+N14 -> 5834040 | P14: 5200000 | Q14: =P14-O14 -> -634040
A15: 8 | B15: 42779 | C15: Trả hàng + đóng hàng KH 14/02 | D15: VSLU3042730 | E15: Phủ Lý, Hà Nam - Hà Nam | J15: 1100000 | O15: =H15+J15+K15+L15+M15+N15 -> 1100000 | P15: 4700000 | Q15: =P15-O15 -> 3600000
A16: 9 | B16: 42780 | C16: Trả hàng + đóng hàng KH 15/02 | D16: WFHU1356079 | E16: KCN Tân Quang, Hưng Yên - Hà Nam | J16: 1600000 | O16: =H16+J16+K16+L16+M16+N16 -> 1600000 | P16: 5000000 | Q16: =P16-O16 -> 3400000
A17: 10 | B17: 42781 | C17: Trả hàng + đóng hàng KH 16/02 | D17: GMDU2151781 | E17: KCN Tân Trường, Hải Dương - Hà Nam | G17: 370 | H17: 5187400 | J17: 1340000 | O17: =H17+J17+K17+L17+M17+N17 -> 6527400 | P17: 4700000 | Q17: =P17-O17 -> -1827400
A18: 11 | B18: 42782 | C18: Đóng hàng Vietsun sáng 17/02 | D18: DRYU9961830 | E18: KCN Quế Võ, Bắc Ninh | J18: 790000 | O18: =H18+J18+K18+L18+M18+N18 -> 790000 | P18: 3780000 | Q18: =P18-O18 -> 2990000
A19: 12 | B19: 42786 | C19: Trả hàng + đóng hàng KH 20/02 | D19: DRYU2901823 | E19: Cẩm Giàng, Hải Dương - Hà Nam | G19: 330 | H19: 4719000 | J19: 1340000 | O19: =H19+J19+K19+L19+M19+N19 -> 6059000 | P19: 4700000 | Q19: =P19-O19 -> -1359000
A20: 13 | B20: 42786 | C20: Trả hàng + đóng hàng KH sáng 21/02 | D20: TRHU3295500 | E20: KCN Đồng Văn, Hà Nam - Hà Nam | J20: =1100000+180000 -> 1280000 | O20: =H20+J20+K20+L20+M20+N20 -> 1280000 | P20: 4700000 | Q20: =P20-O20 -> 3420000
A21: 14 | B21: 42787 | C21: Trả hàng + đóng hàng KH 22/02 | D21: DRYU3095846 | E21: KCN Tân Quang, Hưng Yên - Hà Nam | J21: 1600000 | O21: =H21+J21+K21+L21+M21+N21 -> 1600000 | P21: 5000000 | Q21: =P21-O21 -> 3400000
A22: 15 | B22: 42788 | C22: Trả hàng NK sáng 23/02 | D22: CAIU9559917 | E22: Yên Nghĩa, Hà Đông, Hà Nội | J22: 1150000 | O22: =H22+J22+K22+L22+M22+N22 -> 1150000 | P22: 3700000 | Q22: =P22-O22 -> 2550000
A23: 16 | B23: 42789 | C23: Đóng hàng XK sáng 24/02 | D23: EITU1009670 | E23: KCN Vân Trung, Việt Yên, Bắc Giang | G23: 270 | H23: 3861000 | J23: 790000 | O23: =H23+J23+K23+L23+M23+N23 -> 4651000 | P23: 3400000 | Q23: =P23-O23 -> -1251000
A24: 17 | B24: 42790 | C24: Trả hàng + đóng bột đá KH 25/02 | D24: WFHU1364773 | E24: Thanh Trì, Hà Nội - Hà Nam | J24: 1600000 | O24: =H24+J24+K24+L24+M24+N24 -> 1600000 | P24: 5200000 | Q24: =P24-O24 -> 3600000
A25: 18 | B25: 42793 | C25: Trả hàng + đóng bột đá KH 27/02 | D25: DRYU2924325 | E25: Phố Nối A, Hưng Yên - Hà Nam | G25: 340 | H25: 4862000 | J25: =1340000+70000 -> 1410000 | O25: =H25+J25+K25+L25+M25+N25 -> 6272000 | P25: 4700000 | Q25: =P25-O25 -> -1572000
A26: 19 | B26: 42794 | C26: Đóng hàng chè sáng 28/02 | D26: MSKU9957724 | E26: Mỹ Bằng, Yên Sơn, Tuyên Quang | J26: =1910000+70000 -> 1980000 | O26: =H26+J26+K26+L26+M26+N26 -> 1980000 | P26: 8181818 | Q26: =P26-O26 -> 6201818
O27: =H27+J27+K27+L27+M27+N27 -> 0 | Q27: =P27-O27 -> 0
C28: Thanh toán tiền sửa xe 15C-136.31 (phục hồi tăng áp, két gió, công thợ) | L28: 6800000 | O28: =H28+J28+K28+L28+M28+N28 -> 6800000 | Q28: =P28-O28 -> -6800000
C29: Sửa xe (bảo dưỡng moay ơ mooc, bơm mỡ đầu kéo+mooc, thay phớt moay ơ mooc, thay bạc+ăc tay giằng, thay ốc tay giằng, mỡ moay ơ, đảo lốp, thay tay san tích, thay bát phanh, quang lôc kê, thay má phanh) | L29: 4870000 | O29: =H29+J29+K29+L29+M29+N29 -> 4870000 | Q29: =P29-O29 -> -4870000
C30: Phí gửi xe tháng 02.2017 | L30: 1320000 | O30: =H30+J30+K30+L30+M30+N30 -> 1320000 | Q30: =P30-O30 -> -1320000
C31: Lương lái xe | K31: 9000000 | O31: =H31+J31+K31+L31+M31+N31 -> 9000000 | Q31: =P31-O31 -> -9000000
A32: TỔNG CỘNG | G32: =SUM(G7:G31) -> 1862 | H32: =SUM(H7:H31) -> 26368440 | I32: =SUM(I7:I31) -> 0 | J32: =SUM(J7:J31) -> 24930000 | K32: =SUM(K7:K31) -> 9000000 | L32: =SUM(L7:L31) -> 12990000 | M32: =SUM(M7:M31) -> 0 | N32: =SUM(N7:N31) -> 0 | ... Q32: =SUM(Q7:Q31) -> 15837014
P33: LK = | Q33: ='01-2017'!Q39+'02-2017'!Q32 -> 28444422

Sheet 03-2017
A1: Bảng theo dõi doanh thu/ chi phí theo phương tiện vận chuyển
A2: Biển số xe: 15C - 136.31
A3: THÁNG 03.2017
A5: STT | B5: Ngày tháng | C5: Diễn giải | D5: Số cont | E5: Tuyến đường vận chuyển | F5: Khoảng cách (km) | G5: Chi phí | O5: Tổng chi phí | P5: Cước vận chuyển | Q5: Lợi nhuận gộp
G6: Dầu (l) | H6: Dầu (đồng) | I6: Mức TTBQ | J6: Đi đường | K6: Lương lx | L6: Sửa chữa | M6: Lốp | N6: Dầu máy
O7: =H7+J7+K7+L7+M7+N7 -> 0 | Q7: =P7-O7 -> 0
A8: 1 | B8: 42794 | C8: Trả hàng Vietsun sáng 01/03 | D8: DRYU9875813 | E8: Hà Khẩu, Hạ Long, Quang Ninh | G8: =310+330 -> 640 | H8: =4433000+4563900 -> 8996900 | J8: =800000+140000 -> 940000 | O8: =H8+J8+K8+L8+M8+N8 -> 9936900 | P8: 3309091 | Q8: =P8-O8 -> -6627809
A9: 2 | B9: 42795 | C9: Trả hàng + đóng bột đá 02/03 | D9: DRYU2853710 | E9: Khu đô thị Quốc Oai, Hà Nội - Hà Nam | J9: =1600000+70000+70000 -> 1740000 | O9: =H9+J9+K9+L9+M9+N9 -> 1740000 | P9: 5370000 | Q9: =P9-O9 -> 3630000
A10: 3 | B10: 42796 | C10: Trả hàng + đóng bột đá 03/03 | D10: TRHU1342434 | E10: KCN Tân Trường, Hải Dương - Hà Nam | J10: =1340000+140000 -> 1480000 | O10: =H10+J10+K10+L10+M10+N10 -> 1480000 | P10: 4770000 | Q10: =P10-O10 -> 3290000
A11: 4 | B11: 42797 | C11: Trả hàng + đóng hàng KH 04/03 | D11: DRYU2924006 | E11: KCN Tân Trường, Hải Dương - Hà Nam | G11: 355 | H11: 5076500 | J11: =1340000+140000 -> 1480000 | O11: =H11+J11+K11+L11+M11+N11 -> 6556500 | P11: 4770000 | Q11: =P11-O11 -> -1786500
A12: 5 | B12: 42798 | C12: Trả hàng + đóng hàng KH 06/03 | D12: DRYU3022644 | E12: Văn Giang + Yên Mỹ, Hưng Yên - Hà Nam | J12: =1350000+140000 -> 1490000 | O12: =H12+J12+K12+L12+M12+N12 -> 1490000 | P12: 5070000 | Q12: =P12-O12 -> 3580000
A13: 6 | B13: 42800 | C13: Trả hàng + đóng hàng KH 07/03 | D13: VSLU4495577 | E13: Văn Lâm, Hưng Yên - Hà Nam | G13: 280 | H13: 4043200 | J13: =1600000+140000 -> 1740000 | O13: =H13+J13+K13+L13+M13+N13 -> 5783200 | P13: 4770000 | Q13: =P13-O13 -> -1013200
A14: 7 | B14: 42801 | C14: Trả hàng Vietsun sáng 08/03 | D14: DRYU9968388 | E14: Kiện Khê, Hà Nam | J14: =950000+140000 -> 1090000 | O14: =H14+J14+K14+L14+M14+N14 -> 1090000 | P14: 3972727 | Q14: =P14-O14 -> 2882727
A15: 8 | B15: 42803 | C15: Trả hàng + đóng hàng KH 10/03 | D15: DRYU3093416 | E15: Thường Tín, Hà Nội | J15: =1600000+140000 -> 1740000 | O15: =H15+J15+K15+L15+M15+N15 -> 1740000 | P15: 5200000 | Q15: =P15-O15 -> 3460000
A16: 9 | B16: 42805 | C16: Trả hàng sáng 11/03 | D16: CAIU4013327 | E16: Phố Nối A, Hưng Yên | G16: 370 | H16: 5342800 | J16: =800000+140000 -> 940000 | O16: =H16+J16+K16+L16+M16+N16 -> 6282800 | P16: 2700000 | Q16: =P16-O16 -> -3582800
A17: 10 | B17: 42807 | C17: Trả hàng + đóng hàng KH 13/03 | D17: DRYU3089503 | E17: Đồng Văn, Hà Nam - Hà Nam | J17: 1100000 | O17: =H17+J17+K17+L17+M17+N17 -> 1100000 | P17: 4700000 | Q17: =P17-O17 -> 3600000
A18: 11 | B18: 42807 | C18: Trả hàng + đóng hàng KH 14/03 | D18: GMDU2142218 | E18: KCN Tân Trường, Hải Dương - Hà Nam | J18: =1340000+140000 -> 1480000 | O18: =H18+J18+K18+L18+M18+N18 -> 1480000 | P18: 4700000 | Q18: =P18-O18 -> 3220000
A19: 12 | B19: 42808 | C19: Đóng hàng XK chiều 15/03 | D19: WHLU0524647 | E19: Mỹ Hào, Hưng Yên | G19: 340 | H19: 4909600 | J19: =800000+140000 -> 940000 | O19: =H19+J19+K19+L19+M19+N19 -> 5849600 | P19: 3000000 | Q19: =P19-O19 -> -2849600
A20: 13 | B20: 42809 | C20: Trả hàng NK sáng 16/03 | D20: SEGU4684390 | E20: KCN Hà Bình Phương, Thường Tín, HN | J20: =1150000+140000 -> 1290000 | O20: =H20+J20+K20+L20+M20+N20 -> 1290000 | P20: 3870000 | Q20: =P20-O20 -> 2580000
A21: 14 | B21: 42810 | C21: Trả hàng NK sáng 17/03 | D21: SITU2852235 | E21: KCN Tân Trường, Hải Dương | J21: =650000+140000 -> 790000 | O21: =H21+J21+K21+L21+M21+N21 -> 790000 | P21: 2600000 | Q21: =P21-O21 -> 1810000
A22: 15 | B22: 42811 | C22: Đóng hàng sáng 18/03 | D22: TCLU1655968 | E22: Bình Xuyên, Vĩnh Phúc | J22: =140000+960000 -> 1100000 | O22: =H22+J22+K22+L22+M22+N22 -> 1100000 | P22: 3800000 | Q22: =P22-O22 -> 2700000
A23: 16 | B23: 42813 | C23: Trả hàng + đóng hàng KH 20/03 | D23: WFHU1352330 | E23: KCN Phố Nối A, Hưng Yên - Hà Nam | G23: 350 | H23: 5054000 | J23: =1340000+140000 -> 1480000 | O23: =H23+J23+K23+L23+M23+N23 -> 6534000 | P23: 4800000 | Q23: =P23-O23 -> -1734000
A24: 17 | B24: 42814 | C24: Trả hàng + đóng hàng KH 21/03 | D24: VSLU4488768 | E24: KCN Nội Bài, Hà Nội - Hà Nam | J24: =1680000+140000 -> 1820000 | O24: =H24+J24+K24+L24+M24+N24 -> 1820000 | P24: 5200000 | Q24: =P24-O24 -> 3380000
A25: 18 | B25: 42815 | C25: Trả hàng + đóng hàng KH 22/03 | D25: GMDU2153784 | E25: Cẩm Giàng, Hải Dương - Hà Nam | G25: 280 | H25: 3872400 | J25: =1340000+140000 -> 1480000 | O25: =H25+J25+K25+L25+M25+N25 -> 5352400 | P25: 4700000 | Q25: =P25-O25 -> -652400
A26: 19 | B26: 42816 | C26: Trả hàng + đóng hàng KH 23/03 | D26: GMDU2151396 | E26: Yên Nghĩa, Hà Đông - Hà Nam | J26: =1600000+140000 -> 1740000 | O26: =H26+J26+K26+L26+M26+N26 -> 1740000 | P26: 5200000 | Q26: =P26-O26 -> 3460000
A27: 20 | B27: 42817 | C27: Trả hàng Vietsun sáng 24/03 | D27: DRYU9875984 | E27: Yên Mỹ, Hưng Yên | J27: =800000+140000 -> 940000 | O27: =H27+J27+K27+L27+M27+N27 -> 940000 | P27: 2827273 | Q27: =P27-O27 -> 1887273
A28: 21 | B28: 42817 | C28: Vận chuyển hàng sáng 25/03 | D28: FSCU9738118 | E28: KCN Hải Hà, Móng Cái - Yên Phong, BN | G28: 360 | H28: 4978800 | J28: =2020000+140000 -> 2160000 | O28: =H28+J28+K28+L28+M28+N28 -> 7138800 | P28: 10681818 | Q28: =P28-O28 -> 3543018
A29: 22 | B29: 42820 | C29: Trả hàng + đóng hàng KH 27/03 | D29: DRYU3093247 | E29: cảng Hà Nội - Hà Nam | J29: 1600000 | O29: =H29+J29+K29+L29+M29+N29 -> 1600000 | P29: 5270000 | Q29: =P29-O29 -> 3670000
A30: 23 | B30: 42821 | C30: Trả hàng NK sáng 28/03 | D30: SEGU5184363 | E30: KCN Tiên Sơn, Bắc Ninh | J30: =790000+140000 -> 930000 | O30: =H30+J30+K30+L30+M30+N30 -> 930000 | P30: 3200000 | Q30: =P30-O30 -> 2270000
A31: 24 | B31: 42822 | C31: Trả hàng Vietsun sáng 29/03 | D31: DRYU9962029 | E31: KCN Quất Động, Thường Tín, Hà Nội | J31: =1150000+140000 -> 1290000 | O31: =H31+J31+K31+L31+M31+N31 -> 1290000 | P31: 3500000 | Q31: =P31-O31 -> 2210000
A32: 25 | B32: 42823 | C32: Đóng hàng chè sáng 30/03 | D32: WHLU4314973 | E32: TT Trần Phú, Văn Chấn, Yên Bái | G32: 180 | H32: 2489400 | J32: =2070000+140000 -> 2210000 | O32: =H32+J32+K32+L32+M32+N32 -> 4699400 | P32: 10000000 | Q32: =P32-O32 -> 5300600
A33: 26 | B33: 42824 | C33: Trả hàng Vietsun sáng 31/03 | D33: TCNU4595520 | E33: KCN Quất Động, Thường Tín, Hà Nội | J33: =1150000+140000 -> 1290000 | O33: =H33+J33+K33+L33+M33+N33 -> 1290000 | P33: 3436364 | Q33: =P33-O33 -> 2146364
C34: Thanh toán tiền sửa xe 15C-136.31 (thay săm) | L34: 400000 | O34: =H34+J34+K34+L34+M34+N34 -> 400000 | Q34: =P34-O34 -> -400000
C35: Thanh toán tiền sửa xe 15C-136.31 ngày 12/3 (thay mới bình hơi, hàn chế cút+thay mới đai bắt bình hơi, công thợ) | L35: 1800000 | O35: =H35+J35+K35+L35+M35+N35 -> 1800000 | Q35: =P35-O35 -> -1800000
C36: Thanh toán tiền xử phạt hành chính xe 15C-136.31 ngày 27/3 (vi phạm lốp) | L36: 900000 | O36: =H36+J36+K36+L36+M36+N36 -> 900000 | Q36: =P36-O36 -> -900000
C37: Thanh toán tiền mua lốp+săm xe 15C-136.31 ngày 15/3 | L37: 10750000 | O37: =H37+J37+K37+L37+M37+N37 -> 10750000 | Q37: =P37-O37 -> -10750000
C38: Thanh toán tiền sửa xe 15C-136.31 ngày 17/03 (làm bộ chia hơi bóng, thay 01 bộ dắc co) | L38: 400000 | O38: =H38+J38+K38+L38+M38+N38 -> 400000 | Q38: =P38-O38 -> -400000
C39: Phí gửi xe tháng 03.2017 | L39: 1320000 | O39: =H39+J39+K39+L39+M39+N39 -> 1320000 | Q39: =P39-O39 -> -1320000
C40: Lương lái xe | K40: 9000000 | O40: =H40+J40+K40+L40+M40+N40 -> 9000000 | Q40: =P40-O40 -> -9000000
A41: TỔNG CỘNG | G41: =SUM(G7:G40) -> 3155 | H41: =SUM(H7:H40) -> 44763600 | I41: =SUM(I7:I40) -> 0 | J41: =SUM(J7:J40) -> 36280000 | K41: =SUM(K7:K40) -> 9000000 | L41: =SUM(L7:L40) -> 15570000 | M41: =SUM(M7:M40) -> 0 | N41: =SUM(N7:N40) -> 0 | ... Q41: =SUM(Q7:Q40) -> 15803673
P42: LK= | Q42: ='02-2017'!Q33+'03-2017'!Q41 -> 44248095

Sheet 04-2017
A1: Bảng theo dõi doanh thu/ chi phí theo phương tiện vận chuyển
A2: Biển số xe: 15C - 136.31
A3: THÁNG 04.2017
A5: STT | B5: Ngày tháng | C5: Diễn giải | D5: Số cont | E5: Tuyến đường vận chuyển | F5: Khoảng cách (km) | G5: Chi phí | O5: Tổng chi phí | P5: Cước vận chuyển | Q5: Lợi nhuận gộp
G6: Dầu (l) | H6: Dầu (đồng) | I6: Mức TTBQ | J6: Đi đường | K6: Lương lx | L6: Sửa chữa | M6: Lốp | N6: Dầu máy
O7: =H7+J7+K7+L7+M7+N7 -> 0 | Q7: =P7-O7 -> 0
A8: 1 | B8: 42825 | C8: Trả hàng NK sáng 01/04 | D8: EMCU3926899 | E8: Mỹ Hào, Hưng Yên | J8: 800000 | O8: =H8+J8+K8+L8+M8+N8 -> 800000 | P8: 3000000 | Q8: =P8-O8 -> 2200000
A9: 2 | B9: 42827 | C9: Trả hàng + đóng hàng KH 03/04 | D9: TCLU3174426 | E9: KCN Hòa Xá, TP. Nam Định | G9: 290 | H9: 4010700 | J9: =1100000+140000 -> 1240000 | O9: =H9+J9+K9+L9+M9+N9 -> 5250700 | P9: 4700000 | Q9: =P9-O9 -> -550700
A10: 3 | B10: 42828 | C10: Trả hàng Vietsun sáng 04/04 | D10: DRYU9591951 | E10: KCN Quế Võ, Bắc Ninh | J10: =1190000-400000+140000 -> 930000 | O10: =H10+J10+K10+L10+M10+N10 -> 930000 | P10: 3590909 | Q10: =P10-O10 -> 2660909
A11: 5 | B11: 42829 | C11: Trả hàng + đóng hàng KH 05/04 | D11: DRYU2853319 | E11: Đồng Văn, Hà Nam - Hà Nam | G11: 273 | H11: 3775590 | J11: =1100000+140000 -> 1240000 | O11: =H11+J11+K11+L11+M11+N11 -> 5015590 | P11: 4770000 | Q11: =P11-O11 -> -245590
A12: 6 | B12: 42831 | C12: Đóng hàng chè sáng 07/04 | D12: YMLU8981257 | E12: Mộc Châu, Sơn La | J12: =2920000+140000 -> 3060000 | O12: =H12+J12+K12+L12+M12+N12 -> 3060000 | P12: 12181818 | Q12: =P12-O12 -> 9121818
A13: 7 | B13: 42832 | C13: Trả hàng NK sáng 08/04 | D13: DFSU1573588 | E13: KCN Vân Trung, Việt Yên, Bắc Giang | J13: =790000+140000 -> 930000 | O13: =H13+J13+K13+L13+M13+N13 -> 930000 | P13: 3200000 | Q13: =P13-O13 -> 2270000
A14: 8 | B14: 42833 | C14: Trả hàng + đóng hàng KH 10/04 | D14: WFHU1354409 | E14: KCN Tân Trường, Hải Dương - Hà Nam | G14: 370 | H14: 4980200 | J14: =1340000+140000 -> 1480000 | O14: =H14+J14+K14+L14+M14+N14 -> 6460200 | P14: 4770000 | Q14: =P14-O14 -> -1690200
A15: 9 | B15: 42835 | C15: Trả hàng + đóng hàng KH 11/04 | D15: DRYU2923036 | E15: Văn Giang, HY + Châu Sơn, HN - Hà Nam | J15: =1340000+140000 -> 1480000 | O15: =H15+J15+K15+L15+M15+N15 -> 1480000 | P15: 4770000 | Q15: =P15-O15 -> 3290000
A16: 10 | B16: 42836 | C16: Trả hàng + đóng hàng KH 12/04 | D16: GMDU2142809 | E16: Cẩm Giàng, Hải Dương - Hà Nam | J16: 1340000 | O16: =H16+J16+K16+L16+M16+N16 -> 1340000 | P16: 4700000 | Q16: =P16-O16 -> 3360000
A17: 11 | B17: 42838 | C17: Trả hàng NK sáng 13/04 | D17: ZCSU8421686 | E17: Phú Xuyên, Hà Nội | G17: 360 | H17: 4845600 | J17: =1150000+140000 -> 1290000 | O17: =H17+J17+K17+L17+M17+N17 -> 6135600 | P17: 4000000 | Q17: =P17-O17 -> -2135600
A18: 12 | B18: 42838 | C18: Trả hàng Vietsun sáng 14/04 | D18: GMDU8140608 | E18: Quất Động, Thường Tín, Hà Nội | J18: =1150000+140000 -> 1290000 | O18: =H18+J18+K18+L18+M18+N18 -> 1290000 | P18: 3345455 | Q18: =P18-O18 -> 2055455
A19: 13 | B19: 42839 | C19: Đóng hàng sáng 15/04 | D19: EMCU9852387 | E19: Yên Phong, Bắc Ninh | G19: 340 | H19: 4576400 | J19: =790000+140000 -> 930000 | O19: =H19+J19+K19+L19+M19+N19 -> 5506400 | P19: 3700000 | Q19: =P19-O19 -> -1806400
A20: 14 | B20: 42842 | C20: Đóng hàng chè sáng 18/04 | D20: FSCU8269850 | E20: Mộc Châu, Sơn La | J20: =2920000+140000 -> 3060000 | O20: =H20+J20+K20+L20+M20+N20 -> 3060000 | P20: 12181818 | Q20: =P20-O20 -> 9121818
A21: 15 | B21: 42844 | C21: Trả hàng + đóng hàng KH 19/04 | D21: MSCU2961322 | E21: Thanh Liêm, Hà Nam - Hà Nam | G21: 350 | H21: 4711000 | J21: =1100000+140000 -> 1240000 | O21: =H21+J21+K21+L21+M21+N21 -> 5951000 | P21: 5700000 | Q21: =P21-O21 -> -251000
A22: 16 | B22: 42845 | C22: Đóng hàng chè sáng 21/04 | D22: EITU1611672 | E22: Mỹ Bằng, Yên Sơn, Tuyên Quang | J22: =1910000+140000 -> 2050000 | O22: =H22+J22+K22+L22+M22+N22 -> 2050000 | P22: 8181818 | Q22: =P22-O22 -> 6131818
A23: 17 | B23: 42846 | C23: Trả hàng + đóng hàng KH 22/04 | D23: DRYU3094290 | E23: Định Yên, Yên Định, Thanh Hóa - Hà Nam | G23: 320 | H23: 4419200 | J23: =1600000+140000 -> 1740000 | O23: =H23+J23+K23+L23+M23+N23 -> 6159200 | P23: 6500000 | Q23: =P23-O23 -> 340800
A24: 18 | B24: 42848 | C24: Đóng hàng chè sáng 24/04 | D24: TCLU9639618 | E24: Mỹ Bằng, Yên Sơn, Tuyên Quang | G24: 180 | H24: 2485800 | J24: =1900000+140000 -> 2040000 | O24: =H24+J24+K24+L24+M24+N24 -> 4525800 | P24: 8181818 | Q24: =P24-O24 -> 3656018
A25: 19 | B25: 42849 | C25: Trả hàng NK sáng 25/04 | D25: DRYU4242225 | E25: KCN Hà Bình Phương, Thường Tín, HN | J25: =1150000+140000 -> 1290000 | O25: =H25+J25+K25+L25+M25+N25 -> 1290000 | P25: 3870000 | Q25: =P25-O25 -> 2580000
A26: 20 | B26: 42850 | C26: Trả hàng Vietsun sáng 26/04 | D26: DRYU9962034 | E26: Duyên Thái, Thường Tín, Hà Nội | J26: =1150000+140000 -> 1290000 | O26: =H26+J26+K26+L26+M26+N26 -> 1290000 | P26: 3750000 | Q26: =P26-O26 -> 2460000
A27: 21 | B27: 42851 | C27: Trả hàng Vietsun sáng 27/04 | D27: DRYU9970024 | E27: KCN Đồng Văn, Hà Nam | G27: 280 | H27: 3866800 | J27: =950000+665000+140000 -> 1755000 | O27: =H27+J27+K27+L27+M27+N27 -> 5621800 | P27: 3636364 | Q27: =P27-O27 -> -1985436
A28: 22 | B28: 42852 | C28: Đóng hàng KH Vietsun chiều 27/04 | D28: DRYU9970024 | E28: KCN Hà Bình Phương, Hà Nội | J28: 0 | O28: =H28+J28+K28+L28+M28+N28 -> 0 | P28: 2341818 | Q28: =P28-O28 -> 2341818
A29: 23 | B29: 42852 | C29: Trả hàng + đóng hàng KH 28/04 | D29: DRYU9961850 | E29: Ngọc Hồi, Thanh Trì, Hà Nội | J29: =1150000+400000+140000 -> 1690000 | O29: =H29+J29+K29+L29+M29+N29 -> 1690000 | P29: 5100000 | Q29: =P29-O29 -> 3410000
A30: 24 | B30: 42853 | C30: Trả hàng + đóng hàng KH 28/04 | D30: DRYU9961850 | E30: KCN Hà Bình Phương, Hà Nội | G30: 350 | H30: 4833500 | J30: 0 | O30: =H30+J30+K30+L30+M30+N30 -> 4833500 | P30: 0 | Q30: =P30-O30 -> -4833500
A31: 25 | B31: 42853 | C31: Trả hàng + đóng hàng KH 29/04 | D31: GMDU2140961 | E31: Cẩm Giàng, Hải Dương - Hà Nam | J31: =1340000+140000 -> 1480000 | O31: =H31+J31+K31+L31+M31+N31 -> 1480000 | P31: 4700000 | Q31: =P31-O31 -> 3220000
O32: =H32+J32+K32+L32+M32+N32 -> 0 | Q32: =P32-O32 -> 0
C33: Thanh toán tiền mua 02 bóng 9005 xe 15C-136.31 | L33: 100000 | O33: =H33+J33+K33+L33+M33+N33 -> 100000 | Q33: =P33-O33 -> -100000
C34: Thanh toan tiền mua 04 lốp xe 15C-136.31 | L34: 23600000 | O34: =H34+J34+K34+L34+M34+N34 -> 23600000 | Q34: =P34-O34 -> -23600000
C35: Thanh toán tiền lọc nhớt xe 15C-136.31 | L35: 1000000 | O35: =H35+J35+K35+L35+M35+N35 -> 1000000 | Q35: =P35-O35 -> -1000000
C36: Thanh toán tiền bảo hiểm xe 15C-136.31 | L36: 17540045 | O36: =H36+J36+K36+L36+M36+N36 -> 17540045 | Q36: =P36-O36 -> -17540045
C37: Thanh toán phí sử dụng đường bộ xe 15C-136.31 | L37: 17065000 | O37: =H37+J37+K37+L37+M37+N37 -> 17065000 | Q37: =P37-O37 -> -17065000
C38: Thanh toán phí kiểm định xe 15C-136.31 | L38: 840000 | O38: =H38+J38+K38+L38+M38+N38 -> 840000 | Q38: =P38-O38 -> -840000
C39: Thanh toán phí dịch vụ đăng kiểm xe 15C-136.31 | L39: 200000 | O39: =H39+J39+K39+L39+M39+N39 -> 200000 | Q39: =P39-O39 -> -200000
C40: Thanh toán tiền mua 02 đèn pha cho xe 15C-136.31 | L40: 100000 | O40: =H40+J40+K40+L40+M40+N40 -> 100000 | Q40: =P40-O40 -> -100000
C41: Bơm mỡ xe 15C-136.31 ngày 9/4 | L41: 200000 | O41: =H41+J41+K41+L41+M41+N41 -> 200000 | Q41: =P41-O41 -> -200000
C42: Phí gửi xe tháng 04.2017 | L42: 1320000 | O42: =H42+J42+K42+L42+M42+N42 -> 1320000 | Q42: =P42-O42 -> -1320000
C43: Lương lái xe + thưởng | K43: 9500000 | O43: =H43+J43+K43+L43+M43+N43 -> 9500000 | Q43: =P43-O43 -> -9500000
A44: TỔNG CỘNG | G44: =SUM(G7:G43) -> 3113 | H44: =SUM(H7:H43) -> 42504790 | I44: =SUM(I7:I43) -> 0 | J44: =SUM(J7:J43) -> 33645000 | K44: =SUM(K7:K43) -> 9500000 | L44: =SUM(L7:L43) -> 61965045 | M44: =SUM(M7:M43) -> 0 | N44: =SUM(N7:N43) -> 0 | ... Q44: =SUM(Q7:Q43) -> -26743017
P45: LK= | Q45: ='03-2017'!Q42+'04-2017'!Q44 -> 17505078

Sheet 05-2017
A1: Bảng theo dõi doanh thu/ chi phí theo phương tiện vận chuyển
A2: Biển số xe: 15C - 136.31
A3: THÁNG 05.2017
A5: STT | B5: Ngày tháng | C5: Diễn giải | D5: Số cont | E5: Tuyến đường vận chuyển | F5: Khoảng cách (km) | G5: Chi phí | O5: Tổng chi phí | P5: Cước vận chuyển | Q5: Lợi nhuận gộp
G6: Dầu (l) | H6: Dầu (đồng) | I6: Mức TTBQ | J6: Đi đường | K6: Lương lx | L6: Sửa chữa | M6: Lốp | N6: Dầu máy
O7: =H7+J7+K7+L7+M7+N7 -> 0 | Q7: =P7-O7 -> 0
A8: 1 | B8: 42857 | C8: Trả hàng + đóng hàng KH 03/05 | D8: GMDU2153357 | E8: KCN Tân Trường, Hải Dương - Hà Nam | J8: =1340000+140000 -> 1480000 | O8: =H8+J8+K8+L8+M8+N8 -> 1480000 | P8: 4700000 | Q8: =P8-O8 -> 3220000
A9: 2 | B9: 42858 | C9: Trả hàng + đóng hàng KH 04/05 | D9: DRYU3023661 | E9: Chương Mỹ, Hà Nội - Hà Nam | G9: 255 | H9: 3521550 | J9: =1600000+140000 -> 1740000 | O9: =H9+J9+K9+L9+M9+N9 -> 5261550 | P9: 5370000 | Q9: =P9-O9 -> 108450
A10: 3 | B10: 42859 | C10: Trả hàng + đóng hàng KH 05/05 | D10: VSLU1047270 | E10: Phú Thị, Hà Nội - Hà Nam | J10: =1600000+140000 -> 1740000 | O10: =H10+J10+K10+L10+M10+N10 -> 1740000 | P10: 5170000 | Q10: =P10-O10 -> 3430000
A11: 4 | B11: 42860 | C11: Trả hàng + đóng hàng KH 06/05 | D11: GMDU2419196 | E11: Phú Thụy, Gia Lâm, Hà Nội - Hà Nam | G11: 290 | H11: 3944000 | J11: =1600000+140000 -> 1740000 | O11: =H11+J11+K11+L11+M11+N11 -> 5684000 | P11: 5100000 | Q11: =P11-O11 -> -584000
A12: 5 | B12: 42863 | C12: Trả hàng NK đêm 08/05 | D12: TEMU7000224 | E12: Hàm Nghi, Hà Nội | J12: =1150000+140000 -> 1290000 | O12: =H12+J12+K12+L12+M12+N12 -> 1290000 | P12: 3600000 | Q12: =P12-O12 -> 2310000
A13: 6 | B13: 42863 | C13: Trả hàng NK chiều 09/05 | D13: ZCSU8600167 | E13: Tề Lỗ, Yên Lạc, Vĩnh Phúc | J13: =1200000+140000 -> 1340000 | O13: =H13+J13+K13+L13+M13+N13 -> 1340000 | P13: 4500000 | Q13: =P13-O13 -> 3160000
A14: 7 | B14: 42864 | C14: Trả hàng Vietsun sáng 10/05 | D14: DRYU9592393 | E14: KCN Kiện Khê, Hà Nam | G14: 350 | H14: 4760000 | J14: =950000+800000+140000 -> 1890000 | O14: =H14+J14+K14+L14+M14+N14 -> 6650000 | P14: 3909091 | Q14: =P14-O14 -> -2740909
A15: 8 | B15: 42865 | C15: Đóng hàng KH chiều 10/05 | D15: DRYU9592393 | E15: Như Quỳnh, Hưng Yên | J15: 0 | O15: =H15+J15+K15+L15+M15+N15 -> 0 | P15: 2201818 | Q15: =P15-O15 -> 2201818
A16: 9 | B16: 42866 | C16: Trả hàng Vietsun sáng 12/05 | D16: DRYU9970066 | E16: KCN Tiên Sơn, Bắc Ninh | J16: =790000+600000+140000 -> 1530000 | O16: =H16+J16+K16+L16+M16+N16 -> 1530000 | P16: 3527273 | Q16: =P16-O16 -> 1997273
A17: 10 | B17: 42866 | C17: Đóng hàng KH chiều 12/05 | D17: DRYU9970066 | E17: NM giấy An Hòa, Sơn Dương, TQ | J17: 0 | O17: =H17+J17+K17+L17+M17+N17 -> 0 | P17: 4790909 | Q17: =P17-O17 -> 4790909
A18: 11 | B18: 42868 | C18: Trả hàng NK tối 13/05 | D18: BMOU9233031 | E18: Kim Thành, Hải Dương | G18: 360 | H18: 4896000 | J18: =850000+140000 -> 990000 | O18: =H18+J18+K18+L18+M18+N18 -> 5886000 | P18: 2800000 | Q18: =P18-O18 -> -3086000
A19: 12 | B19: 42869 | C19: Trả hàng Vietsun sáng 15/05 | D19: TCNU4595495 | E19: KCN Tiên Sơn, Bắc Ninh | J19: =790000+140000 -> 930000 | O19: =H19+J19+K19+L19+M19+N19 -> 930000 | P19: 3590909 | Q19: =P19-O19 -> 2660909
A20: 13 | B20: 42870 | C20: Trả hàng + đóng hàng KH 16/05 | D20: DRYU3090211 | E20: Triệu Sơn, Thanh Hóa - Hà Nam | J20: =1600000+140000 -> 1740000 | O20: =H20+J20+K20+L20+M20+N20 -> 1740000 | P20: 6300000 | Q20: =P20-O20 -> 4560000
A21: 14 | B21: 42872 | C21: Trả hàng + đóng hàng KH 17/05 | D21: VSLU1043193 | E21: Gia Thụy, Hà Nội - Hà Nam | G21: 330 | H21: 4488000 | J21: =1600000+140000 -> 1740000 | O21: =H21+J21+K21+L21+M21+N21 -> 6228000 | P21: 5170000 | Q21: =P21-O21 -> -1058000
A22: 15 | B22: 42873 | C22: Trả hàng + đóng hàng KH 19/05 | D22: DRYU2849089 | E22: Mỹ Đình, Hà Nội - Hà Nam | J22: =1600000+140000 -> 1740000 | O22: =H22+J22+K22+L22+M22+N22 -> 1740000 | P22: 5370000 | Q22: =P22-O22 -> 3630000
A23: 16 | B23: 42874 | C23: Trả hàng NK sáng 20/05 | D23: WHLU7737238 | E23: Kim Thành, Hải Dương | J23: =850000+140000 -> 990000 | O23: =H23+J23+K23+L23+M23+N23 -> 990000 | P23: 2800000 | Q23: =P23-O23 -> 1810000
A24: 17 | B24: 42875 | C24: Đóng hàng chè sáng 21/05 | D24: OOLU9885380 | E24: Mộc Châu, Sơn La | G24: 350 | H24: 4641000 | J24: =2920000+140000 -> 3060000 | O24: =H24+J24+K24+L24+M24+N24 -> 7701000 | P24: 12181818 | Q24: =P24-O24 -> 4480818
A25: 18 | B25: 42877 | C25: Đóng hàng chè sáng 23/05 | D25: CMAU7031522 | E25: Mỹ Bằng, Yên Sơn, Tuyên Quang | G25: 230 | H25: 3049800 | J25: =1910000+140000 -> 2050000 | O25: =H25+J25+K25+L25+M25+N25 -> 5099800 | P25: 8181818 | Q25: =P25-O25 -> 3082018
A26: 19 | B26: 42879 | C26: Trả hàng + đóng hàng KH 24/05 | D26: WFHU1356335 | E26: Phố Xổm, Hà Đông - Hà Nam | J26: 1600000 | O26: =H26+J26+K26+L26+M26+N26 -> 1600000 | P26: 5370000 | Q26: =P26-O26 -> 3770000
A27: 20 | B27: 42879 | C27: Trả hàng Vietsun 25/05 | D27: TCNU4785880 | E27: KCN Duyên Thái, Thường Tín, Hà Nội | G27: 330 | H27: 4375800 | J27: =1150000+400000+140000 -> 1690000 | O27: =H27+J27+K27+L27+M27+N27 -> 6065800 | P27: 5100000 | Q27: =P27-O27 -> -965800
A28: 21 | B28: 42880 | C28: Đóng hàng KH chiều 25/05 | D28: TCNU4785880 | E28: KCN Phố Nối A, Hưng Yên | J28: 0 | O28: =H28+J28+K28+L28+M28+N28 -> 0 | P28: 0 | Q28: =P28-O28 -> 0
A29: 22 | B29: 42880 | C29: Đóng hàng chè sáng 26/05 | D29: TCNU5887927 | E29: Mộc Châu, Sơn La | J29: =2920000+140000 -> 3060000 | O29: =H29+J29+K29+L29+M29+N29 -> 3060000 | P29: 12181818 | Q29: =P29-O29 -> 9121818
A30: 23 | B30: 42881 | C30: Trả hàng Vietsun sáng 27/05 | D30: DRYU9367772 | E30: KCN Tiên Sơn, Bắc Ninh | G30: 350 | H30: 4641000 | J30: =800000+140000+400000+640000 -> 1980000 | O30: =H30+J30+K30+L30+M30+N30 -> 6621000 | P30: 3527273 | Q30: =P30-O30 -> -3093727
A31: 24 | B31: 42882 | C31: Đóng hàng KH Vietsun chiều 27/04 | D31: DRYU9367772 | E31: NM Giấy Bãi Bằng, Phù Ninh, Phú Thọ | J31: 0 | O31: =H31+J31+K31+L31+M31+N31 -> 0 | P31: 4154545 | Q31: =P31-O31 -> 4154545
A32: 25 | B32: 42884 | C32: Đóng hàng chè sáng 30/05 | D32: TCLU9873040 | E32: Mộc Châu, Sơn La | G32: 190 | H32: 2519400 | J32: =2920000+140000 -> 3060000 | O32: =H32+J32+K32+L32+M32+N32 -> 5579400 | P32: 12181818 | Q32: =P32-O32 -> 6602418
A33: 26 | B33: 42885 | C33: Trả hàng + đóng hàng KH 31/05 | D33: GMDU2141968 | E33: KCN Tân Trường, Hải Dương - Hà Nam | J33: =1340000+140000 -> 1480000 | O33: =H33+J33+K33+L33+M33+N33 -> 1480000 | P33: 4800000 | Q33: =P33-O33 -> 3320000
G34: 370 | H34: =G34*13260 -> 4906200 | O34: =H34+J34+K34+L34+M34+N34 -> 4906200 | Q34: =P34-O34 -> -4906200
B35: 42860 | C35: Thay 02 săm 11.00-20 | M35: 800000 | O35: =H35+J35+K35+L35+M35+N35 -> 800000 | Q35: =P35-O35 -> -800000
C36: Thanh toán tiền định vị bách khoa | L36: 1254000 | O36: =H36+J36+K36+L36+M36+N36 -> 1254000 | Q36: =P36-O36 -> -1254000
C37: Thanh toán tiền sửa xe 15C-136.31 (1 mô tơ bơm nước, 2 chổi gạt mưa, công làm ổ sạc) | L37: 380000 | O37: =H37+J37+K37+L37+M37+N37 -> 380000 | Q37: =P37-O37 -> -380000
C38: Trả Mạnh 2 vé đi sửa xe 15C-136.31 | L38: 100000 | O38: =H38+J38+K38+L38+M38+N38 -> 100000 | Q38: =P38-O38 -> -100000
C39: Thanh toán tiền sửa xe 15C-136.31 (man nước, cân bằng áp suất, 2 vòng bi con lăn, công thợ) | L39: 3000000 | O39: =H39+J39+K39+L39+M39+N39 -> 3000000 | Q39: =P39-O39 -> -3000000
C40: Thanh toán tiền sửa xe 15C-136.31 (Thông hàn két gió, vỏ lọc ly tâm, công thợ) | L40: 3100000 | O40: =H40+J40+K40+L40+M40+N40 -> 3100000 | Q40: =P40-O40 -> -3100000
C41: Thanh toán phí cấp lưu hành xe 15C-136.31 cho Sacombank | L41: 660000 | O41: =H41+J41+K41+L41+M41+N41 -> 660000 | Q41: =P41-O41 -> -660000
C42: Sửa xe 15C-136.31 (thay ống nước, bọc ghế lái) | L42: 700000 | O42: =H42+J42+K42+L42+M42+N42 -> 700000 | Q42: =P42-O42 -> -700000
C43: Anh Phụng thanh toán tiền mua lốp xe 15C-136.31, lx chịu 50% | L43: =7600000*50% -> 3800000 | O43: =H43+J43+K43+L43+M43+N43 -> 3800000 | Q43: =P43-O43 -> -3800000
C44: Phí gửi xe tháng 05.2017 | K44: =1200000*1.1 -> 1320000 | O44: =H44+J44+K44+L44+M44+N44 -> 1320000 | Q44: =P44-O44 -> -1320000
C45: Lương lái xe | K45: 9000000 | O45: =H45+J45+K45+L45+M45+N45 -> 9000000 | Q45: =P45-O45 -> -9000000
A46: TỔNG CỘNG | G46: =SUM(G7:G45) -> 3405 | H46: =SUM(H7:H45) -> 45742750 | I46: =SUM(I7:I45) -> 0 | J46: =SUM(J7:J45) -> 38860000 | K46: =SUM(K7:K45) -> 10320000 | L46: =SUM(L7:L45) -> 12994000 | M46: =SUM(M7:M45) -> 800000 | N46: =SUM(N7:N45) -> 0 | ... Q46: =SUM(Q7:Q45) -> 27862340
P47: LK= | Q47: ='04-2017'!Q45+'05-2017'!Q46 -> 45367418

Sheet 06-2017
A1: Bảng theo dõi doanh thu/ chi phí theo phương tiện vận chuyển
A2: Biển số xe: 15C - 136.31
A3: THÁNG 06.2017
A5: STT | B5: Ngày tháng | C5: Diễn giải | D5: Số cont | E5: Tuyến đường vận chuyển | F5: Khoảng cách (km) | G5: Chi phí | O5: Tổng chi phí | P5: Cước vận chuyển | Q5: Lợi nhuận gộp
G6: Dầu (l) | H6: Dầu (đồng) | I6: Mức TTBQ | J6: Đi đường | K6: Lương lx | L6: Sửa chữa | M6: Lốp | N6: Dầu máy
O7: =H7+J7+K7+L7+M7+N7 -> 0 | Q7: =P7-O7 -> 0
A8: 1 | B8: 42886 | C8: Trả hàng + đóng hàng KH 01/06 | D8: DRYU3093360 | E8: KCN Đại Đồng , Bắc Ninh - Hà Nam | J8: =1600000+140000 -> 1740000 | O8: =H8+J8+K8+L8+M8+N8 -> 1740000 | P8: 5070000 | Q8: =P8-O8 -> 3330000
A9: 2 | B9: 42887 | C9: Trả hàng + đóng hàng KH 02/06 | D9: WFHU1357840 | E9: KCN Đại Đồng, Bắc Ninh - Hà Nam | J9: =1600000+140000 -> 1740000 | O9: =H9+J9+K9+L9+M9+N9 -> 1740000 | P9: 5070000 | Q9: =P9-O9 -> 3330000
A10: 3 | B10: 42893 | C10: Trả hàng Vietsun sáng 07/06 | D10: WFHU5153737 | E10: Kiện Khê, Hà Nam | G10: 280 | H10: 3712800 | J10: =950000 -> 950000 | O10: =H10+J10+K10+L10+M10+N10 -> 4662800 | P10: 3972727 | Q10: =P10-O10 -> -690073
A11: 4 | B11: 42893 | C11: Đóng hàng chè sáng 08/06 | D11: WHLU0419430 | E11: Tân Lập, Mộc Châu, Sơn La | J11: =2560000+140000 -> 2700000 | O11: =H11+J11+K11+L11+M11+N11 -> 2700000 | P11: 13181818 | Q11: =P11-O11 -> 10481818
A12: 5 | B12: 42894 | C12: Trả hàng NK sáng 09/06 | D12: TEMU4330140 | E12: Mỹ Hào, Hưng Yên | G12: 360 | H12: 4852800 | J12: =800000+140000 -> 940000 | O12: =H12+J12+K12+L12+M12+N12 -> 5792800 | P12: 3000000 | Q12: =P12-O12 -> -2792800
A13: 6 | B13: 42896 | C13: Trả hàng + đóng hàng KH 10/06 | D13: DRYU3012353 | E13: Cảng Phà Đen, Hà Nội - Hà Nam | J13: =1600000+140000 -> 1740000 | O13: =H13+J13+K13+L13+M13+N13 -> 1740000 | P13: 5300000 | Q13: =P13-O13 -> 3560000
A14: 7 | B14: 42897 | C14: Trả hàng + đóng hàng KH 12/06 | D14: DRYU2901607 | E14: Quốc Oai, Hà Nội - Hà Nam | J14: =1600000+140000 -> 1740000 | O14: =H14+J14+K14+L14+M14+N14 -> 1740000 | P14: 5370000 | Q14: =P14-O14 -> 3630000
A15: 8 | B15: 42898 | C15: Trả hàng NK sáng 13/06 | D15: MRKU0060699 | E15: NM Giấy Bãi Bằng, Phù Ninh, Phú Thọ | G15: 330 | H15: 4448400 | J15: =1500000+140000 -> 1640000 | O15: =H15+J15+K15+L15+M15+N15 -> 6088400 | P15: 5300000 | Q15: =P15-O15 -> -788400
A16: 9 | B16: 42899 | C16: Trả hàng + đóng hàng KH 14/06 | D16: VSLU4494734 | E16: KCN Phố Nối A, Hưng Yên - Hà Nam | J16: =1340000+140000 -> 1480000 | O16: =H16+J16+K16+L16+M16+N16 -> 1480000 | P16: 4770000 | Q16: =P16-O16 -> 3290000
A17: 10 | B17: 42900 | C17: Trả hàng NK sáng 15/06 | D17: DFSU7330836 | E17: KCN Phố Nối A, Hưng Yên | J17: =800000+70000+70000 -> 940000 | O17: =H17+J17+K17+L17+M17+N17 -> 940000 | P17: 2900000 | Q17: =P17-O17 -> 1960000
A18: 11 | B18: 42901 | C18: Trả hàng + đóng hàng KH 16/06 | D18: DRYU2852816 | E18: Văn Lâm, Hưng Yên - Hà Nam | G18: 330 | H18: 4448800 | J18: =1600000+140000 -> 1740000 | O18: =H18+J18+K18+L18+M18+N18 -> 6188800 | P18: 5070000 | Q18: =P18-O18 -> -1118800
A19: 12 | B19: 42904 | C19: Trả hàng + đóng hàng KH 19/06 | D19: DRYU2852734 | E19: KCN Phố Nối A, Hưng Yên - Hà Nam | J19: =1340000+140000 -> 1480000 | O19: =H19+J19+K19+L19+M19+N19 -> 1480000 | P19: 4770000 | Q19: =P19-O19 -> 3290000
A20: 13 | B20: 42905 | C20: Trả hàng Vietsun sáng 20/06 | D20: DRYU9592916 | E20: Mỹ Hào, Hưng Yên | G20: 260 | H20: 3504800 | J20: =800000+140000 -> 940000 | O20: =H20+J20+K20+L20+M20+N20 -> 4444800 | P20: 2827273 | Q20: =P20-O20 -> -1617527
A21: 14 | B21: 42906 | C21: Trả hàng Vietsun sáng 21/06 | D21: TCNU4785197 | E21: KCN Duyên Thái, Thường Tín, Hà Nội | J21: =1150000+140000 -> 1290000 | O21: =H21+J21+K21+L21+M21+N21 -> 1290000 | P21: 3500000 | Q21: =P21-O21 -> 2210000
A22: 15 | B22: 42907 | C22: Trả hàng + đóng hàng KH 22/06 | D22: VSLU4498051 | E22: Nguyễn Văn Linh, Gia Thụy, Hà Nội | J22: =1600000 -> 1600000 | O22: =H22+J22+K22+L22+M22+N22 -> 1600000 | P22: 5270000 | Q22: =P22-O22 -> 3670000
A23: 16 | B23: 42908 | C23: Trả hàng NK sáng 23/06 | D23: TTNU4098892 | E23: KCN VSIP, Từ Sơn, Bắc Ninh | G23: 320 | H23: 4105600 | J23: =790000+140000 -> 930000 | O23: =H23+J23+K23+L23+M23+N23 -> 5035600 | P23: 3300000 | Q23: =P23-O23 -> -1735600
A24: 17 | B24: 42910 | C24: Trả hàng NK sáng 24/06 | D24: TEMU6712353 | E24: Trung Giã, Sóc Sơn, Hà Nội | J24: =810000+140000 -> 950000 | O24: =H24+J24+K24+L24+M24+N24 -> 950000 | P24: 3800000 | Q24: =P24-O24 -> 2850000
A25: 18 | B25: 42911 | C25: Đóng hàng xỉ bọt sáng 26/06 | D25: SEGU4339898 | E25: Phả Lại, Hải Dương | J25: =650000+140000 -> 790000 | O25: =H25+J25+K25+L25+M25+N25 -> 790000 | P25: 3181818 | Q25: =P25-O25 -> 2391818
A26: 19 | B26: 42912 | C26: Trả hàng + đóng hàng KH 27/06 | D26: DRYU2902440 | E26: Đông Thọ, Thanh Hóa - Hà Nam | G26: 300 | H26: 3849000 | J26: =1600000+140000 -> 1740000 | O26: =H26+J26+K26+L26+M26+N26 -> 5589000 | P26: 6470000 | Q26: =P26-O26 -> 881000
A27: 20 | B27: 42913 | C27: Trả hàng NK sáng 28/06 | D27: TCNU9535164 | E27: KCN Đình Bảng, Bắc Ninh | J27: =790000+140000 -> 930000 | O27: =H27+J27+K27+L27+M27+N27 -> 930000 | P27: 3300000 | Q27: =P27-O27 -> 2370000
A28: 21 | B28: 42914 | C28: Trả hàng + đóng hàng KH 29/06 | D28: TRHU3295136 | E28: Văn Điển , Hà Nội - Hà Nam | G28: 280 | H28: 3592400 | J28: =1600000+140000 -> 1740000 | O28: =H28+J28+K28+L28+M28+N28 -> 5332400 | P28: 5270000 | Q28: =P28-O28 -> -62400
A29: 22 | B29: 42915 | C29: Trả hàng + đóng hàng KH 30/06 | D29: DRYU3094752 | E29: KCN Nam Sách, Hải Dương - Phả Lại | G29: 230 | H29: =G29*12830 -> 2950900 | J29: =1340000-290000+140000 -> 1190000 | O29: =H29+J29+K29+L29+M29+N29 -> 4140900 | P29: 4100000 | Q29: =P29-O29 -> -40900
C31: Thanh toán tiền sửa xe 15C-136.31 (phớt đầu trục cơ, phớt ly tâm cánh quạt, công thợ, vòng bi tăng curoa) | L31: 2450000 | O31: =H31+J31+K31+L31+M31+N31 -> 2450000 | Q31: =P31-O31 -> -2450000
C32: Thanh toán tiền sửa xe 15C-136.31 (bảo dưỡng máy phát) | L32: 200000 | O32: =H32+J32+K32+L32+M32+N32 -> 200000 | Q32: =P32-O32 -> -200000
C33: Thanh toán tiền sửa điều hòa xe 15C-136.31 (thay vỏ quạt gió, thay bi) | L33: 500000 | O33: =H33+J33+K33+L33+M33+N33 -> 500000 | Q33: =P33-O33 -> -500000
C34: Công chứng giấy đăng kiểm xe 15C-136.31 | L34: =87000/2 -> 43500 | O34: =H34+J34+K34+L34+M34+N34 -> 43500 | Q34: =P34-O34 -> -43500
C35: Thanh toán tiền sửa xe 15C-136.31 ngày 18/06 (thay 01 săm, vá lốp) | L35: 500000 | O35: =H35+J35+K35+L35+M35+N35 -> 500000 | Q35: =P35-O35 -> -500000
C36: Phí gửi xe tháng 05.2017 | K36: =1200000*1.1 -> 1320000 | O36: =H36+J36+K36+L36+M36+N36 -> 1320000 | Q36: =P36-O36 -> -1320000
C37: Lương lái xe | K37: 9000000 | O37: =H37+J37+K37+L37+M37+N37 -> 9000000 | Q37: =P37-O37 -> -9000000
A38: TỔNG CỘNG | G38: =SUM(G7:G37) -> 2690 | H38: =SUM(H7:H37) -> 35465500 | I38: =SUM(I7:I37) -> 0 | J38: =SUM(J7:J37) -> 30930000 | K38: =SUM(K7:K37) -> 10320000 | L38: =SUM(L7:L37) -> 3693500 | M38: =SUM(M7:M37) -> 0 | N38: =SUM(N7:N37) -> 0 | ... Q38: =SUM(Q7:Q37) -> 24384636
P39: LK= | Q39: ='05-2017'!Q47+'06-2017'!Q38 -> 69752054

Sheet 07-2017
A1: Bảng theo dõi doanh thu/ chi phí theo phương tiện vận chuyển
A2: Biển số xe: 15C - 136.31
A3: THÁNG 07.2017
A5: STT | B5: Ngày tháng | C5: Diễn giải | D5: Số cont | E5: Tuyến đường vận chuyển | F5: Khoảng cách (km) | G5: Chi phí | O5: Tổng chi phí | P5: Cước vận chuyển | Q5: Lợi nhuận gộp
G6: Dầu (l) | H6: Dầu (đồng) | I6: Mức TTBQ | J6: Đi đường | K6: Lương lx | L6: Sửa chữa | M6: Lốp | N6: Dầu máy
O7: =H7+J7+K7+L7+M7+N7 -> 0 | Q7: =P7-O7 -> 0
A8: 1 | B8: 42920 | C8: Đóng hàng than hoạt tính sáng 05/07 | D8: GATU8362094 | E8: TP. Trà Vinh | J8: =790000+140000 -> 930000 | O8: =H8+J8+K8+L8+M8+N8 -> 930000 | P8: 3300000 | Q8: =P8-O8 -> 2370000
A9: 2 | B9: 42921 | C9: Trả hàng NK sáng 06/07 | D9: CAIU9018471 | E9: Trung Giã, Sóc Sơn, Hà Nội | J9: =810000+140000 -> 950000 | O9: =H9+J9+K9+L9+M9+N9 -> 950000 | P9: 3800000 | Q9: =P9-O9 -> 2850000
A10: 3 | B10: 42922 | C10: Trả hàng sáng 07/07 | D10: MEDU4014197 | E10: Phú Xuyên, Hà Nội | G10: 199 | H10: 2577050 | J10: =1150000+140000 -> 1290000 | O10: =H10+J10+K10+L10+M10+N10 -> 3867050 | P10: 3800000 | Q10: =P10-O10 -> -67050
A11: 4 | B11: 42923 | C11: Trả hàng NK sáng 07/07 | D11: BEAU2893867 | E11: Cụm CN Phú Thị, Gia Lâm, Hà Nội | J11: =1150000+140000 -> 1290000 | O11: =H11+J11+K11+L11+M11+N11 -> 1290000 | P11: 3200000 | Q11: =P11-O11 -> 1910000
A12: 5 | B12: 42924 | C12: Trả hàng NK sáng 09/07 | D12: OOLU9470614 | E12: Kim Động, Hưng Yên | G12: 200 | H12: 2590000 | J12: =800000+140000 -> 940000 | O12: =H12+J12+K12+L12+M12+N12 -> 3530000 | P12: 3000000 | Q12: =P12-O12 -> -530000
A13: 6 | B13: 42925 | C13: Trả hàng + đóng hàng KH sáng 10/07 | D13: DRYU2852159 | E13: KCN Đại Đồng, Bắc Ninh - Hà Nam | J13: =1600000+140000 -> 1740000 | O13: =H13+J13+K13+L13+M13+N13 -> 1740000 | P13: 5070000 | Q13: =P13-O13 -> 3330000
A14: 7 | B14: 42926 | C14: Đóng hàng chè sáng 12/07 | D14: WHSU5056903 | E14: Thuận Châu, Sơn La | G14: 210 | H14: 2719500 | J14: =4670000+140000 -> 4810000 | O14: =H14+J14+K14+L14+M14+N14 -> 7529500 | P14: 19545455 | Q14: =P14-O14 -> 12015955
A15: 8 | B15: 42929 | C15: Trả hàng sáng 13/07 | D15: SEGU1554182 | E15: KCN Vân Trung, Bắc Giang | G15: 340 | H15: 4403000 | J15: 790000 | O15: =H15+J15+K15+L15+M15+N15 -> 5193000 | P15: 3200000 | Q15: =P15-O15 -> -1993000
A16: 9 | B16: 42929 | C16: Đóng hàng chè sáng 14/07 | D16: DRYU9205719 | E16: Mỹ Bằng, Yên Sơn, Tuyên Quang | J16: =1910000+140000 -> 2050000 | O16: =H16+J16+K16+L16+M16+N16 -> 2050000 | P16: 7500000 | Q16: =P16-O16 -> 5450000
A17: 10 | B17: 42930 | C17: Đóng hàng chè chiều 15/07 | D17: BMOU4144820 | E17: Mỹ Bằng, Yên Sơn, Tuyên Quang | G17: 260 | H17: 3367000 | J17: =1910000+140000 -> 2050000 | O17: =H17+J17+K17+L17+M17+N17 -> 5417000 | P17: 7500000 | Q17: =P17-O17 -> 2083000
A18: 11 | B18: 42933 | C18: Đóng hàng chè sáng 16/07 | D18: OOLU9888564 | E18: Mộc Châu, Sơn La | G18: 180 | H18: 2331000 | J18: =2920000+140000 -> 3060000 | O18: =H18+J18+K18+L18+M18+N18 -> 5391000 | P18: 12181818 | Q18: =P18-O18 -> 6790818
A19: 12 | B19: 42933 | C19: Đóng hàng chè sáng 18/07 | D19: TCLU1569387 | E19: Mộc Châu, Sơn La | G19: 250 | H19: 3237500 | J19: =2920000+140000 -> 3060000 | O19: =H19+J19+K19+L19+M19+N19 -> 6297500 | P19: 12181818 | Q19: =P19-O19 -> 5884318
A20: 13 | B20: 42935 | C20: Đóng hàng chè sáng 20/07 | D20: TEMU7286210 | E20: Mỹ Bằng, Yên Sơn, Tuyên Quang | G20: 245 | H20: 3172750 | J20: =1910000+140000 -> 2050000 | O20: =H20+J20+K20+L20+M20+N20 -> 5222750 | P20: 7500000 | Q20: =P20-O20 -> 2277250
A21: 14 | B21: 42936 | C21: Đóng hàng phân sáng 21/07 | D21: EISU3974890 | E21: Hoa Lư, Ninh Bình | J21: =1000000+140000-50000 -> 1090000 | O21: =H21+J21+K21+L21+M21+N21 -> 1090000 | P21: 3800000 | Q21: =P21-O21 -> 2710000
A22: 15 | B22: 42937 | C22: Đóng hàng phân sáng 22/07 | D22: DRYU2972318 | E22: Hoa Lư, Ninh Bình | G22: 290 | H22: 3862800 | J22: =1000000+140000-50000 -> 1090000 | O22: =H22+J22+K22+L22+M22+N22 -> 4952800 | P22: 3800000 | Q22: =P22-O22 -> -1152800
A23: 16 | B23: 42938 | C23: Đóng hàng phân sáng 23/07 | D23: DRYU2775751 | E23: Hoa Lư, Ninh Bình | J23: =1000000+140000-50000 -> 1090000 | O23: =H23+J23+K23+L23+M23+N23 -> 1090000 | P23: 3800000 | Q23: =P23-O23 -> 2710000
A24: 17 | B24: 42938 | C24: Đóng hàng chè sáng 24/07 | D24: BSIU9300182 | E24: Mỹ Bằng, Yên Sơn, Tuyên Quang | J24: =1910000+140000 -> 2050000 | O24: =H24+J24+K24+L24+M24+N24 -> 2050000 | P24: 7500000 | Q24: =P24-O24 -> 5450000
A25: 18 | B25: 42940 | C25: Đóng hàng phân sáng 25/07 | D25: EGSU3016959 | E25: Hoa Lư, Ninh Bình | G25: 200 | H25: 2664000 | J25: =1000000-50000 -> 950000 | O25: =H25+J25+K25+L25+M25+N25 -> 3614000 | P25: 3800000 | Q25: =P25-O25 -> 186000
A26: 19 | B26: 42941 | C26: Đóng hàng phân sáng 26/07 | D26: FCIU4463852 | E26: Hoa Lư, Ninh Bình | G26: 280 | H26: 3729600 | J26: =140000+1000000-50000 -> 1090000 | O26: =H26+J26+K26+L26+M26+N26 -> 4819600 | P26: 3800000 | Q26: =P26-O26 -> -1019600
A27: 20 | B27: 42942 | C27: Trả hàng NK sáng 27/07 | D27: DRYU9016823 | E27: KCN Gia Lách, Hà Tĩnh | J27: =2800000+140000 -> 2940000 | O27: =H27+J27+K27+L27+M27+N27 -> 2940000 | P27: 8200000 | Q27: =P27-O27 -> 5260000
A28: 21 | B28: 42945 | C28: Trả hàng + đóng hàng KH 29/07 | D28: DRYU2848539 | E28: Dị Sử, Mỹ Hào, Hưng Yên - Hà Nam | G28: 330 | H28: 4395600 | J28: =1340000+140000 -> 1480000 | O28: =H28+J28+K28+L28+M28+N28 -> 5875600 | P28: 4700000 | Q28: =P28-O28 -> -1175600
A29: 22 | B29: 42946 | C29: Trả hàng + đóng hàng KH 31/07 | D29: DRYU2901700 | E29: Chương Mỹ, Hà Nội - Hà Nam | G29: 270 | H29: =G29*13320 -> 3596400 | J29: =1600000+140000 -> 1740000 | O29: =H29+J29+K29+L29+M29+N29 -> 5336400 | P29: 5370000 | Q29: =P29-O29 -> 33600
O30: =H30+J30+K30+L30+M30+N30 -> 0 | Q30: =P30-O30 -> 0
C31: Công chứng vay tiền hạn mức xe 15C-136.31 | L31: 970000 | O31: =H31+J31+K31+L31+M31+N31 -> 970000 | Q31: =P31-O31 -> -970000
C32: Ép plastic phù hiệu xe | L32: 7500 | O32: =H32+J32+K32+L32+M32+N32 -> 7500 | Q32: =P32-O32 -> -7500
C33: Thanh toán tiền lốp xe 15C-136.31 | M33: 11600000 | O33: =H33+J33+K33+L33+M33+N33 -> 11600000 | Q33: =P33-O33 -> -11600000
C34: Thanh toán tiền đổi phù hiệu | L34: 300000 | O34: =H34+J34+K34+L34+M34+N34 -> 300000 | Q34: =P34-O34 -> -300000
C35: Thanh toán tiền sửa xe 15C-136.31 (phớt moay ơ, bi moay ơ, dầu moay ơ, tán má phanh, lò xo phanh, công tháo..) | L35: 2410000 | O35: =H35+J35+K35+L35+M35+N35 -> 2410000 | Q35: =P35-O35 -> -2410000
C36: Lọc dầu xe 15C-136.31 | L36: 770000 | O36: =H36+J36+K36+L36+M36+N36 -> 770000 | Q36: =P36-O36 -> -770000
C37: Thanh toán tiền sửa xe 15C-136.31 (thay bóng cabin) | L37: 4000000 | O37: =H37+J37+K37+L37+M37+N37 -> 4000000 | Q37: =P37-O37 -> -4000000
C38: Thanh toán tiền lọc nhớt xe 15C-136.31 | L38: 950000 | O38: =H38+J38+K38+L38+M38+N38 -> 950000 | Q38: =P38-O38 -> -950000
C39: Thanh toán tiền sửa xe 15C-136.31 (thay 2 quả bóng cabin ngày 28/7) | L39: 300000 | O39: =H39+J39+K39+L39+M39+N39 -> 300000 | Q39: =P39-O39 -> -300000
C40: Thanh toán tiền sửa xe 15C-136.31 (công tháo lắp 2 lọc diezen, mắc phóc) ngày 11/7 | L40: 100000 | O40: =H40+J40+K40+L40+M40+N40 -> 100000 | Q40: =P40-O40 -> -100000
C41: Thanh toán tiền sửa xe 15C-136.31 (kiểm tra dầu cầu, số, dầu moay ơ, phớt moay ơ, công tháo lắp, dầu rửa, rẻ lau, keo) ngày 25/07 | L41: 900000 | O41: =H41+J41+K41+L41+M41+N41 -> 900000 | Q41: =P41-O41 -> -900000
C42: Thanh toán tiền sửa xe 15C-136.31 ngày 3/6 (sửa chữa bảng đèn hậu đầu kéo, bơm mỡ) | L42: 350000 | O42: =H42+J42+K42+L42+M42+N42 -> 350000 | Q42: =P42-O42 -> -350000
C43: Phí gửi xe | K43: =1200000*1.1 -> 1320000 | O43: =H43+J43+K43+L43+M43+N43 -> 1320000 | Q43: =P43-O43 -> -1320000
C44: Lương lái xe | K44: 8653846 | O44: =H44+J44+K44+L44+M44+N44 -> 8653846 | Q44: =P44-O44 -> -8653846
A45: TỔNG CỘNG | G45: =SUM(G7:G44) -> 3254 | H45: =SUM(H7:H44) -> 42646200 | I45: =SUM(I7:I44) -> 0 | J45: =SUM(J7:J44) -> 38530000 | K45: =SUM(K7:K44) -> 9973846 | L45: =SUM(L7:L44) -> 11057500 | M45: =SUM(M7:M44) -> 11600000 | N45: =SUM(N7:N44) -> 0 | ... Q45: =SUM(Q7:Q44) -> 22741545
P46: LK= | Q46: ='06-2017'!Q39+'07-2017'!Q45 -> 92493599

Sheet 08-2017
A1: Bảng theo dõi doanh thu/ chi phí theo phương tiện vận chuyển
A2: Biển số xe: 15C - 136.31
A3: THÁNG 08.2017
A5: STT | B5: Ngày tháng | C5: Diễn giải | D5: Số cont | E5: Tuyến đường vận chuyển | F5: Khoảng cách (km) | G5: Chi phí | O5: Tổng chi phí | P5: Cước vận chuyển | Q5: Lợi nhuận gộp
G6: Dầu (l) | H6: Dầu (đồng) | I6: Mức TTBQ | J6: Đi đường | K6: Lương lx | L6: Sửa chữa | M6: Lốp | N6: Dầu máy
O7: =H7+J7+K7+L7+M7+N7 -> 0 | Q7: =P7-O7 -> 0
A8: 1 | B8: 42948 | C8: Đóng hàng chè sáng 02/08 | D8: WHSU2159343 | E8: Mộc Châu, Sơn La | J8: =2920000+140000 -> 3060000 | O8: =H8+J8+K8+L8+M8+N8 -> 3060000 | P8: 12181818 | Q8: =P8-O8 -> 9121818
A9: 2 | B9: 42949 | C9: Trả hàng + đóng hàng KH 03/08 | D9: WFHU1362169 | E9: KCN Tân Quang, Hưng Yên - Hà Nam | G9: 230 | H9: 3063600 | J9: =1600000+140000 -> 1740000 | O9: =H9+J9+K9+L9+M9+N9 -> 4803600 | P9: 5070000 | Q9: =P9-O9 -> 266400
A10: 3 | B10: 42950 | C10: Trả hàng + đóng hàng KH 04/08 | D10: GMDU2150548 | E10: TP Hải Dương - Hà Nam | J10: =1340000+140000 -> 1480000 | O10: =H10+J10+K10+L10+M10+N10 -> 1480000 | P10: 4700000 | Q10: =P10-O10 -> 3220000
A11: 4 | B11: 42951 | C11: Đóng hàng chè sáng 05/08 | D11: CAIU9984860 | E11: Mộc Châu, Sơn La | G11: 270 | H11: 3723300 | J11: =2900000+140000 -> 3040000 | O11: =H11+J11+K11+L11+M11+N11 -> 6763300 | P11: 12181818 | Q11: =P11-O11 -> 5418518
A12: 5 | B12: 42952 | C12: Đóng hàng phân 07/08 | D12: EISU2095263 | E12: Hoa Lư, Ninh Bình | J12: =950000+140000 -> 1090000 | O12: =H12+J12+K12+L12+M12+N12 -> 1090000 | P12: 3800000 | Q12: =P12-O12 -> 2710000
A13: 6 | B13: 42952 | C13: Đóng hàng phân 09/08 | D13: TEMU4266740 | E13: Hoa Lư, Ninh Bình | J13: =950000+140000 -> 1090000 | O13: =H13+J13+K13+L13+M13+N13 -> 1090000 | P13: 3800000 | Q13: =P13-O13 -> 2710000
A14: 7 | B14: 42954 | C14: Đóng hàng chè sáng 08/08 | D14: CXDU2333001 | E14: Vân Hồ, Sơn La | G14: 360 | H14: 4964400 | J14: =2920000+140000 -> 3060000 | O14: =H14+J14+K14+L14+M14+N14 -> 8024400 | P14: 14090909 | Q14: =P14-O14 -> 6066509
A15: 8 | B15: 42958 | C15: Đóng hàng chè sáng 14/08 | D15: SEGU4503363 | E15: Vân Hồ, Sơn La | G15: 250 | H15: 3447500 | J15: =2920000+140000 -> 3060000 | O15: =H15+J15+K15+L15+M15+N15 -> 6507500 | P15: 14090909 | Q15: =P15-O15 -> 7583409
A16: 9 | B16: 42959 | C16: Đóng hàng chè chiều 15/08 | D16: FCGU1668430 | E16: Mỹ Bằng, Yên Sơn, Tuyên Quang | G16: 350 | H16: 4826500 | J16: =1910000+140000-210000 -> 1840000 | O16: =H16+J16+K16+L16+M16+N16 -> 6666500 | P16: 7500000 | Q16: =P16-O16 -> 833500
A17: 10 | B17: 42962 | C17: Đóng hàng XK sáng 16/08 | D17: WHLU0572100 | E17: Mỹ Hào, Hưng Yên | J17: =800000+140000 -> 940000 | O17: =H17+J17+K17+L17+M17+N17 -> 940000 | P17: 3000000 | Q17: =P17-O17 -> 2060000
A18: 11 | B18: 42963 | C18: Trả hàng Vietsun sáng 17/08 | D18: DRYU9969595 | E18: Dị Sử, Mỹ Hào, Hưng Yên | G18: 260 | H18: 3585400 | J18: =800000+140000 -> 940000 | O18: =H18+J18+K18+L18+M18+N18 -> 4525400 | P18: 2827273 | Q18: =P18-O18 -> -1698127
A19: 12 | B19: 42964 | C19: Đóng hàng chè sáng 18/08 | D19: MAGU5404186 | E19: Mỹ Bằng, Yên Sơn, Tuyên Quang | J19: =1700000+140000 -> 1840000 | O19: =H19+J19+K19+L19+M19+N19 -> 1840000 | P19: 7500000 | Q19: =P19-O19 -> 5660000
A20: 13 | B20: 42966 | C20: Trả hàng NK sáng 19/08 | D20: SEGU5739604 | E20: KCN Ngọc Hồi, Thanh Trì, Hà Nội | J20: =1150000+140000 -> 1290000 | O20: =H20+J20+K20+L20+M20+N20 -> 1290000 | P20: 3700000 | Q20: =P20-O20 -> 2410000
A21: 14 | B21: 42967 | C21: Trả hàng + đóng hàng KH 21/08 | D21: VSLU3043192 | E21: KCN Phúc Điền, Hải Dương - Hà Nam | G21: 360 | H21: 4964400 | J21: =1340000+140000 -> 1480000 | O21: =H21+J21+K21+L21+M21+N21 -> 6444400 | P21: 4700000 | Q21: =P21-O21 -> -1744400
A22: 15 | B22: 42968 | C22: Trả hàng Vietsun sáng 22/08 | D22: DRYU9591416 | E22: Ngũ Hiệp, Thanh Trì, Hà Nội | J22: =1150000+140000 -> 1290000 | O22: =H22+J22+K22+L22+M22+N22 -> 1290000 | P22: 3500000 | Q22: =P22-O22 -> 2210000
A23: 16 | B23: 42969 | C23: Đóng hàng chè sáng 23/08 | D23: WHLU5587170 | E23: Mộc Châu, Sơn La | G23: 230 | H23: 3171700 | J23: =2920000+140000 -> 3060000 | O23: =H23+J23+K23+L23+M23+N23 -> 6231700 | P23: 12727273 | Q23: =P23-O23 -> 6495573
A24: 17 | B24: 42970 | C24: Trả hàng + đóng hàng KH 24/08 | D24: GMDU2142563 | E24: Dị Sử, Mỹ Hào, Hưng Yên - Hà Nam | J24: =1340000+140000 -> 1480000 | O24: =H24+J24+K24+L24+M24+N24 -> 1480000 | P24: 4700000 | Q24: =P24-O24 -> 3220000
A25: 18 | B25: 42971 | C25: Trả hàng Vietsun sáng 25/08 | D25: DRYU9591967 | E25: Dị Sử, Mỹ Hào, Hưng Yên | G25: 245 | H25: 3378500 | J25: =800000+140000 -> 940000 | O25: =H25+J25+K25+L25+M25+N25 -> 4318500 | P25: 2827273 | Q25: =P25-O25 -> -1491227
A26: 19 | B26: 42972 | C26: Trả hàng NK sáng 26/08 | D26: TCLU9644851 | E26: KCN Ngọc Hồi, Thanh Trì, Hà Nội | J26: =1150000+140000 -> 1290000 | O26: =H26+J26+K26+L26+M26+N26 -> 1290000 | P26: 3870000 | Q26: =P26-O26 -> 2580000
A27: 20 | B27: 42975 | C27: Đóng hàng xỉ bọt sáng 28/08 | D27: TEMU6146678 | E27: Phả Lại, Hải Dương | G27: 280 | H27: 3861200 | J27: =690000+70000+100000 -> 860000 | O27: =H27+J27+K27+L27+M27+N27 -> 4721200 | P27: 3181818 | Q27: =P27-O27 -> -1539382
A28: 21 | B28: 42975 | C28: Đóng hàng chè sáng 29/08 | D28: BSIU9345525 | E28: Mộc Châu, Sơn La | J28: =2920000+140000 -> 3060000 | O28: =H28+J28+K28+L28+M28+N28 -> 3060000 | P28: 12181818 | Q28: =P28-O28 -> 9121818
A29: 22 | B29: 42977 | C29: Đóng hàng chè sáng 31/08 | D29: TEMU5599690 | E29: Mộc Châu, Sơn La | G29: 300 | H29: 4137000 | J29: =2920000+140000 -> 3060000 | O29: =H29+J29+K29+L29+M29+N29 -> 7197000 | P29: 13181818 | Q29: =P29-O29 -> 5984818
G30: 240 | H30: =G30*13790 -> 3309600 | O30: =H30+J30+K30+L30+M30+N30 -> 3309600 | Q30: =P30-O30 -> -3309600
C31: Thanh toán tiền mua 02 cục chèn, thuê xe ôm thăm đường Công ty chè Satoen cho Mạnh lái xe 15C-136.31 | L31: 250000 | O31: =H31+J31+K31+L31+M31+N31 -> 250000 | Q31: =P31-O31 -> -250000
C32: Thanh toán tiền sửa xe 15C-136.31 (thay 1 bóng pha+1 cốt) | L32: 100000 | O32: =H32+J32+K32+L32+M32+N32 -> 100000 | Q32: =P32-O32 -> -100000
C33: Dầu nhớt 40L | N33: =11500000/208*40 -> 2211538.5 | O33: =H33+J33+K33+L33+M33+N33 -> 2211538.5 | Q33: =P33-O33 -> -2211538.5
C34: Phí gửi xe | K34: 1320000 | O34: =H34+J34+K34+L34+M34+N34 -> 1320000 | Q34: =P34-O34 -> -1320000
C35: Lương + thưởng lái xe | K35: 10192308 | O35: =H35+J35+K35+L35+M35+N35 -> 10192308 | Q35: =P35-O35 -> -10192308
A36: TỔNG CỘNG | G36: =SUM(G7:G35) -> 3375 | H36: =SUM(H7:H35) -> 46433100 | I36: =SUM(I7:I35) -> 0 | J36: =SUM(J7:J35) -> 40990000 | K36: =SUM(K7:K35) -> 11512308 | L36: =SUM(L7:L35) -> 350000 | M36: =SUM(M7:M35) -> 0 | N36: =SUM(N7:N35) -> 2211538.5 | ... Q36: =SUM(Q7:Q35) -> 53815781
P37: LK= | Q37: ='[1]07-2017'!Q46+'[1]08-2017'!Q36 -> 1.4630938e+08

Sheet 09-2017
A1: Bảng theo dõi doanh thu/ chi phí theo phương tiện vận chuyển
A2: Biển số xe: 15C - 136.31
A3: THÁNG 09.2017
A5: STT | B5: Ngày tháng | C5: Diễn giải | D5: Số cont | E5: Tuyến đường vận chuyển | F5: Khoảng cách (km) | G5: Chi phí | O5: Tổng chi phí | P5: Cước vận chuyển | Q5: Lợi nhuận gộp
G6: Dầu (l) | H6: Dầu (đồng) | I6: Mức TTBQ | J6: Đi đường | K6: Lương lx | L6: Sửa chữa | M6: Lốp | N6: Dầu máy
O7: =H7+J7+K7+L7+M7+N7 -> 0 | Q7: =P7-O7 -> 0
A8: 1 | B8: 42978 | C8: Trả hàng NK sáng 01/09 | D8: NYKU4343183 | E8: KCN Ngọc Hồi, Thanh Trì, Hà Nội | J8: 1150000 | O8: =H8+J8+K8+L8+M8+N8 -> 1150000 | P8: 3870000 | Q8: =P8-O8 -> 2720000
A9: 2 | B9: 42979 | C9: Đóng hàng chè sáng 04/09 | D9: TCLU8633338 | E9: Mỹ Bằng, Yên Sơn, Tuyên Quang | J9: =1910000-200000+140000 -> 1850000 | O9: =H9+J9+K9+L9+M9+N9 -> 1850000 | P9: 7500000 | Q9: =P9-O9 -> 5650000
A10: 3 | B10: 42982 | C10: Trả hàng + đóng hàng KH 05/09 | D10: DRYU2851614 | E10: Dị Sử, Mỹ Hào, Hưng Yên - Hà Nam | G10: 280 | H10: 3861200 | J10: =1340000+140000 -> 1480000 | O10: =H10+J10+K10+L10+M10+N10 -> 5341200 | P10: 4770000 | Q10: =P10-O10 -> -571200
A11: 4 | B11: 42983 | C11: Đóng hàng chè sáng 06/09 | D11: GLDU9974115 | E11: Mỹ Bằng, Yên Sơn, Tuyên Quang | J11: =1700000+140000 -> 1840000 | O11: =H11+J11+K11+L11+M11+N11 -> 1840000 | P11: 7500000 | Q11: =P11-O11 -> 5660000
A12: 5 | B12: 42984 | C12: Trả hàng NK sáng 07/09 | D12: TGHU9426463 | E12: KCN Đình Bảng, Bắc Ninh | G12: 310 | H12: 4324500 | J12: =790000+140000 -> 930000 | O12: =H12+J12+K12+L12+M12+N12 -> 5254500 | P12: 3300000 | Q12: =P12-O12 -> -1954500
A13: 6 | B13: 42985 | C13: Trả hàng NK sáng 08/09 | D13: WHLU5702417 | E13: KCN Đình Bảng, Bắc Ninh | J13: =790000+140000 -> 930000 | O13: =H13+J13+K13+L13+M13+N13 -> 930000 | P13: 3300000 | Q13: =P13-O13 -> 2370000
A14: 7 | B14: 42986 | C14: Đóng hàng chè sáng 09/09 | D14: OCGU2073245 | E14: Vân Hồ, Sơn La | G14: 190 | H14: 2650500 | J14: =3920000+140000 -> 4060000 | O14: =H14+J14+K14+L14+M14+N14 -> 6710500 | P14: 18181818 | Q14: =P14-O14 -> 11471318
A15: 8 | B15: 42986 | C15: Đóng hàng chè sáng 09/09 | D15: SEGU2049009 | E15: Vân Hồ, Sơn La | J15: 0 | O15: =H15+J15+K15+L15+M15+N15 -> 0 | P15: 0 | Q15: =P15-O15 -> 0
A16: 9 | B16: 42989 | C16: Trả hàng Vietsun sáng 11/09 | D16: DRYU9719003 | E16: Ngũ Hiệp, Thanh Trì, Hà Nội | G16: 250 | H16: 3487500 | J16: =1150000+140000 -> 1290000 | O16: =H16+J16+K16+L16+M16+N16 -> 4777500 | P16: 3500000 | Q16: =P16-O16 -> -1277500
A17: 10 | B17: 42989 | C17: Trả hàng + đóng hàng KH 12/09 | D17: NPLU2211150 | E17: Hà Nam - Hà Nam | J17: =1100000+140000+200000 -> 1440000 | O17: =H17+J17+K17+L17+M17+N17 -> 1440000 | P17: 4900000 | Q17: =P17-O17 -> 3460000
A18: 11 | B18: 42990 | C18: Đóng hàng chè sáng 13/09 | D18: HJLU1389684 | E18: Tân Lập, Mộc Châu, Sơn La | G18: 230 | H18: 3208500 | J18: =2560000+100000 -> 2660000 | O18: =H18+J18+K18+L18+M18+N18 -> 5868500 | P18: 13181818 | Q18: =P18-O18 -> 7313318
A19: 12 | B19: 42991 | C19: Đóng hàng chè sáng 14/09 | D19: YMMU6139346 | E19: Mộc Châu, Sơn La | G19: 240 | H19: 3348000 | J19: =2920000+140000 -> 3060000 | O19: =H19+J19+K19+L19+M19+N19 -> 6408000 | P19: 12181818 | Q19: =P19-O19 -> 5773818
A20: 13 | B20: 42993 | C20: Trả hàng + đóng hàng KH 16/09 | D20: TRHU3295202 | E20: KCN Đại Đồng, Bắc Ninh - Hà Nam | G20: 240 | H20: 3348000 | J20: =1600000+140000+200000 -> 1940000 | O20: =H20+J20+K20+L20+M20+N20 -> 5288000 | P20: 5300000 | Q20: =P20-O20 -> 12000
B21: 42996 | C21: Đóng hàng chè sáng 19/09 | D21: DFSU6616002 | E21: Mỹ Bằng, Yên Sơn, Tuyên Quang | J21: =1710000+140000 -> 1850000 | O21: =H21+J21+K21+L21+M21+N21 -> 1850000 | P21: 7500000 | Q21: =P21-O21 -> 5650000
B22: 42997 | C22: Đóng hàng chè sáng 20/09 | D22: YMMU6065536 | E22: An Dương, Hải Phòng | G22: 320 | H22: 4464000 | J22: 340000 | O22: =H22+J22+K22+L22+M22+N22 -> 4804000 | P22: 3636364 | Q22: =P22-O22 -> -1167636
B23: 42998 | C23: Trả hàng + đóng bột đá KH 20/09 | D23: GLDU5470944 | E23: KCN Phố Nối, Hưng Yên - Hà Nam | J23: =150000+1340000+140000+200000 -> 1830000 | O23: =H23+J23+K23+L23+M23+N23 -> 1830000 | P23: 5350000 | Q23: =P23-O23 -> 3520000
B24: 42998 | C24: Trả hàng NK sáng 21/09 | D24: TEMU4653626 | E24: KCN Đại Đồng, Bắc Ninh | J24: 930000 | O24: =H24+J24+K24+L24+M24+N24 -> 930000 | P24: 3200000 | Q24: =P24-O24 -> 2270000
B25: 42999 | C25: Đóng hàng chè sáng 22/09 | D25: CRSU9291813 | E25: Mỹ Bằng, Yên Sơn, Tuyên Quang | G25: 220 | H25: 3176800 | J25: 1850000 | O25: =H25+J25+K25+L25+M25+N25 -> 5026800 | P25: 7500000 | Q25: =P25-O25 -> 2473200
B26: 43000 | C26: Trả hàng NK sáng 23/09 | D26: TCNU6267999 | E26: An Dương, Hải Phòng | J26: 340000 | O26: =H26+J26+K26+L26+M26+N26 -> 340000 | P26: 1700000 | Q26: =P26-O26 -> 1360000
B27: 43000 | C27: Đóng hàng chè sáng 25/09 | D27: BMOU5694009 | E27: Tô Múa, Vân Hồ, Sơn La | G27: 200 | H27: 2888000 | J27: 3060000 | O27: =H27+J27+K27+L27+M27+N27 -> 5948000 | P27: 14545455 | Q27: =P27-O27 -> 8597455
B28: 43004 | C28: Đóng hàng chè sáng 27/09 | D28: HJLU1356947 | E28: Tân Lập, Mộc Châu, Sơn La | G28: 290 | H28: 4187600 | J28: 2690000 | O28: =H28+J28+K28+L28+M28+N28 -> 6877600 | P28: 13181818 | Q28: =P28-O28 -> 6304218
B29: 43006 | C29: Trả hàng + đóng hàng KH 28/09 | D29: VNLU3014926 | E29: Văn Giang, Hưng Yên - Hà Nam | G29: 240 | H29: 3465600 | J29: 1275000 | O29: =H29+J29+K29+L29+M29+N29 -> 4740600 | P29: 4900000 | Q29: =P29-O29 -> 159400
C30: Thanh toán tiền bồi thường dây điện cho Mạnh lái xe 15C-136.31 | L30: 1000000 | O30: =H30+J30+K30+L30+M30+N30 -> 1000000 | Q30: =P30-O30 -> -1000000
C31: Thanh toán tiền mua 02 lốp xe 15C-136.31 | M31: 11800000 | O31: =H31+J31+K31+L31+M31+N31 -> 11800000 | Q31: =P31-O31 -> -11800000
C32: Trả Mạnh mua lắp moay ơ xe 15C-136.31 | L32: 550000 | O32: =H32+J32+K32+L32+M32+N32 -> 550000 | Q32: =P32-O32 -> -550000
C33: Phí gửi xe | K33: 1320000 | O33: =H33+J33+K33+L33+M33+N33 -> 1320000 | Q33: =P33-O33 -> -1320000
C34: Lương | K34: 8653846 | O34: =H34+J34+K34+L34+M34+N34 -> 8653846 | Q34: =P34-O34 -> -8653846
A35: TỔNG CỘNG | G35: =SUM(G7:G34) -> 3010 | H35: =SUM(H7:H34) -> 42410200 | I35: =SUM(I7:I34) -> 0 | J35: =SUM(J7:J34) -> 36795000 | K35: =SUM(K7:K34) -> 9973846 | L35: =SUM(L7:L34) -> 1550000 | M35: =SUM(M7:M34) -> 11800000 | N35: =SUM(N7:N34) -> 0 | ... Q35: =SUM(Q7:Q34) -> 46470045
P36: LK= | Q36: ='08-2017'!Q37+'09-2017'!Q35 -> 1.9277942e+08

Sheet 10-2017
A1: Bảng theo dõi doanh thu/ chi phí theo phương tiện vận chuyển
A2: Biển số xe: 15C - 136.31
A3: THÁNG 10.2017
A5: STT | B5: Ngày tháng | C5: Diễn giải | D5: Số cont | E5: Tuyến đường vận chuyển | F5: Khoảng cách (km) | G5: Chi phí | O5: Tổng chi phí | P5: Cước vận chuyển | Q5: Lợi nhuận gộp
G6: Dầu (l) | H6: Dầu (đồng) | I6: Mức TTBQ | J6: Đi đường | K6: Lương lx | L6: Sửa chữa | M6: Lốp | N6: Dầu máy
O7: =H7+J7+K7+L7+M7+N7 -> 0 | Q7: =P7-O7 -> 0
A8: 1 | B8: 43010 | C8: Đóng hàng tro bay 02/10 | D8: MSKU7906939 | E8: Phả Lại, Hải Dương | G8: 290 | H8: 4187600 | J8: 790000 | O8: =H8+J8+K8+L8+M8+N8 -> 4977600 | P8: 3000000 | Q8: =P8-O8 -> -1977600
A9: 2 | B9: 43010 | C9: Đóng hàng tro bay 03/10 | D9: MSKU2941140 | E9: Phả Lại, Hải Dương | J9: 790000 | O9: =H9+J9+K9+L9+M9+N9 -> 790000 | P9: 3000000 | Q9: =P9-O9 -> 2210000
A10: 3 | B10: 43011 | C10: Trả hàng NK chiều 04/10 | D10: BSIU2475980 | E10: KCN Vân Trung, Việt Yên, Bắc Giang | J10: 570000 | O10: =H10+J10+K10+L10+M10+N10 -> 570000 | P10: 3200000 | Q10: =P10-O10 -> 2630000
A11: 4 | B11: 43012 | C11: Trả hàng Vietsky sáng 05/10 | D11: GMDU8150139 | E11: KCN Quất Động, Thường Tín, Hà Nội | J11: =930000+400000 -> 1330000 | O11: =H11+J11+K11+L11+M11+N11 -> 1330000 | P11: 3500000 | Q11: =P11-O11 -> 2170000
A12: 5 | B12: 43013 | C12: Đóng hàng KH chiều 05/10 | D12: GMDU8150139 | E12: KCN Hà Bình Phương, Hà Nội | G12: 230 | H12: 3321200 | J12: 0 | O12: =H12+J12+K12+L12+M12+N12 -> 3321200 | P12: 2000000 | Q12: =P12-O12 -> -1321200
A13: 6 | B13: 43013 | C13: Trả hàng Vietsky sáng 06/10 | D13: GMTU7030151 | E13: KCN Quất Động, Thường Tín, Hà Nội | J13: 930000 | O13: =H13+J13+K13+L13+M13+N13 -> 930000 | P13: 3500000 | Q13: =P13-O13 -> 2570000
A14: 7 | B14: 43014 | C14: Đóng hàng chè sáng 07/10 | D14: OOLU9659193 | E14: Mộc Châu, Sơn La | G14: 220 | H14: 3207600 | J14: 2700000 | O14: =H14+J14+K14+L14+M14+N14 -> 5907600 | P14: 12181818 | Q14: =P14-O14 -> 6274218
A15: 8 | B15: 43017 | C15: Trả hàng NK chiều10/10 | D15: CBHU3490120 | E15: KCN Vân Trung, Việt Yên, Bắc Giang | G15: 245 | H15: 3572100 | J15: 900000 | O15: =H15+J15+K15+L15+M15+N15 -> 4472100 | P15: 3200000 | Q15: =P15-O15 -> -1272100
A16: 9 | B16: 43019 | C16: Đóng hàng XK chiều 11/10 | D16: CAXU9990802 | E16: KCN Đại Đồng, Bắc Ninh | G16: 170 | H16: 2478600 | J16: 570000 | O16: =H16+J16+K16+L16+M16+N16 -> 3048600 | P16: 3200000 | Q16: =P16-O16 -> 151400
A17: 10 | B17: 43019 | C17: Đóng hàng chè sáng 12/10 | D17: UACU5894580 | E17: Mỹ Bằng, Yên Sơn, Tuyên Quang | J17: 1480000 | O17: =H17+J17+K17+L17+M17+N17 -> 1480000 | P17: 7500000 | Q17: =P17-O17 -> 6020000
A18: 11 | B18: 43020 | C18: Trả hàng NK sáng 13/10 | D18: YMMU6152923 | E18: Ngọc Hồi, Thanh Trì, Hà Nội | J18: 930000 | O18: =H18+J18+K18+L18+M18+N18 -> 930000 | P18: 3700000 | Q18: =P18-O18 -> 2770000
A19: 12 | B19: 43021 | C19: Trả hàng Vietsun sáng 14/10 | D19: DRYU9961660 | E19: KCN Quất Động, Thường Tín, Hà Nội | J19: 930000 | O19: =H19+J19+K19+L19+M19+N19 -> 930000 | P19: 3500000 | Q19: =P19-O19 -> 2570000
A20: 13 | B20: 43022 | C20: Đóng hàng chè sáng 16/10 | D20: TCNU6824353 | E20: Mỹ Bằng, Yên Sơn, Tuyên Quang | G20: 280 | H20: 4082400 | J20: 1480000 | O20: =H20+J20+K20+L20+M20+N20 -> 5562400 | P20: 7500000 | Q20: =P20-O20 -> 1937600
B21: 43025 | C21: Đóng hàng chè sáng 17/10 | D21: SEGU6121647 | E21: Mộc Châu, Sơn La | G21: 280 | H21: 4082400 | J21: 2700000 | O21: =H21+J21+K21+L21+M21+N21 -> 6782400 | P21: 12181818 | Q21: =P21-O21 -> 5399418
B22: 43026 | C22: Trả hàng NK sáng 19/10 | D22: SKLU1121605 | E22: Bát Tràng, Hà Nội | G22: 240 | H22: 3499200 | J22: 780000 | O22: =H22+J22+K22+L22+M22+N22 -> 4279200 | P22: 3100000 | Q22: =P22-O22 -> -1179200
B23: 43029 | C23: Đóng hàng chè sáng 23/10 | D23: SEGU4462325 | E23: Mỹ Bằng, Yên Sơn, Tuyên Quang | J23: 1480000 | O23: =H23+J23+K23+L23+M23+N23 -> 1480000 | P23: 7500000 | Q23: =P23-O23 -> 6020000
B24: 43031 | C24: Trả hàng NK sáng 24/10 | D24: SEGU1347312 | E24: Vinh, Nghệ An | G24: 280 | H24: 4034800 | J24: 2450000 | O24: =H24+J24+K24+L24+M24+N24 -> 6484800 | P24: 8000000 | Q24: =P24-O24 -> 1515200
B25: 43033 | C25: Đóng hàng chè sáng 26/10 | D25: HJLU1400192 | E25: Long Biên, Hà Nội | G25: 210 | H25: 3026100 | J25: =2440000-1660000 -> 780000 | O25: =H25+J25+K25+L25+M25+N25 -> 3806100 | P25: 4000000 | Q25: =P25-O25 -> 193900
B26: 43034 | C26: Đóng hàng chè sáng 28/10 | D26: SEGU6174040 | E26: Vân Hồ, Sơn La | J26: =2700000+500000 -> 3200000 | O26: =H26+J26+K26+L26+M26+N26 -> 3200000 | P26: 16090909 | Q26: =P26-O26 -> 12890909
B27: 43038 | C27: Trả hàng Vietsun sáng 30/10 | D27: DRYU9593105 | E27: KCN Quế Võ, Bắc Ninh | G27: 310 | H27: 4467100 | J27: 570000 | O27: =H27+J27+K27+L27+M27+N27 -> 5037100 | P27: 3590909 | Q27: =P27-O27 -> -1446191
B28: 43038 | C28: Đóng hàng chè sáng 31/10 | D28: TCNU3915552 | E28: Mộc Châu, Sơn La | G28: 320 | H28: =G28*14410 -> 4611200 | J28: 2700000 | O28: =H28+J28+K28+L28+M28+N28 -> 7311200 | P28: 12181818 | Q28: =P28-O28 -> 4870618
O29: =H29+J29+K29+L29+M29+N29 -> 0 | Q29: =P29-O29 -> 0
C30: Anh Phụng mua vé cao tốc T10 | L30: 5400000 | O30: =H30+J30+K30+L30+M30+N30 -> 5400000 | Q30: =P30-O30 -> -5400000
C31: Thanh toán 02 lốp cho xe 15C-136.31 | M31: 11600000 | O31: =H31+J31+K31+L31+M31+N31 -> 11600000 | Q31: =P31-O31 -> -11600000
C32: Thanh toán tiền sửa xe 15C-136.31 (thay dây phanh+công làm) | L32: 200000 | O32: =H32+J32+K32+L32+M32+N32 -> 200000 | Q32: =P32-O32 -> -200000
C33: Thanh toán tiền bơm mỡ xe | L33: 183000 | O33: =H33+J33+K33+L33+M33+N33 -> 183000 | Q33: =P33-O33 -> -183000
C34: Thanh toán tiền sửa xe 15C-136.31 ngày 19/9 (công tháo lắp may ơ+dầu cầu, rẻ+keo) | L34: 150000 | O34: =H34+J34+K34+L34+M34+N34 -> 150000 | Q34: =P34-O34 -> -150000
C35: Phí gửi xe | K35: 1320000 | O35: =H35+J35+K35+L35+M35+N35 -> 1320000 | Q35: =P35-O35 -> -1320000
C36: Lương | K36: 8307692 | O36: =H36+J36+K36+L36+M36+N36 -> 8307692 | Q36: =P36-O36 -> -8307692
A37: TỔNG CỘNG | G37: =SUM(G7:G36) -> 3075 | H37: =SUM(H7:H36) -> 44570300 | I37: =SUM(I7:I36) -> 0 | J37: =SUM(J7:J36) -> 28060000 | K37: =SUM(K7:K36) -> 9627692 | L37: =SUM(L7:L36) -> 5933000 | M37: =SUM(M7:M36) -> 11600000 | N37: =SUM(N7:N36) -> 0 | ... Q37: =SUM(Q7:Q36) -> 25836280
P38: LK= | Q38: ='09-2017'!Q36+'10-2017'!Q37 -> 2.186157e+08

Sheet 11-2017
A1: Bảng theo dõi doanh thu/ chi phí theo phương tiện vận chuyển
A2: Biển số xe: 15C - 136.31
A3: THÁNG 11.2017
A5: STT | B5: Ngày tháng | C5: Diễn giải | D5: Số cont | E5: Tuyến đường vận chuyển | F5: Khoảng cách (km) | G5: Chi phí | O5: Tổng chi phí | P5: Cước vận chuyển | Q5: Lợi nhuận gộp
G6: Dầu (l) | H6: Dầu (đồng) | I6: Mức TTBQ | J6: Đi đường | K6: Lương lx | L6: Sửa chữa | M6: Lốp | N6: Dầu máy
O7: =H7+J7+K7+L7+M7+N7 -> 0 | Q7: =P7-O7 -> 0
A8: 1 | B8: 43039 | C8: Đóng hàng chè sáng 02/11 | D8: WHSU2072881 | E8: Tân Lập, Mộc Châu Sơn La | J8: 2440000 | O8: =H8+J8+K8+L8+M8+N8 -> 2440000 | P8: 13181818 | Q8: =P8-O8 -> 10741818
A9: 2 | B9: 43041 | C9: Trả hàng NK sáng 03/11 | D9: CMAU4772368 | E9: Quán Tròn, Ứng Hòa, Hà Nội | G9: 240 | H9: 3458400 | J9: 930000 | O9: =H9+J9+K9+L9+M9+N9 -> 4388400 | P9: 3600000 | Q9: =P9-O9 -> -788400
A10: 3 | B10: 43043 | C10: Đóng hàng chè 05/11 | D10: TGCU5040601 | E10: Mộc Châu, Sơn La | J10: 2700000 | O10: =H10+J10+K10+L10+M10+N10 -> 2700000 | P10: 12181818 | Q10: =P10-O10 -> 9481818
A11: 4 | B11: 43045 | C11: Trả hàng NK chiều 06/11 | D11: TRLU8269098 | E11: KCN Phố Nối B , Hưng Yên | G11: 350 | H11: 5113500 | J11: 570000 | O11: =H11+J11+K11+L11+M11+N11 -> 5683500 | P11: 2800000 | Q11: =P11-O11 -> -2883500
A12: 5 | B12: 43045 | C12: Vận chuyển cont văn phòng 07/11 | D12: CAXU9069399 | E12: KCN Hải Yên Quảng Ninh | J12: 1840000 | O12: =H12+J12+K12+L12+M12+N12 -> 1840000 | P12: 10000000 | Q12: =P12-O12 -> 8160000
A13: 6 | B13: 43047 | C13: Trả hàng Vietsun sáng 09/11 | D13: DRYU9718861 | E13: Từ Sơn , Bắc Ninh | G13: 280 | H13: 4090800 | J13: 570000 | O13: =H13+J13+K13+L13+M13+N13 -> 4660800 | P13: 3590909 | Q13: =P13-O13 -> -1069891
A14: 7 | B14: 43048 | C14: Đóng hàng chè sáng 10/11 | D14: FCIU9355803 | E14: Mỹ Bằng, Yên Sơn, Tuyên Quang | J14: 1480000 | O14: =H14+J14+K14+L14+M14+N14 -> 1480000 | P14: 7500000 | Q14: =P14-O14 -> 6020000
A15: 8 | B15: 43049 | C15: Trả hàng + đóng hàng KH 11/11 | D15: GESU3823814 | E15: TP Hải Dương - Hà Nam | G15: 280 | H15: 4090800 | J15: 1300000 | O15: =H15+J15+K15+L15+M15+N15 -> 5390800 | P15: 4700000 | Q15: =P15-O15 -> -690800
A16: 9 | B16: 43051 | C16: Đóng hàng xỉ bọt chiều 13/11 | D16: TGHU6799210 | E16: Phả Lại, Hải Dương | J16: 430000 | O16: =H16+J16+K16+L16+M16+N16 -> 430000 | P16: 3181818 | Q16: =P16-O16 -> 2751818
A17: 10 | B17: 43052 | C17: Đóng hàng chè sáng 14/11 | D17: HLBU1422366 | E17: Mỹ Bằng, Yên Sơn, Tuyên Quang | G17: 185 | H17: 2702850 | J17: 1480000 | O17: =H17+J17+K17+L17+M17+N17 -> 4182850 | P17: 7500000 | Q17: =P17-O17 -> 3317150
A18: 11 | B18: 43054 | C18: Đóng hàng chè sáng 16/11 | D18: TCLU9384559 | E18: Mộc Châu, Sơn La | G18: 180 | H18: 2629800 | J18: 2700000 | O18: =H18+J18+K18+L18+M18+N18 -> 5329800 | P18: 14090909 | Q18: =P18-O18 -> 8761109
A19: 12 | B19: 43055 | C19: Trả hàng + đóng hàng KH 17/11 | D19: TRHU3295305 | E19: Cẩm Giàng, Hải Dương- Hà Nam | J19: 1300000 | O19: =H19+J19+K19+L19+M19+N19 -> 1300000 | P19: 4800000 | Q19: =P19-O19 -> 3500000
A20: 13 | B20: 43056 | C20: Trả hàng + đóng hàng KH 18/11 | D20: WFHU1351781 | E20: KCN Phố Nối, Hưng Yên - Hà Nam | G20: 250 | H20: 3652500 | J20: 1300000 | O20: =H20+J20+K20+L20+M20+N20 -> 4952500 | P20: 4770000 | Q20: =P20-O20 -> -182500
A21: 14 | B21: 43057 | C21: Trả hàng + đóng hàng KH 20/11 | D21: GMDU2140128 | E21: KCN Tân Trường, Hải Dương - Hà Nam | G21: 260 | H21: 3798600 | J21: 1300000 | O21: =H21+J21+K21+L21+M21+N21 -> 5098600 | P21: 4800000 | Q21: =P21-O21 -> -298600
A22: 15 | B22: 43059 | C22: Trả hàng + đóng hàng KH 21/11 | D22: GMDU2152094 | E22: KCN Tân Trường, Hải Dương - Hà Nam | J22: 1300000 | O22: =H22+J22+K22+L22+M22+N22 -> 1300000 | P22: 4800000 | Q22: =P22-O22 -> 3500000
A23: 16 | B23: 43060 | C23: Đóng hàng chè chiều 22/11 | D23: DFSU3050035 | E23: Mộc Châu, Sơn La | G23: 250 | H23: 3752500 | J23: =2700000-260000 -> 2440000 | O23: =H23+J23+K23+L23+M23+N23 -> 6192500 | P23: 13181818 | Q23: =P23-O23 -> 6989318
A24: 17 | B24: 43061 | C24: Trả hàng NK sáng 23/11 | D24: BEAU4479178 | E24: Ngọc Hồi, Thanh Trì, Hà Nội | J24: 930000 | O24: =H24+J24+K24+L24+M24+N24 -> 930000 | P24: 3700000 | Q24: =P24-O24 -> 2770000
A25: 18 | B25: 43062 | C25: Đóng hàng chè chiều 24/11 | D25: OOLU9616247 | E25: Mộc Châu, Sơn La | G25: 230 | H25: 3452300 | J25: 2700000 | O25: =H25+J25+K25+L25+M25+N25 -> 6152300 | P25: 12181818 | Q25: =P25-O25 -> 6029518
A26: 19 | B26: 43064 | C26: Trả hàng + đóng hàng KH 27/11 | D26: DRYU2851487 | E26: Chương Mỹ, Hà Nội - Hà Nam | G26: 323 | H26: 4848230 | J26: 1560000 | O26: =H26+J26+K26+L26+M26+N26 -> 6408230 | P26: 5370000 | Q26: =P26-O26 -> -1038230
A27: 20 | B27: 43066 | C27: Trả hàng Vietsun sáng 28/11 | D27: WFHU5142178 | E27: Văn Điển, Hà Nội | J27: 930000 | O27: =H27+J27+K27+L27+M27+N27 -> 930000 | P27: 3609091 | Q27: =P27-O27 -> 2679091
A28: 21 | B28: 43067 | C28: Trả hàng + đóng hàng KH 29/11 | D28: GMDU2153716 | E28: KCN Tân Trường, Hải Dương - Hà Nam | G28: 260 | H28: 3902600 | J28: 1300000 | O28: =H28+J28+K28+L28+M28+N28 -> 5202600 | P28: 4800000 | Q28: =P28-O28 -> -402600
A29: 22 | B29: 43068 | C29: Đóng hàng chè sáng 30/11 | D29: DRYU9739000 | E29: Mỹ Bằng, Yên Sơn, Tuyên Quang | G29: 300 | H29: =G29*15010 -> 4503000 | J29: 1480000 | O29: =H29+J29+K29+L29+M29+N29 -> 5983000 | P29: 7500000 | Q29: =P29-O29 -> 1517000
C30: Anh Phụng mua vé cao tốc T11 | L30: 5400000 | O30: =H30+J30+K30+L30+M30+N30 -> 5400000 | Q30: =P30-O30 -> -5400000
C31: Thanh toán 02 lốp cho xe 15C-136.31 | M31: 11700000 | O31: =H31+J31+K31+L31+M31+N31 -> 11700000 | Q31: =P31-O31 -> -11700000
C32: Thanh toán tiền sửa xe 15C-136.31 (thay săm) | L32: 300000 | O32: =H32+J32+K32+L32+M32+N32 -> 300000 | Q32: =P32-O32 -> -300000
C33: Thanh toán tiền 02 lốp xe 15C-136.31 | M33: 11700000 | O33: =H33+J33+K33+L33+M33+N33 -> 11700000 | Q33: =P33-O33 -> -11700000
C34: Dầu Total Rubia | L34: =11500000/4 -> 2875000 | O34: =H34+J34+K34+L34+M34+N34 -> 2875000 | Q34: =P34-O34 -> -2875000
C35: Thay lọc nhớt | L35: 1150000 | O35: =H35+J35+K35+L35+M35+N35 -> 1150000 | Q35: =P35-O35 -> -1150000
C36: Phí gửi xe | K36: 1320000 | O36: =H36+J36+K36+L36+M36+N36 -> 1320000 | Q36: =P36-O36 -> -1320000
C37: Lương | K37: =9000000/26*28 -> 9692307.7 | O37: =H37+J37+K37+L37+M37+N37 -> 9692307.7 | Q37: =P37-O37 -> -9692307.7
A38: TỔNG CỘNG | G38: =SUM(G7:G37) -> 3388 | H38: =SUM(H7:H37) -> 49995880 | I38: =SUM(I7:I37) -> 0 | J38: =SUM(J7:J37) -> 32980000 | K38: =SUM(K7:K37) -> 11012308 | L38: =SUM(L7:L37) -> 9725000 | M38: =SUM(M7:M37) -> 23400000 | N38: =SUM(N7:N37) -> 0 | ... Q38: =SUM(Q7:Q37) -> 24726811
P39: LK= | Q39: ='10-2017'!Q38+'11-2017'!Q38 -> 2.4334252e+08

Sheet 12-2017
A1: Bảng theo dõi doanh thu/ chi phí theo phương tiện vận chuyển
A2: Biển số xe: 15C - 136.31
A3: THÁNG 12.2017
A5: STT | B5: Ngày tháng | C5: Diễn giải | D5: Số cont | E5: Tuyến đường vận chuyển | F5: Khoảng cách (km) | G5: Chi phí | O5: Tổng chi phí | P5: Cước vận chuyển | Q5: Lợi nhuận gộp
G6: Dầu (l) | H6: Dầu (đồng) | I6: Mức TTBQ | J6: Đi đường | K6: Lương lx | L6: Sửa chữa | M6: Lốp | N6: Dầu máy
O7: =H7+J7+K7+L7+M7+N7 -> 0 | Q7: =P7-O7 -> 0
A8: 1 | B8: 43069 | C8: Trả hàng + đóng hàng KH 01/12 | D8: GMDU2151966 | E8: KCN Tân Trường, Hải Dương - Hà Nam | J8: 1300000 | O8: =H8+J8+K8+L8+M8+N8 -> 1300000 | P8: 4800000 | Q8: =P8-O8 -> 3500000
A9: 2 | B9: 43070 | C9: Trả hàng NK sáng 02/12 | D9: CLHU3792583 | E9: Từ Liêm, Hà Nội | J9: 1330000 | O9: =H9+J9+K9+L9+M9+N9 -> 1330000 | P9: 4318182 | Q9: =P9-O9 -> 2988182
A10: 3 | B10: 43070 | C10: Đóng hàng XK chiều 02/12 | D10: OOLU0544228 | E10: Mỹ Hào, Hưng Yên | J10: 0 | O10: =H10+J10+K10+L10+M10+N10 -> 0 | P10: 3000000 | Q10: =P10-O10 -> 3000000
A11: 4 | B11: 43070 | C11: Đóng hàng chè sáng 04/12 | D11: TCLU5658923 | E11: Mộc Châu, Sơn La | G11: 245 | H11: 3677450 | J11: 2700000 | O11: =H11+J11+K11+L11+M11+N11 -> 6377450 | P11: 12181818 | Q11: =P11-O11 -> 5804368
A12: 5 | B12: 43073 | C12: Trả hàng NK sáng 05/12 | D12: YMMU6139829 | E12: Ngọc Hồi, Thanh Trì, Hà Nội | J12: 790000 | O12: =H12+J12+K12+L12+M12+N12 -> 790000 | P12: 3700000 | Q12: =P12-O12 -> 2910000
A13: 6 | B13: 43074 | C13: Trả hàng + đóng hàng KH 06/12 | D13: WFHU1351570 | E13: Gia Lâm, Hà Nội - Hà Nam | G13: 330 | H13: 5002800 | J13: 1420000 | O13: =H13+J13+K13+L13+M13+N13 -> 6422800 | P13: 5000000 | Q13: =P13-O13 -> -1422800
A14: 7 | B14: 43075 | C14: Trả hàng + đóng hàng KH 07/12 | D14: CAXU6470324 | E14: Văn Giang, Hưng Yên - Hà Nam | J14: 1160000 | O14: =H14+J14+K14+L14+M14+N14 -> 1160000 | P14: 4900000 | Q14: =P14-O14 -> 3740000
A15: 8 | B15: 43076 | C15: Trả hàng NK sáng 08/12 | D15: WHLU0317906 | E15: VSIP Bắc Ninh - Tân Trường, Hải Dương | G15: 260 | H15: 3941600 | J15: 830000 | O15: =H15+J15+K15+L15+M15+N15 -> 4771600 | P15: 4200000 | Q15: =P15-O15 -> -571600
A16: 9 | B16: 43076 | C16: Đóng hàng chiều 08/12 | D16: SKLU1119296 | E16: TT Cầu Gồ, Yên Thế, Bắc Giang | J16: 0 | O16: =H16+J16+K16+L16+M16+N16 -> 0 | P16: 2500000 | Q16: =P16-O16 -> 2500000
A17: 10 | B17: 43076 | C17: Trả hàng NK sáng 09/12 | D17: BEAU4585415 | E17: Ngọc Hồi, Thanh Trì, Hà Nội | J17: 790000 | O17: =H17+J17+K17+L17+M17+N17 -> 790000 | P17: 3700000 | Q17: =P17-O17 -> 2910000
A18: 11 | B18: 43079 | C18: Trả hàng + đóng hàng KH 11/12 | D18: VSLU4485331 | E18: Phú Thị, Hà Nội - Hà Nam | J18: =1380000-120000 -> 1260000 | O18: =H18+J18+K18+L18+M18+N18 -> 1260000 | P18: 5000000 | Q18: =P18-O18 -> 3740000
A19: 12 | B19: 43080 | C19: Trả hàng + đóng hàng KH 12/12 | D19: WFHU1351626 | E19: Văn Điển, Hà Nội - Hà Nam | G19: 250 | H19: 3790000 | J19: 1420000 | O19: =H19+J19+K19+L19+M19+N19 -> 5210000 | P19: 5200000 | Q19: =P19-O19 -> -10000
A20: 13 | B20: 43081 | C20: Đóng hàng chè sáng 13/12 | D20: WHSU5145024 | E20: Mộc Châu, Sơn La | G20: 266 | H20: 4032560 | J20: 2560000 | O20: =H20+J20+K20+L20+M20+N20 -> 6592560 | P20: 12727273 | Q20: =P20-O20 -> 6134713
A21: 14 | B21: 43083 | C21: Trả hàng NK sáng 15/12 | D21: DRYU9678054 | E21: Thanh Liêm, Hà Nam | G21: 251 | H21: 3805160 | J21: 950000 | O21: =H21+J21+K21+L21+M21+N21 -> 4755160 | P21: 3600000 | Q21: =P21-O21 -> -1155160
A22: 15 | B22: 43084 | C22: Trả hàng Vietsun sáng 16/12 | D22: DRYU9718310 | E22: KCN Cái Lân, Quảng Ninh | J22: 800000 | O22: =H22+J22+K22+L22+M22+N22 -> 800000 | P22: 3260000 | Q22: =P22-O22 -> 2460000
A23: 16 | B23: 43087 | C23: Trả hàng + đóng hàng KH 18/12 | D23: GMDU2152896 | E23: Cẩm Giàng, Hải Dương - Hà Nam | G23: 310 | H23: 4699600 | J23: =1160000-90000 -> 1070000 | O23: =H23+J23+K23+L23+M23+N23 -> 5769600 | P23: 4800000 | Q23: =P23-O23 -> -969600
A24: 17 | B24: 43087 | C24: Trả hàng NK sáng 19/12 | D24: SEGU2550812 | E24: Gia Lâm, Hà Nội | J24: =1190000-180000 -> 1010000 | O24: =H24+J24+K24+L24+M24+N24 -> 1010000 | P24: 3000000 | Q24: =P24-O24 -> 1990000
A25: 18 | B25: 43087 | C25: Đóng hàng viên gỗ nén chiều 19/12 | D25: SKLU1669991 | E25: TT Cầu Gồ, Yên Thế, Bắc Giang | J25: 0 | O25: =H25+J25+K25+L25+M25+N25 -> 0 | P25: 2500000 | Q25: =P25-O25 -> 2500000
A26: 19 | B26: 43088 | C26: Trả hàng + đóng hàng KH 20/12 | D26: WFHU1351781 | E26: Phú Xuyên, Hà Nội - Hà Nam | G26: 280 | H26: 4244800 | J26: =1420000-90000 -> 1330000 | O26: =H26+J26+K26+L26+M26+N26 -> 5574800 | P26: 5300000 | Q26: =P26-O26 -> -274800
A27: 20 | B27: 43090 | C27: Đóng hàng sáng 21/12 | D27: DFSU7059323 | E27: Lập Thạch, Vĩnh Phúc | J27: 600000 | O27: =H27+J27+K27+L27+M27+N27 -> 600000 | P27: 4500000 | Q27: =P27-O27 -> 3900000
A28: 21 | B28: 43090 | C28: Trả hàng + đóng hàng KH 22/12 | D28: GMDU2142619 | E28: TP. Hải Dương - Hà Nam | G28: 260 | H28: 3941600 | J28: =1160000-90000 -> 1070000 | O28: =H28+J28+K28+L28+M28+N28 -> 5011600 | P28: 4800000 | Q28: =P28-O28 -> -211600
A29: 22 | B29: 43092 | C29: Trả hàng + đóng hàng KH 23/12 | D29: WFHU1356211 | E29: Văn Lâm, Hưng Yên - Hà Nam | J29: =1420000-90000 -> 1330000 | O29: =H29+J29+K29+L29+M29+N29 -> 1330000 | P29: 5000000 | Q29: =P29-O29 -> 3670000
A30: 23 | B30: 43092 | C30: Đóng hàng chè sáng 25/12 | D30: TCNU5054664 | E30: Mỹ Bằng, Yên Sơn, Tuyên Quang | J30: 1350000 | O30: =H30+J30+K30+L30+M30+N30 -> 1350000 | P30: 7500000 | Q30: =P30-O30 -> 6150000
A31: 24 | B31: 43094 | C31: Đóng hàng chè sáng 27/12 | D31: HLBU1626800 | E31: Mỹ Bằng, Yên Sơn, Tuyên Quang | G31: 312 | H31: 4729920 | J31: 1350000 | O31: =H31+J31+K31+L31+M31+N31 -> 6079920 | P31: 7500000 | Q31: =P31-O31 -> 1420080
A32: 25 | B32: 43094 | C32: Trả hàng Vietsun sáng 26/12 | D32: DRYU9969487 | E32: Ngọc Hồi, Thanh Trì, Hà Nội | J32: =790000-180000 -> 610000 | O32: =H32+J32+K32+L32+M32+N32 -> 610000 | P32: 3345455 | Q32: =P32-O32 -> 2735455
A33: 26 | B33: 43096 | C33: Đóng hàng xỉ bọt sáng 28/12 | D33: SEGU4287346 | E33: Phả Lại, Hải Dương | J33: 290000 | O33: =H33+J33+K33+L33+M33+N33 -> 290000 | P33: 3181818 | Q33: =P33-O33 -> 2891818
A34: 27 | B34: 43097 | C34: Trả hàng + đóng hàng KH 29/12 | D34: GMDU2150661 | E34: Từ Sơn , Bắc Ninh - Hà Nam | G34: 325 | H34: 4927000 | J34: =1420000-90000 -> 1330000 | O34: =H34+J34+K34+L34+M34+N34 -> 6257000 | P34: 5000000 | Q34: =P34-O34 -> -1257000
A35: 28 | B35: 43102 | C35: Trả hàng + đóng hàng KH 30/12 | D35: DRYU2853052 | E35: Văn Lâm, Hưng Yên - Hà Nam | G35: 270 | H35: =G35*15160 -> 4093200 | J35: =1420000-90000 -> 1330000 | O35: =H35+J35+K35+L35+M35+N35 -> 5423200 | P35: 5000000 | Q35: =P35-O35 -> -423200
A36: 29 | B36: 43102 | C36: Đóng hàng chè sáng 31/12 | D36: OOLU9459071 | E36: Mộc Châu, Sơn La | G36: 250 | H36: =G36*15160 -> 3790000 | J36: =2560000+180000 -> 2740000 | O36: =H36+J36+K36+L36+M36+N36 -> 6530000 | P36: 12181818 | Q36: =P36-O36 -> 5651818
C37: Anh Phụng mua vé cao tốc | L37: 5400000 | O37: =H37+J37+K37+L37+M37+N37 -> 5400000 | Q37: =P37-O37 -> -5400000
C38: Thanh toán tiền mua nước làm mát | L38: =6160000/4 -> 1540000 | O38: =H38+J38+K38+L38+M38+N38 -> 1540000 | Q38: =P38-O38 -> -1540000
C39: Thanh toán tiền sửa xe 15C-136.31 ngày 26/11 (gạt mưa, còi) | L39: 270000 | O39: =H39+J39+K39+L39+M39+N39 -> 270000 | Q39: =P39-O39 -> -270000
C40: Thanh toán tiền sửa xe 15C-136.31 (6 đèn sườn, công lắp, công thợ hàn đắp bướm mâm) | L40: 870000 | O40: =H40+J40+K40+L40+M40+N40 -> 870000 | Q40: =P40-O40 -> -870000
C41: Thanh toán tiền sửa xe 15C-136.31 (bơm mỡ) | L41: 180000 | O41: =H41+J41+K41+L41+M41+N41 -> 180000 | Q41: =P41-O41 -> -180000
C42: Thanh toán tiền sửa xe ngày 14/12 (má phanh mooc, bảo dưỡng đầu may ơ, rẻ lau, keo, dầu rửa, má phanh dầu, phanh đầu kéo, công) | L42: 4550000 | O42: =H42+J42+K42+L42+M42+N42 -> 4550000 | Q42: =P42-O42 -> -4550000
C43: Phí gửi xe | K43: =1200000*1.1 -> 1320000 | O43: =H43+J43+K43+L43+M43+N43 -> 1320000 | Q43: =P43-O43 -> -1320000
C44: Lương | K44: 9346154 | O44: =H44+J44+K44+L44+M44+N44 -> 9346154 | Q44: =P44-O44 -> -9346154
C45: Thưởng tết dương lịch | K45: 300000 | O45: =H45+J45+K45+L45+M45+N45 -> 300000 | Q45: =P45-O45 -> -300000
A46: TỔNG CỘNG | G46: =SUM(G7:G44) -> 3609 | H46: =SUM(H7:H44) -> 54675690 | I46: =SUM(I7:I44) -> 0 | J46: =SUM(J7:J45) -> 32720000 | K46: =SUM(K7:K45) -> 10966154 | L46: =SUM(L7:L45) -> 12810000 | M46: =SUM(M7:M44) -> 0 | N46: =SUM(N7:N44) -> 0 | O46: =SUM(O7:O45) -> 111171844 | P46: =SUM(P7:P44) -> 151696364 | Q46: =SUM(Q7:Q45) -> 40524520
P47: LK= | Q47: ='11-2017'!Q39+'12-2017'!Q46 -> 2.8386704e+08

Sheet 01-2018
A1: Bảng theo dõi doanh thu/ chi phí theo phương tiện vận chuyển
A2: Biển số xe: 15C - 136.31
A3: THÁNG 01.2018
A5: STT | B5: Ngày tháng | C5: Diễn giải | D5: Số cont | E5: Tuyến đường vận chuyển | F5: Khoảng cách (km) | G5: Chi phí | O5: Tổng chi phí | P5: Cước vận chuyển | Q5: Lợi nhuận gộp
G6: Dầu (l) | H6: Dầu (đồng) | I6: Mức TTBQ | J6: Đi đường | K6: Lương lx | L6: Sửa chữa | M6: Lốp | N6: Dầu máy
O7: =H7+J7+K7+L7+M7+N7 -> 0 | Q7: =P7-O7 -> 0
A8: 1 | B8: 43102 | C8: Trả hàng + đóng hàng KH 03/01 | D8: GMDU2142291 | E8: Cẩm Giàng, Hải Dương - Hà Nam | J8: =1160000-90000 -> 1070000 | O8: =H8+J8+K8+L8+M8+N8 -> 1070000 | P8: 4800000 | Q8: =P8-O8 -> 3730000
A9: 2 | B9: 43103 | C9: Trả hàng + đóng hàng KH 04/01 | D9: DRYU2923740 | E9: Hưng Yên - Hà Nội - Hà Nam | J9: =1420000-180000 -> 1240000 | O9: =H9+J9+K9+L9+M9+N9 -> 1240000 | P9: 5300000 | Q9: =P9-O9 -> 4060000
A10: 3 | B10: 43104 | C10: Trả hàng NK sáng 05/01 | D10: KMTU7383086 | E10: KCN Phố Nối, Hưng Yên | J10: 840000 | O10: =H10+J10+K10+L10+M10+N10 -> 840000 | P10: 2500000 | Q10: =P10-O10 -> 1660000
A11: 4 | B11: 43104 | C11: Đóng hàng viên gỗ nén chiều 05/01 | D11: GESU2381620 | E11: TT Cầu Gồ, Yên Thế, Bắc Giang | O11: =H11+J11+K11+L11+M11+N11 -> 0 | P11: 2500000 | Q11: =P11-O11 -> 2500000
A12: 5 | B12: 43105 | C12: Trả hàng NK sáng 06/01 | D12: CXDU2269854 | E12: Thanh Trì, Hà Nội | G12: 265 | H12: 4112800 | J12: =1210000-90000 -> 1120000 | O12: =H12+J12+K12+L12+M12+N12 -> 5232800 | P12: 2727273 | Q12: =P12-O12 -> -2505527
A13: 6 | B13: 43105 | C13: Đóng hàng viên gỗ nén chiều 06/01 | D13: CLHU3836547 | E13: TT Cầu Gồ, Yên Thế, Bắc Giang | O13: =H13+J13+K13+L13+M13+N13 -> 0 | P13: 2500000 | Q13: =P13-O13 -> 2500000
A14: 7 | B14: 43107 | C14: Trả hàng Vietsun sáng 08/01 | D14: TCNU4785875 | E14: KCN Đại An, Hải Dương | J14: 690000 | O14: =H14+J14+K14+L14+M14+N14 -> 690000 | P14: 2290909 | Q14: =P14-O14 -> 1600909
A15: 8 | B15: 43107 | C15: Đóng hàng than hoạt tính chiều 08/01 | D15: TCNU4785875 | E15: TP. Trà Vinh | O15: =H15+J15+K15+L15+M15+N15 -> 0 | P15: 2500000 | Q15: =P15-O15 -> 2500000
A16: 9 | B16: 43108 | C16: Trả hàng Vietsun sáng 09/01 | D16: VSLU9011000 | E16: Đức Giang, Long Biên, Hà Nội | G16: 300 | H16: 4656000 | J16: =1210000-90000 -> 1120000 | O16: =H16+J16+K16+L16+M16+N16 -> 5776000 | P16: 3509091 | Q16: =P16-O16 -> -2266909
A17: 10 | B17: 43108 | C17: Đóng hàng than hoạt tính chiều 09/01 | D17: VSLU9011000 | E17: TP. Trà Vinh | O17: =H17+J17+K17+L17+M17+N17 -> 0 | P17: 2500000 | Q17: =P17-O17 -> 2500000
A18: 11 | B18: 43109 | C18: Trả hàng NK sáng 10/01 | D18: REGU3230427 | E18: Văn Lâm, Hưng Yên | J18: =1210000-90000 -> 1120000 | O18: =H18+J18+K18+L18+M18+N18 -> 1120000 | P18: 3100000 | Q18: =P18-O18 -> 1980000
A19: 12 | B19: 43109 | C19: Đóng hàng viên gỗ nén chiều 10/01 | D19: SKLU1607109 | E19: TT Cầu Gồ, Yên Thế, Bắc Giang | O19: =H19+J19+K19+L19+M19+N19 -> 0 | P19: 2500000 | Q19: =P19-O19 -> 2500000
A20: 13 | B20: 43110 | C20: Trả hàng NK sáng 11/01 | D20: BEAU2909897 | E20: KCN Tiên Sơn, Bắc Ninh | G20: 230 | H20: 3569600 | J20: 830000 | O20: =H20+J20+K20+L20+M20+N20 -> 4399600 | P20: 3000000 | Q20: =P20-O20 -> -1399600
A21: 14 | B21: 43110 | C21: Đóng hàng viên gỗ nén chiều 11/01 | D21: TCKU3732475 | E21: TT Cầu Gồ, Yên Thế, Bắc Giang | O21: =H21+J21+K21+L21+M21+N21 -> 0 | P21: 2500000 | Q21: =P21-O21 -> 2500000
A22: 15 | B22: 43112 | C22: Trả hàng + đóng hàng KH 13/01 | D22: SEGU1081027 | E22: Đông Anh, Hà Nội - Hà Nam | G22: 265 | H22: 4112800 | J22: 1420000 | O22: =H22+J22+K22+L22+M22+N22 -> 5532800 | P22: 5300000 | Q22: =P22-O22 -> -232800
A23: 16 | B23: 43115 | C23: Trả hàng + đóng hàng KH 15/01 | D23: GMDU2409860 | E23: Kim Sơn, Ninh Bình - Hà Nam | G23: 280 | H23: 4345600 | J23: 1010000 | O23: =H23+J23+K23+L23+M23+N23 -> 5355600 | P23: 4700000 | Q23: =P23-O23 -> -655600
A24: 17 | B24: 43115 | C24: Đóng hàng chè sáng 16/01 | D24: UESU4733982 | E24: Mỹ Bằng, Yên Sơn, Tuyên Quang | J24: 1350000 | O24: =H24+J24+K24+L24+M24+N24 -> 1350000 | P24: 7500000 | Q24: =P24-O24 -> 6150000
A25: 18 | B25: 43116 | C25: Trả hàng + đóng hàng KH 17/01 | D25: GMDU2151966 | E25: Cẩm Giàng, Hải Dương - Hà Nam | J25: =1160000-90000 -> 1070000 | O25: =H25+J25+K25+L25+M25+N25 -> 1070000 | P25: 4800000 | Q25: =P25-O25 -> 3730000
A26: 19 | B26: 43117 | C26: Trả hàng NK sáng 18/01 | D26: TCKU2113619 | E26: Sài Đồng, Gia Lâm, Hà Nội | J26: =1210000-95000 -> 1115000 | O26: =H26+J26+K26+L26+M26+N26 -> 1115000 | P26: 3300000 | Q26: =P26-O26 -> 2185000
A27: 20 | B27: 43117 | C27: Đóng hàng viên gỗ nén chiều 18/01 | D27: SKLU1405010 | E27: TT Cầu Gồ, Yên Thế, Bắc Giang | O27: =H27+J27+K27+L27+M27+N27 -> 0 | P27: 2500000 | Q27: =P27-O27 -> 2500000
A28: 21 | B28: 43118 | C28: Trả hàng NK sáng 19/01 | D28: WHLU0221872 | E28: KCN VSIP Bắc Ninh | G28: 295 | H28: 4578400 | J28: =830000-95000 -> 735000 | O28: =H28+J28+K28+L28+M28+N28 -> 5313400 | P28: 3200000 | Q28: =P28-O28 -> -2113400
A29: 22 | B29: 43118 | C29: Đóng hàng viên gỗ nén chiều 19/01 | D29: SKLU1569375 | E29: TT Cầu Gồ, Yên Thế, Bắc Giang | O29: =H29+J29+K29+L29+M29+N29 -> 0 | P29: 2100000 | Q29: =P29-O29 -> 2100000
A30: 23 | B30: 43119 | C30: Trả hàng + đóng hàng KH 20/01 | D30: GMDU2152793 | E30: Văn Giang, Hưng Yên - Hà Nam | J30: =1340000-270000 -> 1070000 | O30: =H30+J30+K30+L30+M30+N30 -> 1070000 | P30: 4700000 | Q30: =P30-O30 -> 3630000
A31: 24 | B31: 43120 | C31: Đóng hàng sáng 22/01 | D31: BLKU2527754 | E31: Đồng Hới, Quảng Bình - Hưng Yên | G31: 270 | H31: =4306500+120000 -> 4426500 | J31: 4000000 | O31: =H31+J31+K31+L31+M31+N31 -> 8426500 | P31: 17272727 | Q31: =P31-O31 -> 8846227
A32: 25 | B32: 43123 | C32: Đóng hàng chè sáng 24/01 | D32: TLLU4289048 | E32: Mỹ Bằng, Yên Sơn, Tuyên Quang | G32: 123 | H32: 1961850 | J32: 1350000 | O32: =H32+J32+K32+L32+M32+N32 -> 3311850 | P32: 7500000 | Q32: =P32-O32 -> 4188150
A33: 26 | B33: 43124 | C33: Trả hàng + đóng hàng KH 25/01 | D33: GMDU2152197 | E33: Cẩm Giàng, Hải Dương - Hà Nam | G33: 325 | H33: 5183750 | J33: 1070000 | O33: =H33+J33+K33+L33+M33+N33 -> 6253750 | P33: 4800000 | Q33: =P33-O33 -> -1453750
A34: 27 | B34: 43125 | C34: Trả hàng + đóng hàng KH 26/01 | D34: DRYU3094454 | E34: KCN Đại Đồng, Bắc Ninh - Hà Nam | G34: 300 | H34: 4785000 | J34: 1330000 | O34: =H34+J34+K34+L34+M34+N34 -> 6115000 | P34: 5200000 | Q34: =P34-O34 -> -915000
A35: 28 | B35: 43126 | C35: Trả hàng + đóng hàng KH 27/01 | D35: DRYU2853068 | E35: KCN Đại Đồng, Bắc Ninh - Hà Nam | J35: =1330000+90000 -> 1420000 | O35: =H35+J35+K35+L35+M35+N35 -> 1420000 | P35: 5200000 | Q35: =P35-O35 -> 3780000
A36: 29 | B36: 43129 | C36: Trả hàng NK sáng 29/01 | D36: CSNU6019575 | E36: TP Việt Trì | G36: 265 | H36: 4226750 | J36: 1100000 | O36: =H36+J36+K36+L36+M36+N36 -> 5326750 | P36: 5000000 | Q36: =P36-O36 -> -326750
A37: 30 | B37: 43129 | C37: Đóng hàng chè sáng 30/01 | D37: TGHU9492716 | E37: Mỹ Bằng, Yên Sơn, Tuyên Quang | G37: 320 | H37: =G37*15590 -> 4988800 | J37: 1350000 | O37: =H37+J37+K37+L37+M37+N37 -> 6338800 | P37: 7500000 | Q37: =P37-O37 -> 1161200
C38: Anh Phụng mua vé cao tốc | L38: 5400000 | O38: =H38+J38+K38+L38+M38+N38 -> 5400000 | Q38: =P38-O38 -> -5400000
C39: Mua dây curoa+bi xe 15C-136.31 | L39: 320000 | O39: =H39+J39+K39+L39+M39+N39 -> 320000 | Q39: =P39-O39 -> -320000
C40: Gửi dây curoa + bi xe cho Mạnh lái xe 15C-136.31 | L40: 50000 | O40: =H40+J40+K40+L40+M40+N40 -> 50000 | Q40: =P40-O40 -> -50000
C41: Thanh toán tiền sửa xe 15C-136.31 (con tăng cu roa, phớt bu ly lai ly tâm, công thợ) | L41: 2000000 | O41: =H41+J41+K41+L41+M41+N41 -> 2000000 | Q41: =P41-O41 -> -2000000
C42: Phí gửi xe | K42: =1200000*1.1 -> 1320000 | O42: =H42+J42+K42+L42+M42+N42 -> 1320000 | Q42: =P42-O42 -> -1320000
C43: Lương | K43: 9153846 | O43: =H43+J43+K43+L43+M43+N43 -> 9153846 | Q43: =P43-O43 -> -9153846
A44: TỔNG CỘNG | G44: =SUM(G7:G43) -> 3238 | H44: =SUM(H7:H43) -> 50947850 | I44: =SUM(I7:I43) -> 0 | J44: =SUM(J7:J43) -> 27420000 | K44: =SUM(K7:K43) -> 10473846 | L44: =SUM(L7:L43) -> 7770000 | M44: =SUM(M7:M43) -> 0 | N44: =SUM(N7:N43) -> 0 | ... Q44: =SUM(Q7:Q43) -> 36188304
P46: LK = | Q46: =Q44 -> 36188304

Sheet 02-2018
A1: Bảng theo dõi doanh thu/ chi phí theo phương tiện vận chuyển
A2: Biển số xe: 15C - 136.31
A3: THÁNG 02.2018
A5: STT | B5: Ngày tháng | C5: Diễn giải | D5: Số cont | E5: Tuyến đường vận chuyển | F5: Khoảng cách (km) | G5: Chi phí | O5: Tổng chi phí | P5: Cước vận chuyển | Q5: Lợi nhuận gộp
G6: Dầu (l) | H6: Dầu (đồng) | I6: Mức TTBQ | J6: Đi đường | K6: Lương lx | L6: Sửa chữa | M6: Lốp | N6: Dầu máy
O7: =H7+J7+K7+L7+M7+N7 -> 0 | Q7: =P7-O7 -> 0
A8: 1 | B8: 43131 | C8: Đóng hàng xỉ bọt sáng 01/02 | D8: TCNU7598456 | E8: Phả Lại, Hải Dương | J8: =290000+360000 -> 650000 | O8: =H8+J8+K8+L8+M8+N8 -> 650000 | P8: 3181818 | Q8: =P8-O8 -> 2531818
A9: 2 | B9: 43132 | C9: Trả hàng + đóng hàng KH 02/02 | D9: VSLU3038283 | E9: Yên Mỹ, Hưng Yên - Hà Nam | J9: 1260000 | O9: =H9+J9+K9+L9+M9+N9 -> 1260000 | P9: 4700000 | Q9: =P9-O9 -> 3440000
A10: 3 | B10: 43133 | C10: Trả hàng NK sáng 03/02 | D10: BEAU2692688 | E10: VSIP, Bắc Ninh | J10: 1190000 | O10: =H10+J10+K10+L10+M10+N10 -> 1190000 | P10: 3200000 | Q10: =P10-O10 -> 2010000
A11: 4 | B11: 43133 | C11: Đóng hàng viên gỗ nén chiều 03/02 | D11: GESU3259453 | E11: TT Cầu Gồ, Yên Thế, Bắc Giang | J11: 0 | O11: =H11+J11+K11+L11+M11+N11 -> 0 | P11: 2500000 | Q11: =P11-O11 -> 2500000
A12: 5 | B12: 43136 | C12: Trả hàng sáng 05/02 | D12: TCLU5074447 | E12: Duy Tiên, Hà Nam | G12: 330 | H12: 5263500 | J12: 610000 | O12: =H12+J12+K12+L12+M12+N12 -> 5873500 | P12: 3600000 | Q12: =P12-O12 -> -2273500
A13: 6 | B13: 43136 | C13: Đóng hàng Vietsun sáng 06/02 | D13: DRYU9367704 | E13: NM Giấy Bãi Bằng, Phù Ninh, Phú Thọ | J13: 1400000 | O13: =H13+J13+K13+L13+M13+N13 -> 1400000 | P13: 6136364 | Q13: =P13-O13 -> 4736364
A14: 7 | B14: 43137 | C14: Trả hàng + đóng hàng KH 07/02 | D14: DRYU3094813 | E14: Thường Tín, Hà Nội - Hà Nam | J14: 1420000 | O14: =H14+J14+K14+L14+M14+N14 -> 1420000 | P14: 5200000 | Q14: =P14-O14 -> 3780000
A15: 8 | B15: 43138 | C15: Trả hàng + đóng hàng KH 08/02 | D15: DRYU2851553 | E15: Văn Lâm, Hưng Yên - Hà Nam | G15: 240 | H15: 3828000 | J15: =1510000-90000 -> 1420000 | O15: =H15+J15+K15+L15+M15+N15 -> 5248000 | P15: 5000000 | Q15: =P15-O15 -> -248000
A16: 9 | B16: 43139 | C16: Trả hàng + đóng hàng KH 09/02 | D16: GMDU2153568 | E16: Văn Lâm, Hưng Yên - Hà Nam | J16: 1420000 | O16: =H16+J16+K16+L16+M16+N16 -> 1420000 | P16: 5000000 | Q16: =P16-O16 -> 3580000
A17: 10 | B17: 43140 | C17: Trả hàng + đóng hàng KH 10/02 | D17: DRYU3093946 | E17: Văn Lâm, Hưng Yên - Hà Nam | G17: 280 | H17: 4466000 | J17: 1510000 | O17: =H17+J17+K17+L17+M17+N17 -> 5976000 | P17: 5000000 | Q17: =P17-O17 -> -976000
A18: 11 | B18: 43152 | C18: Trả hàng NK sáng 22/02 | D18: YMLU8985627 | E18: Ngọc Hồi, Thanh Trì, Hà Nội | G18: 270 | H18: 4306500 | J18: 970000 | O18: =H18+J18+K18+L18+M18+N18 -> 5276500 | P18: 3700000 | Q18: =P18-O18 -> -1576500
A19: 12 | B19: 43153 | C19: Trả hàng + đóng hàng KH 23/02 | D19: TRHU3295671 | E19: Quốc Oai, Hà Nội - Hà Nam | J19: 1420000 | O19: =H19+J19+K19+L19+M19+N19 -> 1420000 | P19: 5300000 | Q19: =P19-O19 -> 3880000
A20: 13 | B20: 43154 | C20: Trả hàng NK sáng 24/02 | D20: SITU9113073 | E20: KCN Đồng Văn, Hà Nam | J20: 790000 | O20: =H20+J20+K20+L20+M20+N20 -> 790000 | P20: 3800000 | Q20: =P20-O20 -> 3010000
A21: 14 | B21: 43155 | C21: Đóng hàng chè sáng 25/02 | D21: SEGU5836630 | E21: Mỹ Bằng, Yên Sơn, Tuyên Quang | G21: 335 | H21: 5262850 | J21: 1710000 | O21: =H21+J21+K21+L21+M21+N21 -> 6972850 | P21: 4950000 | Q21: =P21-O21 -> -2022850
A22: 15 | B22: 43157 | C22: Trả hàng + đóng hàng KH 26/02 | D22: WFHU1352509 | E22: Văn Lâm, Hưng Yên - Hà Nam | G22: 315 | H22: 4948650 | J22: 1420000 | O22: =H22+J22+K22+L22+M22+N22 -> 6368650 | P22: 5000000 | Q22: =P22-O22 -> -1368650
A23: 16 | B23: 43158 | C23: Đóng hàng sáng 27/02 | D23: DRYU9367746 | E23: NM Giấy Bãi Bằng, Phù Ninh, Phú Thọ | J23: 1400000 | O23: =H23+J23+K23+L23+M23+N23 -> 1400000 | P23: 6209091 | Q23: =P23-O23 -> 4809091
A24: 17 | B24: 43158 | C24: Trả hàng + đóng hàng KH 28/02 | D24: DRYU3093442 | E24: Cẩm Giàng, Hải Dương - Hà Nam | G24: 235 | H24: =G24*15710 -> 3691850 | J24: 1250000 | O24: =H24+J24+K24+L24+M24+N24 -> 4941850 | P24: 4800000 | Q24: =P24-O24 -> -141850
C25: Thanh toán tiền mua 1 lốp xe 15C-136.31 | M25: 4700000 | O25: =H25+J25+K25+L25+M25+N25 -> 4700000 | Q25: =P25-O25 -> -4700000
C26: Thanh toán tiền sửa xe 15C-136.31 (hàn ống bô) | L26: 150000 | O26: =H26+J26+K26+L26+M26+N26 -> 150000 | Q26: =P26-O26 -> -150000
C27: Mua dây cu roa xe 15C-136.31 | L27: 250000 | O27: =H27+J27+K27+L27+M27+N27 -> 250000 | Q27: =P27-O27 -> -250000
C28: Chi tiền anh Phụng mua ắc quy cho xe 15C-136.31 | L28: 7000000 | O28: =H28+J28+K28+L28+M28+N28 -> 7000000 | Q28: =P28-O28 -> -7000000
C29: Mua con lăn xe 15C-136.31 | L29: 600000 | O29: =H29+J29+K29+L29+M29+N29 -> 600000 | Q29: =P29-O29 -> -600000
C30: Phí gửi xe | L30: 1320000 | O30: =H30+J30+K30+L30+M30+N30 -> 1320000 | Q30: =P30-O30 -> -1320000
C31: Thưởng Tết AL | K31: 3000000
C32: Lương | K32: 7875000 | O32: =H32+J32+K32+L32+M32+N32 -> 7875000 | Q32: =P32-O32 -> -7875000
A33: TỔNG CỘNG | G33: =SUM(G7:G32) -> 2005 | H33: =SUM(H7:H32) -> 31767350 | I33: =SUM(I7:I32) -> 0 | J33: =SUM(J7:J32) -> 19840000 | K33: =SUM(K7:K32) -> 10875000 | L33: =SUM(L7:L32) -> 9320000 | M33: =SUM(M7:M32) -> 4700000 | N33: =SUM(N7:N32) -> 0 | ... Q33: =SUM(Q7:Q32) -> 3774923
P35: LK = | Q35: ='01-2018'!Q46+'02-2018'!Q33 -> 39963227

Sheet 03-2018
A1: Bảng theo dõi doanh thu/ chi phí theo phương tiện vận chuyển
A2: Biển số xe: 15C - 136.31
A3: THÁNG 03.2018
A5: STT | B5: Ngày tháng | C5: Diễn giải | D5: Số cont | E5: Tuyến đường vận chuyển | F5: Khoảng cách (km) | G5: Chi phí | O5: Tổng chi phí | P5: Cước vận chuyển | Q5: Lợi nhuận gộp
G6: Dầu (l) | H6: Dầu (đồng) | I6: Mức TTBQ | J6: Đi đường | K6: Lương lx | L6: Sửa chữa | M6: Lốp | N6: Dầu máy
O7: =H7+J7+K7+L7+M7+N7 -> 0 | Q7: =P7-O7 -> 0
A8: 1 | B8: 43159 | C8: Trả hàng + đóng hàng KH 01/03 | D8: HACU2162670 | E8: Cẩm Giàng, Hải Dương - Hà Nam | J8: 1250000 | O8: =H8+J8+K8+L8+M8+N8 -> 1250000 | P8: 4800000 | Q8: =P8-O8 -> 3550000
A9: 2 | B9: 43160 | C9: Trả hàng NK sáng 02/03 | D9: WHSU5104621 | E9: Đình Bảng , Bắc Ninh | J9: 790000 | O9: =H9+J9+K9+L9+M9+N9 -> 790000 | P9: 3300000 | Q9: =P9-O9 -> 2510000
A10: 3 | B10: 43161 | C10: Trả hàng NK sáng 03/03 | D10: DFSU2948170 | E10: Sóc Sơn, Hà Nội | J10: 810000 | O10: =H10+J10+K10+L10+M10+N10 -> 810000 | P10: 3750000 | Q10: =P10-O10 -> 2940000
A11: 4 | B11: 43163 | C11: Trả hàng NK sáng 05/03 | D11: TLLU4115745 | E11: Ngọc Hồi, Thanh Trì, Hà Nội | G11: 285 | H11: 4477350 | J11: 970000 | O11: =H11+J11+K11+L11+M11+N11 -> 5447350 | P11: 3800000 | Q11: =P11-O11 -> -1647350
A12: 5 | B12: 43164 | C12: Trả hàng Vietsun sáng 06/03 | D12: DRYU9961721 | E12: Cảng Nội địa, Việt Hòa, TP. Hải Dương | J12: 650000 | O12: =H12+J12+K12+L12+M12+N12 -> 650000 | P12: 2409091 | Q12: =P12-O12 -> 1759091
A13: 6 | B13: 43164 | C13: Đóng hàng cốp pha chiều 07/03 | D13: DRYU9961721 | E13: TT Đức Hòa, huyện Đức Hòa, Long An | J13: 200000 | O13: =H13+J13+K13+L13+M13+N13 -> 200000 | P13: 1500000 | Q13: =P13-O13 -> 1300000
A14: 7 | B14: 43166 | C14: Trả hàng + đóng hàng KH 08/03 | D14: WFHU1352788 | E14: TP. Thanh Hóa - Hà Nam | J14: 1150000 | O14: =H14+J14+K14+L14+M14+N14 -> 1150000 | P14: 6000000 | Q14: =P14-O14 -> 4850000
A15: 8 | B15: 43167 | C15: Trả hàng + đóng hàng KH 09/03 | D15: GMDU2153378 | E15: Cẩm Giàng, Hải Dương - Hà Nam | G15: 320 | H15: 5027200 | J15: 1250000 | O15: =H15+J15+K15+L15+M15+N15 -> 6277200 | P15: 4800000 | Q15: =P15-O15 -> -1477200
A16: 9 | B16: 43168 | C16: Trả hàng + đóng hàng KH 10/03 | D16: WFHU1358174 | E16: 478 Minh Khai, Hà Nội - Hà Nam | G16: 240 | H16: 3770400 | J16: =1420000 -> 1420000 | O16: =H16+J16+K16+L16+M16+N16 -> 5190400 | P16: 5200000 | Q16: =P16-O16 -> 9600
A17: 10 | B17: 43171 | C17: Trả hàng + đóng hàng KH 11/03 | D17: GMDU2142938 | E17: Cẩm Giàng, Hải Dương - Hà Nam | J17: 1110000 | O17: =H17+J17+K17+L17+M17+N17 -> 1110000 | P17: 4800000 | Q17: =P17-O17 -> 3690000
A18: 11 | B18: 43171 | C18: Trả hàng + đóng hàng KH 13/03 | D18: GMDU2153742 | E18: Cẩm Giàng, Hải Dương - Hà Nam | J18: 1250000 | O18: =H18+J18+K18+L18+M18+N18 -> 1250000 | P18: 4800000 | Q18: =P18-O18 -> 3550000
A19: 12 | B19: 43172 | C19: Trả hàng + đóng hàng KH 14/03 | D19: DRYU3093503 | E19: Dị Sử, Hưng Yên - Hà Nam | J19: 1250000 | O19: =H19+J19+K19+L19+M19+N19 -> 1250000 | P19: 4700000 | Q19: =P19-O19 -> 3450000
A20: 13 | B20: 43173 | C20: Trả hàng + đóng hàng KH 15/03 | D20: GMDU2152474 | E20: Cẩm Giàng, Hải Dương - Hà Nam | G20: 230 | H20: 3613300 | J20: 1250000 | O20: =H20+J20+K20+L20+M20+N20 -> 4863300 | P20: 4800000 | Q20: =P20-O20 -> -63300
A21: 14 | B21: 43174 | C21: Trả hàng + đóng hàng KH 16/03 | D21: GMDU2151858 | E21: Cẩm Giàng, Hải Dương - Hà Nam | J21: 1250000 | O21: =H21+J21+K21+L21+M21+N21 -> 1250000 | P21: 4800000 | Q21: =P21-O21 -> 3550000
A22: 15 | B22: 43175 | C22: Trả hàng + đóng hàng KH 17/03 | D22: GMDU2152896 | E22: Cẩm Giàng, Hải Dương - Hà Nam | G22: 235 | H22: 3691850 | J22: 1250000 | O22: =H22+J22+K22+L22+M22+N22 -> 4941850 | P22: 4800000 | Q22: =P22-O22 -> -141850
A23: 16 | B23: 43178 | C23: Trả hàng + đóng hàng KH 19/03 | D23: GMDU2153151 | E23: Cẩm Giàng, Hải Dương - Hà Nam | G23: 240 | H23: 3770400 | J23: 1250000 | O23: =H23+J23+K23+L23+M23+N23 -> 5020400 | P23: 4800000 | Q23: =P23-O23 -> -220400
A24: 17 | B24: 43178 | C24: Trả hàng + đóng hàng KH 20/03 | D24: GMDU2151729 | E24: Cẩm Giàng, Hải Dương - Hà Nam | J24: 1250000 | O24: =H24+J24+K24+L24+M24+N24 -> 1250000 | P24: 4800000 | Q24: =P24-O24 -> 3550000
A25: 18 | B25: 43179 | C25: Trả hàng NK sáng 21/03 | D25: TCNU3175862 | E25: Ngọc Hồi, Thanh Trì, Hà Nội | J25: 970000 | O25: =H25+J25+K25+L25+M25+N25 -> 970000 | P25: 3700000 | Q25: =P25-O25 -> 2730000
A26: 19 | B26: 43180 | C26: Trả hàng NK sáng 22/03 | D26: TRLU6624043 | E26: Mộc Châu, Sơn La | G26: 240 | H26: 3770400 | J26: =2920000-180000 -> 2740000 | O26: =H26+J26+K26+L26+M26+N26 -> 6510400 | P26: 14090909 | Q26: =P26-O26 -> 7580509
A27: 20 | B27: 43181 | C27: Trả hàng + đóng hàng KH 23/03 | D27: GMDU2153948 | E27: Văn Lâm, Hưng Yên - Hà Nam | J27: 1420000 | O27: =H27+J27+K27+L27+M27+N27 -> 1420000 | P27: 5000000 | Q27: =P27-O27 -> 3580000
A28: 21 | B28: 43182 | C28: Trả hàng + đóng hàng KH 24/03 | D28: TCKU2119670 | E28: Yên Mỹ, Hưng Yên - Hà Nam | G28: 320 | H28: 5027200 | J28: 1250000 | O28: =H28+J28+K28+L28+M28+N28 -> 6277200 | P28: 4700000 | Q28: =P28-O28 -> -1577200
A29: 22 | B29: 43184 | C29: Trả hàng + đóng hàng KH 26/03 | D29: DRYU3095234 | E29: Văn Lâm, Hưng Yên - Hà Nam | G29: 250 | H29: 3927500 | J29: 1420000 | O29: =H29+J29+K29+L29+M29+N29 -> 5347500 | P29: 5000000 | Q29: =P29-O29 -> -347500
A30: 23 | B30: 43185 | C30: Trả hàng + đóng hàng KH 27/03 | D30: GMDU2142157 | E30: Cẩm Giàng, Hải Dương - Hà Nam | J30: 1250000 | O30: =H30+J30+K30+L30+M30+N30 -> 1250000 | P30: 4800000 | Q30: =P30-O30 -> 3550000
A31: 24 | B31: 43186 | C31: Trả hàng NK sáng 28/03 | D31: YMLU8790604 | E31: Ngọc Hồi, Thanh Trì, Hà Nội | G31: 250 | H31: 3927500 | J31: 970000 | O31: =H31+J31+K31+L31+M31+N31 -> 4897500 | P31: 3700000 | Q31: =P31-O31 -> -1197500
A32: 25 | B32: 43187 | C32: Đóng hàng chè sáng 29/03 | D32: WHSU2357539 | E32: TT Trần Phú, Văn Chấn, Yên Bái | J32: =2070000+180000 -> 2250000 | O32: =H32+J32+K32+L32+M32+N32 -> 2250000 | P32: 9090909 | Q32: =P32-O32 -> 6840909
A33: 26 | B33: 43188 | C33: Trả hàng + đóng hàng KH 30/03 | D33: GMDU2152710 | E33: Cẩm Giàng, Hải Dương - Hà Nam | J33: 1250000 | O33: =H33+J33+K33+L33+M33+N33 -> 1250000 | P33: 4800000 | Q33: =P33-O33 -> 3550000
A34: 27 | B34: 43189 | C34: Trả hàng + đóng hàng KH 31/03 | D34: GMDU2142080 | E34: Cẩm Giàng, Hải Dương - Hà Nam | G34: 280 | H34: 4398800 | J34: 1250000 | O34: =H34+J34+K34+L34+M34+N34 -> 5648800 | P34: 4800000 | Q34: =P34-O34 -> -848800
C35: Thanh toán tiền sửa xe 15C-136.31 (bơm mỡ) | G35: 230 | H35: =G35*15710 -> 3613300 | L35: 180000 | O35: =H35+J35+K35+L35+M35+N35 -> 3793300 | Q35: =P35-O35 -> -3793300
C36: Anh Háu mua vòng bi+giảm sóc cho xe 15C-136.31 | L36: 2150000 | O36: =H36+J36+K36+L36+M36+N36 -> 2150000 | Q36: =P36-O36 -> -2150000
C37: Thanh toán tiền sửa xe 15C-136.31 (mua 1 đối chèn lốp) | L37: 200000 | O37: =H37+J37+K37+L37+M37+N37 -> 200000 | Q37: =P37-O37 -> -200000
C38: Mua giảm sóc xe 15C-136.31 | L38: 800000 | O38: =H38+J38+K38+L38+M38+N38 -> 800000 | Q38: =P38-O38 -> -800000
C39: Thanh toán tiền sửa xe 15C-136.31 ngày 1/2 (dầu trợ lái, thay kim phớt lái, công tháo lắp, rẻ lau, keo, dầu rửa) | L39: 1370000 | O39: =H39+J39+K39+L39+M39+N39 -> 1370000 | Q39: =P39-O39 -> -1370000
C40: Thanh toán tiền sửa xe 15C-136.31 ngày 22/2 (con lăn, công kiểm tra tháo lắp, hàn ba đờ sóc mooc) | L40: 1400000 | O40: =H40+J40+K40+L40+M40+N40 -> 1400000 | Q40: =P40-O40 -> -1400000
C41: Thanh toán tiền sửa xe 15C-136.31 ngày 16/3 (công tháo lắp, thay bi cao su, công tháo lắp thay giảm sóc) | L41: 350000 | O41: =H41+J41+K41+L41+M41+N41 -> 350000 | Q41: =P41-O41 -> -350000
C42: Thanh toán tiền sửa xe 15C-136.31 ngày 27/3 (bac ca bin trước, công tháo lắp, thay giảm sóc) | L42: 550000 | O42: =H42+J42+K42+L42+M42+N42 -> 550000 | Q42: =P42-O42 -> -550000
C43: Phí gửi xe | L43: 1320000 | O43: =H43+J43+K43+L43+M43+N43 -> 1320000 | Q43: =P43-O43 -> -1320000
C44: Lương | K44: 9692308 | O44: =H44+J44+K44+L44+M44+N44 -> 9692308 | Q44: =P44-O44 -> -9692308
A45: TỔNG CỘNG | G45: =SUM(G7:G44) -> 3120 | H45: =SUM(H7:H44) -> 49015200 | I45: =SUM(I7:I44) -> 0 | J45: =SUM(J7:J44) -> 33120000 | K45: =SUM(K7:K44) -> 9692308 | L45: =SUM(L7:L44) -> 8320000 | M45: =SUM(M7:M44) -> 0 | N45: =SUM(N7:N44) -> 0 | ... Q45: =SUM(Q7:Q44) -> 33393401
P47: LK = | Q47: ='02-2018'!Q35+'03-2018'!Q45 -> 73356628

Sheet 04-2018
A1: Bảng theo dõi doanh thu/ chi phí theo phương tiện vận chuyển
A2: Biển số xe: 15C - 136.31
A3: THÁNG 04.2018
