Workbook

Sheet CHI PHI BAN DAU
A1: Bảng tổng hợp chi phí xe 15C-070.63
A3: STT | B3: Nội dung | C3: Thành tiền | D3: Phí ngân hàng
A4: 1 | B4: Thanh toán nốt tiền mua xe đầu kéo biển số 15C- 070.63 | C4: =249100000+70000000 -> 319100000
A5: 2 | B5: Làm đăng ký xe 15C- 070.63 | C5: 7200000
A6: 3 | B6: Cào số khung, số máy xe 15C- 070.63 | C6: 100000
A7: 4 | B7: Thanh toán tiền bảo hiểm xe 15C-070.63 | C7: 9120000
A8: 5 | B8: Bơm mỡ xe 15C-070.63 | C8: 70000
A9: 6 | B9: Bơm mỡ đầu kéo xe 15C-070.63 | C9: 100000
A10: 7 | B10: Kiểm tra điện hộp đèn xe 15C-070.63 | C10: 200000
A11: 8 | B11: Thanh toán tiền sửa chữa xe 15C-070.63 (tháo lốp trong bãi, thay lốp, đảo 1 cầu) | C11: 430000
A12: 9 | B12: Thanh toán tiền lọc nhớt, lọc thả xe 15C-070.63 | C12: 540000
A13: 10 | B13: Công chứng đăng ký+đăng kiểm xe 15C-070.63 | C13: 50000
A14: 11 | B14: Trả tiền công đăng ký xe 15C-070.63 | C14: 500000
A15: 12 | B15: Cắt chữ xe 15C-070.63 | C15: 350000
A16: 13 | B16: Dọn nội thất xe 15C-070.63 | C16: 500000
... A24: 21 | B24: Thay lốp xe 15C-070.63 | C24: 120000
B31: Tổng cộng | C31: =SUM(C4:C30) -> 343630000 | D31: =SUM(D4:D30) -> 0

Sheet 07-2018
A1: Bảng theo dõi doanh thu/ chi phí theo phương tiện vận chuyển
A2: Biển số xe: 15C - 070.63
B3: THÁNG 07.2018
A5: STT | B5: Ngày tháng | C5: Diễn giải | D5: Số cont | E5: Tuyến đường vận chuyển | F5: Khoảng cách (km) | G5: Chi phí | O5: Tổng chi phí | P5: Cước vận chuyển | Q5: Lợi nhuận gộp
G6: Dầu (l) | H6: Dầu (đồng) | I6: Mức TTBQ | J6: Đi đường | K6: Lương lx | L6: Sửa chữa | M6: Lốp | N6: Dầu máy
A8: 1 | B8: 43306 | C8: Trả hàng NK sáng 26/07 | D8: HJCU1491703 | E8: KCN Đình Bảng, Bắc Ninh | G8: 200 | H8: 3448000 | J8: 790000 | O8: =H8+J8+K8+L8+M8+N8 -> 4238000 | P8: 3300000 | Q8: =P8-O8 -> -938000
A9: 2 | B9: 43307 | C9: Trả hàng NK sáng 27/07 | D9: EITU1735591 | E9: Ngọc Hồi, Hà Nội | J9: 970000 | O9: =H9+J9+K9+L9+M9+N9 -> 970000 | P9: 3700000 | Q9: =P9-O9 -> 2730000
A10: 3 | B10: 43311 | C10: Đóng hàng chè sáng 30/07 | D10: EITU0061102 | E10: Mỹ Bằng, Yên Sơn, Tuyên Quang | G10: 200 | H10: 3448000 | J10: 1600000 | O10: =H10+J10+K10+L10+M10+N10 -> 5048000 | P10: 7227273 | Q10: =P10-O10 -> 2179273
A11: 4 | B11: 43311 | C11: Trả hàng + đóng hàng KH 31/07 | D11: TRHU1630894 | E11: Lý Nhân, Hà Nam - Hà Nam | G11: 199 | H11: 3430760 | J11: 750000 | O11: =H11+J11+K11+L11+M11+N11 -> 4180760 | P11: 4700000 | Q11: =P11-O11 -> 519240
O12: =H12+J12+K12+L12+M12+N12 -> 0 | Q12: =P12-O12 -> 0
C13: Thay nhớt + nhớt dự phòng phân bổ | N13: =11500000/4 -> 2875000 | O13: =H13+J13+K13+L13+M13+N13 -> 2875000 | Q13: =P13-O13 -> -2875000
A19: TỔNG CỘNG | G19: =SUM(G7:G18) -> 599 | H19: =SUM(H7:H18) -> 10326760 | I19: =SUM(I7:I18) -> 0 | J19: =SUM(J7:J18) -> 4110000 | K19: =SUM(K7:K18) -> 0 | L19: =SUM(L7:L18) -> 0 | M19: =SUM(M7:M18) -> 0 | N19: =SUM(N7:N18) -> 2875000 | ... Q19: =SUM(Q7:Q18) -> 1615513
P21: LK = | Q21: =Q19 -> 1615513

Sheet 08-2018
A1: Bảng theo dõi doanh thu/ chi phí theo phương tiện vận chuyển
A2: Biển số xe: 15C - 070.63
B3: THÁNG 08.2018
A5: STT | B5: Ngày tháng | C5: Diễn giải | D5: Số cont | E5: Tuyến đường vận chuyển | F5: Khoảng cách (km) | G5: Chi phí | O5: Tổng chi phí | P5: Cước vận chuyển | Q5: Lợi nhuận gộp
G6: Dầu (l) | H6: Dầu (đồng) | I6: Mức TTBQ | J6: Đi đường | K6: Lương lx | L6: Sửa chữa | M6: Lốp | N6: Dầu máy
A8: 1 | B8: 43312 | C8: Đóng hàng chè sáng 01/08 | D8: EITU0059390 | E8: Mỹ Bằng, Yên Sơn, Tuyên Quang | J8: 1600000 | O8: =H8+J8+K8+L8+M8+N8 -> 1600000 | P8: 7227273 | Q8: =P8-O8 -> 5627273
A9: 2 | B9: 43314 | C9: Trả hàng + đóng hàng KH 03/08 | D9: GMDU2152961 | E9: Vĩnh Yên , Vĩnh Phúc - Hà Nam | J9: 1260000 | O9: =H9+J9+K9+L9+M9+N9 -> 1260000 | P9: 6100000 | Q9: =P9-O9 -> 4840000
A10: 3 | B10: 43315 | C10: Đóng hàng bột đá 04/08 | D10: VNLU3090145 | E10: Phủ Lý, Hà Nam | G10: 247 | H10: 4258280 | J10: 430000 | O10: =H10+J10+K10+L10+M10+N10 -> 4688280 | P10: 3200000 | Q10: =P10-O10 -> -1488280
A11: 4 | B11: 43318 | C11: Trả hàng + đóng hàng KH 06/08 | D11: GMDU2412735 | E11: Vĩnh Yên, Vĩnh Phúc - Đông Anh, Hà Nội | G11: 142 | H11: 2448080 | J11: 1260000 | O11: =H11+J11+K11+L11+M11+N11 -> 3708080 | P11: 6100000 | Q11: =P11-O11 -> 2391920
A12: 5 | B12: 43318 | C12: Trả hàng NK sáng 07/08 | D12: CRXU3139214 | E12: Đan Phượng, Hà Nội | G12: 243 | H12: 4189320 | J12: 820000 | O12: =H12+J12+K12+L12+M12+N12 -> 5009320 | P12: 3700000 | Q12: =P12-O12 -> -1309320
A13: 6 | B13: 43319 | C13: Đóng hàng sáng 08/08 | D13: UTCU4148970 | E13: TP Vinh, Nghệ An | G13: 91 | H13: 1595230 | J13: 1360000 | O13: =H13+J13+K13+L13+M13+N13 -> 2955230 | P13: 8909091 | Q13: =P13-O13 -> 5953861
A14: 7 | B14: 43322 | C14: Đóng hàng bột đá chiều 10/08 | D14: BISU2828861 | E14: Phủ Lý, Hà Nam | G14: 201 | H14: 3523530 | J14: 430000 | O14: =H14+J14+K14+L14+M14+N14 -> 3953530 | P14: 3200000 | Q14: =P14-O14 -> -753530
A15: 8 | B15: 43322 | C15: Đóng hàng bột đá chiều 11/08 | D15: CAXU3299049 | E15: Phủ Lý, Hà Nam | J15: 430000 | O15: =H15+J15+K15+L15+M15+N15 -> 430000 | P15: 3200000 | Q15: =P15-O15 -> 2770000
A16: 9 | B16: 43323 | C16: Đóng hàng chè sáng 13/08 | D16: WHLU0654717 | E16: Tân Lập, Mộc Châu, Sơn La | J16: 2440000 | O16: =H16+J16+K16+L16+M16+N16 -> 2440000 | P16: 13181818 | Q16: =P16-O16 -> 10741818
A17: 10 | B17: 43325 | C17: Trả hàng + đóng hàng KH 14/08 | D17: CRSU1526660 | E17: Vĩnh Tường, Vĩnh Phúc - Hà Nam | G17: 191 | H17: 3348230 | J17: 1260000 | O17: =H17+J17+K17+L17+M17+N17 -> 4608230 | P17: 6100000 | Q17: =P17-O17 -> 1491770
A18: 11 | B18: 43327 | C18: Trả hàng NK sáng 16/08 | D18: NYKU3559136 | E18: Bát Tràng, Gia Lâm, Hà Nội | G18: 217 | H18: 3804010 | J18: 680000 | O18: =H18+J18+K18+L18+M18+N18 -> 4484010 | P18: 3100000 | Q18: =P18-O18 -> -1384010
A19: 12 | B19: 43328 | C19: Trả hàng + đóng hàng KH 17/08 | D19: DRYU2901910 | E19: Gia Lâm, Hà Nội - Hà Nam | J19: 1200000 | O19: =H19+J19+K19+L19+M19+N19 -> 1200000 | P19: 5100000 | Q19: =P19-O19 -> 3900000
A20: 13 | B20: 43329 | C20: Trả hàng sáng 18/08 | D20: XINU1273295 | E20: Long Biên, Hà Nội | G20: 225 | H20: 3944250 | J20: 820000 | O20: =H20+J20+K20+L20+M20+N20 -> 4764250 | P20: 3600000 | Q20: =P20-O20 -> -1164250
A21: 14 | B21: 43332 | C21: Trả hàng + đóng hàng KH 20/08 | D21: BISU2836070 | E21: Thường Tín, Hà Nội - Hà Nam | G21: 182 | H21: 3190460 | J21: 1200000 | O21: =H21+J21+K21+L21+M21+N21 -> 4390460 | P21: 5300000 | Q21: =P21-O21 -> 909540
A22: 15 | B22: 43332 | C22: Đóng hàng sáng 21/08 | D22: HCVT0010 | E22: TP. Việt Trì, Phú Thọ | J22: 1130000 | O22: =H22+J22+K22+L22+M22+N22 -> 1130000 | P22: 5200000 | Q22: =P22-O22 -> 4070000
A23: 16 | B23: 43333 | C23: Trả hàng sáng 22/08 | D23: TCLU7558219 | E23: Bát Tràng, Hà Nội | J23: 680000 | O23: =H23+J23+K23+L23+M23+N23 -> 680000 | P23: 3100000 | Q23: =P23-O23 -> 2420000
A24: 17 | B24: 43334 | C24: Trả hàng + đóng hàng KH 23/08 | D24: GMDU2151570 | E24: Đông Hưng, Thái Bình - Hà Nam | G24: 237 | H24: 4154610 | J24: 750000 | O24: =H24+J24+K24+L24+M24+N24 -> 4904610 | P24: 4700000 | Q24: =P24-O24 -> -204610
A25: 18 | B25: 43335 | C25: Đóng hàng chè sáng 24/08 | D25: WBPU2021413 | E25: Mỹ Bằng, Yên Sơn, Tuyên Quang | G25: 164 | H25: 2899520 | J25: 1600000 | O25: =H25+J25+K25+L25+M25+N25 -> 4499520 | P25: 7227273 | Q25: =P25-O25 -> 2727753
A26: 19 | B26: 43336 | C26: Đóng hàng chiều 25/08 | D26: HCVT0017 | E26: TP. Việt Trì, Phú Thọ | G26: 153 | H26: 2705040 | J26: 1130000 | O26: =H26+J26+K26+L26+M26+N26 -> 3835040 | P26: 5200000 | Q26: =P26-O26 -> 1364960
A27: 20 | B27: 43339 | C27: Đóng hàng chiều 27/08 | D27: HCVT0013 | E27: TP. Việt Trì, Phú Thọ | J27: 1130000 | O27: =H27+J27+K27+L27+M27+N27 -> 1130000 | P27: 5200000 | Q27: =P27-O27 -> 4070000
A28: 21 | B28: 43340 | C28: Trả hàng NK sáng 29/08 | D28: DRYU2736020 | E28: Mộc Châu, Sơn La | G28: 250 | H28: 4420000 | J28: 2440000 | O28: =H28+J28+K28+L28+M28+N28 -> 6860000 | P28: 12000000 | Q28: =P28-O28 -> 5140000
A29: 22 | B29: 43341 | C29: Trả hàng sáng 30/08 | D29: 0613001 | E29: KCN Đại Đồng, Bắc Ninh | J29: 680000 | O29: =H29+J29+K29+L29+M29+N29 -> 680000 | P29: 3400000 | Q29: =P29-O29 -> 2720000
A30: 23 | B30: 43342 | C30: Trả hàng + đóng hàng KH 31/08 | D30: VSLU3040110 | E30: Từ Liêm, Hà Nội - Hà Nam | G30: 205 | H30: 3624400 | J30: 1260000 | O30: =H30+J30+K30+L30+M30+N30 -> 4884400 | P30: 5300000 | Q30: =P30-O30 -> 415600
G31: 214 | H31: =G31*17680 -> 3783520 | O31: =H31+J31+K31+L31+M31+N31 -> 3783520 | Q31: =P31-O31 -> -3783520
C32: Anh Phụng thanh toán tiền cứu hộ, sửa lốp xe 15C-070.63 | L32: 3800000 | O32: =H32+J32+K32+L32+M32+N32 -> 3800000 | Q32: =P32-O32 -> -3800000
C33: Thanh toán tiền sửa xe 15C-070.63 (đèn vàng 8 mắt, bộ dây điện đèn vàng, đèn hành trình mooc, pha đèn tròn, tắc đèn pha 3 chân, công thợ làm điện) | L33: 1330000 | O33: =H33+J33+K33+L33+M33+N33 -> 1330000 | Q33: =P33-O33 -> -1330000
C34: Thanh toán tiền sửa xe 15C-070.63 cho Thái Tân Phát (nắn thanh bảo hiểm sau, nắn hàn táp chắn bùn, thay xương đỡ chắn bún) | L34: 700000 | O34: =H34+J34+K34+L34+M34+N34 -> 700000 | Q34: =P34-O34 -> -700000
C35: Thanh toán tiền sửa xe 15C-070.63 cho Thái Tân Phát (đắp dán co pô sít xương ca bô, hàn dán+bắt chỉnh mi đèn, hàn chế xương đầu BĐS, bả sau ca bô+mi đèn) | L35: 2000000 | O35: =H35+J35+K35+L35+M35+N35 -> 2000000 | Q35: =P35-O35 -> -2000000
C36: Đưa Anh Háu thanh toán tiền sửa xe 15C-070.63 cho Trí điện (chỉnh gió, cúp bo) | L36: 700000 | O36: =H36+J36+K36+L36+M36+N36 -> 700000 | Q36: =P36-O36 -> -700000
C37: Thanh toán tiền sửa xe 15C-070.63 (tán phanh, công thợ tháo lắp, mua lò xo , vỏ tắc kê, tiện con lăn) | L37: 1800000 | O37: =H37+J37+K37+L37+M37+N37 -> 1800000 | Q37: =P37-O37 -> -1800000
C38: Thanh toán tiền sửa xe 15C-070.63 (mua cúc hơi+công) ngày 26/8 | L38: 100000 | O38: =H38+J38+K38+L38+M38+N38 -> 100000 | Q38: =P38-O38 -> -100000
C39: Phí gửi xe | L39: =1200000*1.1 -> 1320000 | O39: =H39+J39+K39+L39+M39+N39 -> 1320000 | Q39: =P39-O39 -> -1320000
C40: Lương lái xe | M40: 8353846 | O40: =H40+J40+K40+L40+M40+N40 -> 8353846 | Q40: =P40-O40 -> -8353846
A41: TỔNG CỘNG | G41: =SUM(G7:G40) -> 2962 | H41: =SUM(H7:H40) -> 51888480 | I41: =SUM(I7:I40) -> 0 | J41: =SUM(J7:J40) -> 25990000 | K41: =SUM(K7:K40) -> 0 | L41: =SUM(L7:L40) -> 11750000 | M41: =SUM(M7:M40) -> 8353846 | N41: =SUM(N7:N40) -> 0 | ... Q41: =SUM(Q7:Q40) -> 31363129
P43: LK = | Q43: ='07-2018'!Q21+'08-2018'!Q41 -> 32978642

Sheet 09-2018
A1: Bảng theo dõi doanh thu/ chi phí theo phương tiện vận chuyển
A2: Biển số xe: 15C - 070.63
B3: THÁNG 09.2018
A5: STT | B5: Ngày tháng | C5: Diễn giải | D5: Số cont | E5: Tuyến đường vận chuyển | F5: Khoảng cách (km) | G5: Chi phí | O5: Tổng chi phí | P5: Cước vận chuyển | Q5: Lợi nhuận gộp
G6: Dầu (l) | H6: Dầu (đồng) | I6: Mức TTBQ | J6: Đi đường | K6: Lương lx | L6: Sửa chữa | M6: Lốp | N6: Dầu máy
A8: 1 | B8: 43343 | C8: Trả hàng + đóng hàng KH 01/09 | D8: BISU2828265 | E8: Phủ Lý, Hà Nam | J8: 430000 | O8: =H8+J8+K8+L8+M8+N8 -> 430000 | P8: 3200000 | Q8: =P8-O8 -> 2770000
A9: 2 | B9: 43347 | C9: Trả hàng + đóng hàng KH 04/09 | D9: VSLU4499973 | E9: Vĩnh Yên, Vĩnh Phúc - Hà Nam | J9: 1200000 | O9: =H9+J9+K9+L9+M9+N9 -> 1200000 | P9: 6100000 | Q9: =P9-O9 -> 4900000
A10: 3 | B10: 43347 | C10: Trả hàng + đóng hàng KH 05/09 | D10: VSLU1049381 | E10: Yên Mỹ, Hưng Yên - Hà Nam | J10: 1050000 | O10: =H10+J10+K10+L10+M10+N10 -> 1050000 | P10: 4700000 | Q10: =P10-O10 -> 3650000
A11: 4 | B11: 43348 | C11: Trả hàng + đóng hàng KH 06/09 | D11: DRYU2851760 | E11: Yên Mỹ, Hưng Yên - Hà Nam | G11: 230 | H11: 4066400 | J11: 1050000 | O11: =H11+J11+K11+L11+M11+N11 -> 5116400 | P11: 4700000 | Q11: =P11-O11 -> -416400
A12: 5 | B12: 43349 | C12: Trả hàng + đóng hàng KH 07/09 | D12: WFHU1356588 | E12: Tân Quang, Văn Lâm, Hưng Yên - Hà Nam | J12: 1260000 | O12: =H12+J12+K12+L12+M12+N12 -> 1260000 | P12: 5000000 | Q12: =P12-O12 -> 3740000
A13: 6 | B13: 43350 | C13: Trả hàng + đóng hàng KH 08/09 | D13: DRYU3094686 | E13: Vĩnh Yên, Vĩnh Phúc - Hà Nam | G13: 237 | H13: 4280220 | J13: 1200000 | O13: =H13+J13+K13+L13+M13+N13 -> 5480220 | P13: 6100000 | Q13: =P13-O13 -> 619780
A14: 7 | B14: 43352 | C14: Trả hàng + đóng hàng KH 10/09 | D14: BISU2825287 | E14: Thường Tín, Hà Nội - Hà Nam | G14: 270 | H14: 4876200 | J14: 1200000 | O14: =H14+J14+K14+L14+M14+N14 -> 6076200 | P14: 5300000 | Q14: =P14-O14 -> -776200
A15: 8 | B15: 43353 | C15: Đóng hàng chè sáng 11/09 | D15: FBIU0480084 | E15: Tân Lập, Mộc Châu, Sơn La | G15: 118 | H15: 2131080 | J15: 2440000 | O15: =H15+J15+K15+L15+M15+N15 -> 4571080 | P15: 13181818 | Q15: =P15-O15 -> 8610738
A16: 9 | B16: 43354 | C16: Đóng hàng bột đá 12/09 | D16: VNLU3099435 | E16: Phủ Lý, Hà Nam | J16: 430000 | O16: =H16+J16+K16+L16+M16+N16 -> 430000 | P16: 3200000 | Q16: =P16-O16 -> 2770000
A17: 10 | B17: 43355 | C17: Đóng hàng XK sáng 13/09 | D17: HCVT0002 | E17: TP. Việt Trì, Phú Thọ | G17: 225 | H17: 4063500 | J17: 1130000 | O17: =H17+J17+K17+L17+M17+N17 -> 5193500 | P17: 5200000 | Q17: =P17-O17 -> 6500
A18: 11 | B18: 43356 | C18: Đóng hàng chè sáng 14/09 | D18: TEMU1656046 | E18: Mỹ Bằng, Yên Sơn, Tuyên Quang | J18: 1600000 | O18: =H18+J18+K18+L18+M18+N18 -> 1600000 | P18: 7227273 | Q18: =P18-O18 -> 5627273
A19: 12 | B19: 43357 | C19: Trả hàng sáng 15/09 | D19: WHLU0547133 | E19: KCN Đại Đồng, Bắc Ninh | G19: 220 | H19: 3973200 | J19: 680000 | O19: =H19+J19+K19+L19+M19+N19 -> 4653200 | P19: 3400000 | Q19: =P19-O19 -> -1253200
A20: 13 | B20: 43359 | C20: Trả hàng + đóng hàng KH 17/09 | D20: TCKU3112237 | E20: Thường Tín, Hà Nội - Hà Nam | G20: 158 | H20: 2853480 | J20: 1200000 | O20: =H20+J20+K20+L20+M20+N20 -> 4053480 | P20: 5400000 | Q20: =P20-O20 -> 1346520
A21: 14 | B21: 43360 | C21: Trả hàng + đóng hàng KH 18/09 | D21: DRYU2899177 | E21: Tiền Hải, Thái Bình - Hà Nam | J21: =750000+280000 -> 1030000 | O21: =H21+J21+K21+L21+M21+N21 -> 1030000 | P21: 4800000 | Q21: =P21-O21 -> 3770000
A22: 15 | B22: 43361 | C22: Đóng hàng sáng 19/09 | D22: HCVT0015 | E22: TP. Việt Trì, Phú Thọ | G22: 207 | H22: 3738420 | J22: 1130000 | O22: =H22+J22+K22+L22+M22+N22 -> 4868420 | P22: 5200000 | Q22: =P22-O22 -> 331580
A23: 16 | B23: 43362 | C23: Trả hàng + đóng hàng KH 20/09 | D23: FSCU7790251 | E23: TP Nam Định - Hà Nam | J23: 750000 | O23: =H23+J23+K23+L23+M23+N23 -> 750000 | P23: 4700000 | Q23: =P23-O23 -> 3950000
A24: 17 | B24: 43363 | C24: Trả hàng NK sáng 21/09 | D24: FCIU2866150 | E24: Bát Tràng, Hà Nội | G24: 258 | H24: 4659480 | J24: 680000 | O24: =H24+J24+K24+L24+M24+N24 -> 5339480 | P24: 3200000 | Q24: =P24-O24 -> -2139480
A25: 18 | B25: 43364 | C25: Trả hàng NK sáng 22/09 | D25: HCVT0017 | E25: TP. Việt Trì, Phú Thọ | J25: 1130000 | O25: =H25+J25+K25+L25+M25+N25 -> 1130000 | P25: 5200000 | Q25: =P25-O25 -> 4070000
A26: 19 | B26: 43365 | C26: Trả hàng + đóng hàng KH 24/09 | D26: GMDU2150722 | E26: Khai Quang, Vĩnh Phúc - Hà Nam | G26: 188 | H26: 3406560 | J26: 1200000 | O26: =H26+J26+K26+L26+M26+N26 -> 4606560 | P26: 6100000 | Q26: =P26-O26 -> 1493440
A27: 20 | B27: 43367 | C27: Trả hàng + đóng hàng KH 25/09 | D27: GMDU2152263 | E27: Khuyến Lương, Hà Nội - Hà Nam | J27: 1200000 | O27: =H27+J27+K27+L27+M27+N27 -> 1200000 | P27: 5400000 | Q27: =P27-O27 -> 4200000
A28: 21 | B28: 43368 | C28: Đóng hàng chè sáng 26/09 | D28: EITU0016783 | E28: Mỹ Bằng, Yên Sơn, Tuyên Quang | G28: 272 | H28: 4928640 | J28: 1600000 | O28: =H28+J28+K28+L28+M28+N28 -> 6528640 | P28: 7227273 | Q28: =P28-O28 -> 698633
A29: 22 | B29: 43368 | C29: Đóng hàng chè sáng 27/09 | D29: WHLU0583064 | E29: Tân Lập, Mộc Châu, Sơn La | G29: 123 | H29: 2228760 | J29: 2440000 | O29: =H29+J29+K29+L29+M29+N29 -> 4668760 | P29: 13181818 | Q29: =P29-O29 -> 8513058
A30: 23 | B30: 43370 | C30: Trả hàng + đóng hàng KH 28/09 | D30: GMDU2151185 | E30: Cẩm Giàng, Hải Dương - Hà Nam | G30: 160 | H30: 2899200 | J30: 1050000 | O30: =H30+J30+K30+L30+M30+N30 -> 3949200 | P30: 4800000 | Q30: =P30-O30 -> 850800
A31: 24 | B31: 43371 | C31: Trả hàng + đóng hàng KH 29/09 | D31: WFHU1365110 | E31: Đại An, Hải Dương- Hà Nam | G31: 240 | H31: 4348800 | J31: 1050000 | O31: =H31+J31+K31+L31+M31+N31 -> 5398800 | P31: 4800000 | Q31: =P31-O31 -> -598800
G32: 215 | H32: =G32*18120 -> 3895800 | O32: =H32+J32+K32+L32+M32+N32 -> 3895800 | Q32: =P32-O32 -> -3895800
O33: =H33+J33+K33+L33+M33+N33 -> 0 | Q33: =P33-O33 -> 0
C34: Thanh toán tiền sửa chữa xe 15C-070.63 (công thợ căn chỉnh, mua dầu rửa, rẻ, keo) | L34: 9300000 | O34: =H34+J34+K34+L34+M34+N34 -> 9300000 | Q34: =P34-O34 -> -9300000
C35: Thanh toán tiền sửa xe 15C-070.63 | L35: 150000 | O35: =H35+J35+K35+L35+M35+N35 -> 150000 | Q35: =P35-O35 -> -150000
C36: Thanh toán phí sử dụng đường bộ xe 15C-070.63 | L36: 8628000 | O36: =H36+J36+K36+L36+M36+N36 -> 8628000 | Q36: =P36-O36 -> -8628000
C37: Thanh toán phí đăng kiểm xe 15C-070.63 | L37: 610000 | O37: =H37+J37+K37+L37+M37+N37 -> 610000 | Q37: =P37-O37 -> -610000
C38: Thanh toán tiền mua dầu cầu Total | N38: =2760000 -> 2760000 | O38: =H38+J38+K38+L38+M38+N38 -> 2760000 | Q38: =P38-O38 -> -2760000
C39: Bơm mỡ đầu kéo+mooc xe 15C-070.63 ngày 22/9 | L39: 170000 | O39: =H39+J39+K39+L39+M39+N39 -> 170000 | Q39: =P39-O39 -> -170000
C40: Phí gửi xe | L40: =1200000*1.1 -> 1320000 | O40: =H40+J40+K40+L40+M40+N40 -> 1320000 | Q40: =P40-O40 -> -1320000
C41: Lương lái xe | M41: 5975000 | O41: =H41+J41+K41+L41+M41+N41 -> 5975000 | Q41: =P41-O41 -> -5975000
A42: TỔNG CỘNG | G42: =SUM(G7:G41) -> 3121 | H42: =SUM(H7:H41) -> 56349740 | I42: =SUM(I7:I41) -> 0 | J42: =SUM(J7:J41) -> 28130000 | K42: =SUM(K7:K41) -> 0 | L42: =SUM(L7:L41) -> 20178000 | M42: =SUM(M7:M41) -> 5975000 | N42: =SUM(N7:N41) -> 2760000 | ... Q42: =SUM(Q7:Q41) -> 23925442
P44: LK = | Q44: ='08-2018'!Q43+'09-2018'!Q42 -> 56904084

Sheet 10-2018
A1: Bảng theo dõi doanh thu/ chi phí theo phương tiện vận chuyển
A2: Biển số xe: 15C - 070.63
B3: THÁNG 10.2018
A5: STT | B5: Ngày tháng | C5: Diễn giải | D5: Số cont | E5: Tuyến đường vận chuyển | F5: Khoảng cách (km) | G5: Chi phí | O5: Tổng chi phí | P5: Cước vận chuyển | Q5: Lợi nhuận gộp
G6: Dầu (l) | H6: Dầu (đồng) | I6: Mức TTBQ | J6: Đi đường | K6: Lương lx | L6: Sửa chữa | M6: Lốp | N6: Dầu máy
A8: 1 | B8: 43374 | C8: Trả hàng + đóng hàng KH 01/10 | D8: WHLU2307701 | E8: Yên Mỹ, Hưng Yên - Hà Nam | J8: 1050000 | O8: =H8+J8+K8+L8+M8+N8 -> 1050000 | P8: 4800000 | Q8: =P8-O8 -> 3750000
A9: 2 | B9: 43374 | C9: Đóng hàng Vietsun sáng 02/10 | D9: TRHU1344273 | E9: Chí Linh, Hải Dương | J9: 540000 | O9: =H9+J9+K9+L9+M9+N9 -> 540000 | P9: 2600000 | Q9: =P9-O9 -> 2060000
A10: 3 | B10: 43374 | C10: Đóng hàng Vietsun chiều 02/10 | D10: DRYU2924069 | E10: Chí Linh, Hải Dương | J10: 540000 | O10: =H10+J10+K10+L10+M10+N10 -> 540000 | P10: 2600000 | Q10: =P10-O10 -> 2060000
A11: 4 | B11: 43375 | C11: Trả hàng + đóng hàng KH 03/10 | D11: VSLU4487062 | E11: Thường Tín, Hà Nội - Hà Nam | G11: 220 | H11: 3986400 | J11: 1200000 | O11: =H11+J11+K11+L11+M11+N11 -> 5186400 | P11: 5400000 | Q11: =P11-O11 -> 213600
A12: 5 | B12: 43376 | C12: Trả hàng + đóng hàng KH 04/10 | D12: TRHU1344925 | E12: Yên Mỹ, Hưng Yên - Hà Nam | J12: 1050000 | O12: =H12+J12+K12+L12+M12+N12 -> 1050000 | P12: 4800000 | Q12: =P12-O12 -> 3750000
A13: 6 | B13: 43377 | C13: Đóng hàng Vietsun sáng 05/10 | D13: VSLU4489527 | E13: Chí Linh, Hải Dương | J13: 450000 | O13: =H13+J13+K13+L13+M13+N13 -> 450000 | P13: 2600000 | Q13: =P13-O13 -> 2150000
A14: 7 | B14: 43377 | C14: Đóng hàng Vietsun chiều 05/10 | D14: DRYU2851609 | E14: Chí Linh, Hải Dương | J14: 450000 | O14: =H14+J14+K14+L14+M14+N14 -> 450000 | P14: 2600000 | Q14: =P14-O14 -> 2150000
A15: 8 | B15: 43378 | C15: Trả hàng Nk sáng 06/10 | D15: BMOU1123110 | E15: Thường Tín, Hà Nội | G15: 237 | H15: 4294440 | J15: 820000 | O15: =H15+J15+K15+L15+M15+N15 -> 5114440 | P15: 6300000 | Q15: =P15-O15 -> 1185560
A16: 9 | B16: 43381 | C16: Trả hàng + đóng hàng KH 09/10 | D16: BISU2820433 | E16: Trôi, Hà Nội - Hà Nam | J16: 1200000 | O16: =H16+J16+K16+L16+M16+N16 -> 1200000 | P16: 5400000 | Q16: =P16-O16 -> 4200000
A17: 10 | B17: 43382 | C17: Đóng hàng chè sáng 11/10 | D17: WHSU2377556 | E17: Tân Lập, Mộc Châu, Sơn La | G17: =185+125 -> 310 | H17: =3442850+125*18610 -> 5769100 | J17: =2440000-120000 -> 2320000 | O17: =H17+J17+K17+L17+M17+N17 -> 8089100 | P17: 13181818 | Q17: =P17-O17 -> 5092718
A18: 11 | B18: 43384 | C18: Trả hàng + đóng hàng KH 12/10 | D18: DRYU3025371 | E18: Yên Mỹ, Hưng Yên - Hà Nam | G18: 214 | H18: =G18*18610 -> 3982540 | J18: 1050000 | O18: =H18+J18+K18+L18+M18+N18 -> 5032540 | P18: 4900000 | Q18: =P18-O18 -> -132540
A19: 12 | B19: 43385 | C19: Đóng hàng bột đá 13/10 | D19: BISU2834972 | E19: Phủ Lý, Hà Nam | J19: 430000 | O19: =H19+J19+K19+L19+M19+N19 -> 430000 | P19: 3200000 | Q19: =P19-O19 -> 2770000
A20: 13 | B20: 43388 | C20: Đóng hàng chè sáng 15/10 | D20: TEMU3994119 | E20: Mỹ Bằng, Yên Sơn, Tuyên Quang | G20: 220 | H20: =G20*18610 -> 4094200 | J20: 1600000 | O20: =H20+J20+K20+L20+M20+N20 -> 5694200 | P20: 7227273 | Q20: =P20-O20 -> 1533073
A21: 14 | B21: 43388 | C21: Trả hàng + đóng hàng chè 16/10 | D21: WHLU0606637 | E21: Phủ Lỗ, Sóc Sơn, Hà Nội | G21: 140 | H21: =G21*18610 -> 2605400 | J21: =700000+300000 -> 1000000 | O21: =H21+J21+K21+L21+M21+N21 -> 3605400 | P21: 6300000 | Q21: =P21-O21 -> 2694600
A22: 15 | B22: 43389 | C22: Đóng hàng bột đá chiều 17/10 | D22: VNLU2093279 | E22: Phủ Lý, Hà Nam | J22: 430000 | O22: =H22+J22+K22+L22+M22+N22 -> 430000 | P22: 3200000 | Q22: =P22-O22 -> 2770000
A23: 16 | B23: 43390 | C23: Trả hàng NK sáng 18/10 | D23: TRHU2869477 | E23: Bát Tràng, Hà Nội | J23: 680000 | O23: =H23+J23+K23+L23+M23+N23 -> 680000 | P23: 3200000 | Q23: =P23-O23 -> 2520000
A24: 17 | B24: 43391 | C24: Trả hàng sáng 19/10 | D24: CSNU1659311 | E24: Thường Tín, Hà Nội | G24: 178 | H24: =G24*18610 -> 3312580 | J24: 810000 | O24: =H24+J24+K24+L24+M24+N24 -> 4122580 | P24: 4100000 | Q24: =P24-O24 -> -22580
A25: 18 | B25: 43392 | C25: Trả hàng + đóng hàng KH 20/10 | D25: GAOU2108166 | E25: Vĩnh Tường, Vĩnh Phúc - Hà Nam | J25: 1200000 | O25: =H25+J25+K25+L25+M25+N25 -> 1200000 | P25: 6100000 | Q25: =P25-O25 -> 4900000
A26: 19 | B26: 43393 | C26: Trả hàng sáng 22/10 | D26: CSNU1403274 | E26: Thường Tín, Hà Nội | G26: 158 | H26: =G26*18610 -> 2940380 | J26: 810000 | O26: =H26+J26+K26+L26+M26+N26 -> 3750380 | P26: 4100000 | Q26: =P26-O26 -> 349620
A27: 20 | B27: 43395 | C27: Trả hàng NK sáng 23/10 | D27: CAIU6097179 | E27: KCN Đồng Văn, Hà Nam - Long Biên, Hà Nội | G27: 173 | H27: =G27*18610 -> 3219530 | J27: =430000+400000 -> 830000 | O27: =H27+J27+K27+L27+M27+N27 -> 4049530 | P27: 5100000 | Q27: =P27-O27 -> 1050470
A28: 21 | B28: 43396 | C28: Đóng hàng chè sáng 24/10 | D28: BSIU3178668 | E28: TT Trần Phú, Văn Chấn, Yên Bái | G28: 191 | H28: =G28*18610 -> 3554510 | J28: 1970000 | O28: =H28+J28+K28+L28+M28+N28 -> 5524510 | P28: 9545455 | Q28: =P28-O28 -> 4020945
A29: 22 | B29: 43397 | C29: Trả hàng + đóng hàng KH 25/10 | D29: GMDU2181240 | E29: KCN Vân Trung, Bắc Giang - Hà Nam | J29: 1260000 | O29: =H29+J29+K29+L29+M29+N29 -> 1260000 | P29: 5400000 | Q29: =P29-O29 -> 4140000
A30: 23 | B30: 43398 | C30: Trả hàng NK sáng 26/10 | D30: TGBU2376040 | E30: Thường Tín, Hà Nội | G30: 180 | H30: =G30*18610 -> 3349800 | J30: 810000 | O30: =H30+J30+K30+L30+M30+N30 -> 4159800 | P30: 4100000 | Q30: =P30-O30 -> -59800
A31: 24 | B31: 43399 | C31: Trả hàng + đóng hàng KH 27/10 | D31: DRYU2873402 | E31: Long Biên, Hà Nội - Hà Nam | G31: 225 | H31: =G31*18610 -> 4187250 | J31: 1200000 | O31: =H31+J31+K31+L31+M31+N31 -> 5387250 | P31: 5400000 | Q31: =P31-O31 -> 12750
A32: 25 | B32: 43402 | C32: Trả hàng + đóng hàng KH 29/10 | D32: VSLU3035941 | E32: Thường Tín, Hà Nội - Hà Nam | J32: 1200000 | O32: =H32+J32+K32+L32+M32+N32 -> 1200000 | P32: 5500000 | Q32: =P32-O32 -> 4300000
A33: 26 | B33: 43402 | C33: Trả hàng + đóng hàng KH 30/10 | D33: TRHU3295440 | E33: Bát Tràng, Gia Lâm, Hà Nội - Hà Nam | G33: 245 | H33: =G33*18610 -> 4559450 | J33: 1050000 | O33: =H33+J33+K33+L33+M33+N33 -> 5609450 | P33: 5400000 | Q33: =P33-O33 -> -209450
A34: 27 | B34: 43403 | C34: Trả hàng Vietsun sáng 31/10 | D34: DRYU3093490 | E34: KCN Tràng Duệ, An Dương, Hải Phòng | G34: 145 | H34: =G34*18610 -> 2698450 | J34: 200000 | O34: =H34+J34+K34+L34+M34+N34 -> 2898450 | P34: 1372727 | Q34: =P34-O34 -> -1525723
O35: =H35+J35+K35+L35+M35+N35 -> 0 | Q35: =P35-O35 -> 0
O36: =H36+J36+K36+L36+M36+N36 -> 0 | Q36: =P36-O36 -> 0
C37: Thanh toán tiền sửa xe 15C-070.63 (sửa máy phát, thay dàn Diot) | L37: 750000 | O37: =H37+J37+K37+L37+M37+N37 -> 750000 | Q37: =P37-O37 -> -750000
C38: Mua củ đề xe 15C-070.63 | L38: 2500000 | O38: =H38+J38+K38+L38+M38+N38 -> 2500000 | Q38: =P38-O38 -> -2500000
C39: Công chứng 15C-128.07 xe 15C-070.63 | L39: 25000 | O39: =H39+J39+K39+L39+M39+N39 -> 25000 | Q39: =P39-O39 -> -25000
C40: Mua bóng hơi ca bin xe 15C-070.63 | L40: 500000 | O40: =H40+J40+K40+L40+M40+N40 -> 500000 | Q40: =P40-O40 -> -500000
C41: Thanh toán tiền thay bóng hơi+cút hơi xe 15C-070.63 ngày 31/10 | L41: 100000 | O41: =H41+J41+K41+L41+M41+N41 -> 100000 | Q41: =P41-O41 -> -100000
C42: Thanh toán tiền thay dầu máy+bơm mỡ, thay lọc nhớt xe 15C-070.63 ngày 31/10 | L42: 170000 | O42: =H42+J42+K42+L42+M42+N42 -> 170000 | Q42: =P42-O42 -> -170000
C43: Phí gửi xe | L43: =1200000*1.1 -> 1320000 | O43: =H43+J43+K43+L43+M43+N43 -> 1320000 | Q43: =P43-O43 -> -1320000
C44: Lương lái xe | M44: 9346154 | O44: =H44+J44+K44+L44+M44+N44 -> 9346154 | Q44: =P44-O44 -> -9346154
A45: TỔNG CỘNG | G45: =SUM(G7:G44) -> 2836 | H45: =SUM(H7:H44) -> 52554030 | I45: =SUM(I7:I44) -> 0 | J45: =SUM(J7:J44) -> 26150000 | K45: =SUM(K7:K44) -> 0 | L45: =SUM(L7:L44) -> 5365000 | M45: =SUM(M7:M44) -> 9346154 | N45: =SUM(N7:N44) -> 0 | ... Q45: =SUM(Q7:Q44) -> 41012089
P47: LK = | Q47: ='09-2018'!Q44+'10-2018'!Q45 -> 97916173

Sheet 11.2018
A1: Bảng theo dõi doanh thu/ chi phí theo phương tiện vận chuyển
A2: Biển số xe: 15C - 070.63
B3: THÁNG 11.2018
A5: STT | B5: Ngày tháng | C5: Diễn giải | D5: Số cont | E5: Tuyến đường vận chuyển | F5: Khoảng cách (km) | G5: Chi phí | O5: Tổng chi phí | P5: Cước vận chuyển | Q5: Lợi nhuận gộp
G6: Dầu (l) | H6: Dầu (đồng) | I6: Mức TTBQ | J6: Đi đường | K6: Lương lx | L6: Sửa chữa | M6: Lốp | N6: Dầu máy
A8: 1 | B8: 43405 | C8: Đóng hàng chè sáng 01/11 | D8: FCIU6425276 | E8: Tân Lập, Mộc Châu, Sơn La | J8: 2200000 | O8: =H8+J8+K8+L8+M8+N8 -> 2200000 | P8: 13181818 | Q8: =P8-O8 -> 10981818
A9: 2 | B9: 43406 | C9: Trả hàng + đóng hàng KH 02/11 | D9: DRYU3021859 | E9: Văn Giang, HY- Đồng Văn, HN - Hà Nam | G9: 233 | H9: =G9*18610 -> 4336130 | J9: 1050000 | O9: =H9+J9+K9+L9+M9+N9 -> 5386130 | P9: 5100000 | Q9: =P9-O9 -> -286130
A10: 3 | B10: 43407 | C10: Trả hàng + đóng hàng KH 03/11 | D10: VSLU4495290 | E10: Yên Mỹ, Hưng Yên - Hà Nam | J10: 1050000 | O10: =H10+J10+K10+L10+M10+N10 -> 1050000 | P10: 4900000 | Q10: =P10-O10 -> 3850000
A11: 4 | B11: 43409 | C11: Trả hàng + đóng hàng KH 05/11 | D11: VSLU3031099 | E11: Từ Liêm, Hà Nội - Hà Nam | G11: 235 | H11: =G11*18610 -> 4373350 | J11: 1200000 | O11: =H11+J11+K11+L11+M11+N11 -> 5573350 | P11: 5500000 | Q11: =P11-O11 -> -73350
A12: 5 | B12: 43410 | C12: Trả hàng + đóng hàng KH 06/11 | D12: GAOU2112398 | E12: Văn Giang, HY- Đồng Văn, HN - Hà Nam | G12: 239 | H12: =G12*18540 -> 4431060 | J12: 1050000 | O12: =H12+J12+K12+L12+M12+N12 -> 5481060 | P12: 5100000 | Q12: =P12-O12 -> -381060
A13: 6 | B13: 43411 | C13: Trả hàng + đóng hàng KH 07/11 | D13: VSLU1042469 | E13: Yên Mỹ, Hưng Yên - Hà Nam | J13: 1050000 | O13: =H13+J13+K13+L13+M13+N13 -> 1050000 | P13: 4900000 | Q13: =P13-O13 -> 3850000
A14: 7 | B14: 43412 | C14: Trả hàng NK sáng 08/11 | D14: TGBU2267938 | E14: Hoài Đức, Hà Nội | J14: 810000 | O14: =H14+J14+K14+L14+M14+N14 -> 810000 | P14: 4200000 | Q14: =P14-O14 -> 3390000
A15: 8 | B15: 43413 | C15: Trả hàng + đóng hàng KH 09/11 | D15: DRYU2851337 | E15: Yên Mỹ, Hưng Yên - Hà Nam | G15: 204 | H15: =G15*18540 -> 3782160 | J15: 1050000 | O15: =H15+J15+K15+L15+M15+N15 -> 4832160 | P15: 4900000 | Q15: =P15-O15 -> 67840
A16: 9 | B16: 43414 | C16: Trả hàng sáng 10/11 | D16: CSNU1341362 | E16: Thường Tín, Hà Nội | J16: 810000 | O16: =H16+J16+K16+L16+M16+N16 -> 810000 | P16: 4100000 | Q16: =P16-O16 -> 3290000
A17: 10 | B17: 43415 | C17: Đóng hàng chè sáng 11/11 | D17: OOLU9758215 | E17: Mộc Châu, Sơn La | G17: 193 | H17: =G17*18540 -> 3578220 | J17: 2380000 | O17: =H17+J17+K17+L17+M17+N17 -> 5958220 | P17: 12090909 | Q17: =P17-O17 -> 6132689
A18: 11 | B18: 43416 | C18: Trả hàng NK sáng 12/11 | D18: MAGU5686515 | E18: Ngọc Hồi, Hà Nội | G18: 250 | H18: =G18*18540 -> 4635000 | J18: 970000 | O18: =H18+J18+K18+L18+M18+N18 -> 5605000 | P18: 4000000 | Q18: =P18-O18 -> -1605000
A19: 12 | B19: 43417 | C19: Trả hàng + đóng hàng KH 13/11 | D19: DRYU3024734 | E19: Tân Quang, Văn Lâm, Hưng Yên - Hà Nam | J19: =1050000+210000 -> 1260000 | O19: =H19+J19+K19+L19+M19+N19 -> 1260000 | P19: 5100000 | Q19: =P19-O19 -> 3840000
A20: 13 | B20: 43418 | C20: Trả hàng + đóng hàng KH 14/11 | D20: DRYU3093360 | E20: Cẩm Giàng, HD - Chương Mỹ, HN - Hà Nam | G20: 222 | H20: =G20*18540 -> 4115880 | J20: 1200000 | O20: =H20+J20+K20+L20+M20+N20 -> 5315880 | P20: 5800000 | Q20: =P20-O20 -> 484120
A21: 14 | B21: 43419 | C21: Trả hàng + đóng hàng KH 15/11 | D21: DRYU2923203 | E21: TP. Hải Dương - Hà Nam | J21: 1050000 | O21: =H21+J21+K21+L21+M21+N21 -> 1050000 | P21: 4900000 | Q21: =P21-O21 -> 3850000
A22: 15 | B22: 43420 | C22: Đóng hàng sáng 16/11 | D22: NSDU2000762 | E22: An Lão, Hải Phòng | G22: 266 | H22: =G22*18540 -> 4931640 | J22: 200000 | O22: =H22+J22+K22+L22+M22+N22 -> 5131640 | P22: 2000000 | Q22: =P22-O22 -> -3131640
A23: 16 | B23: 43421 | C23: Trả hàng NK sáng 17/11 | D23: EGSU3081065 | E23: KCN Đại Đồng, Bắc Ninh | J23: 680000 | O23: =H23+J23+K23+L23+M23+N23 -> 680000 | P23: 3500000 | Q23: =P23-O23 -> 2820000
A24: 17 | B24: 43423 | C24: Trả hàng + đóng hàng KH 19/11 | D24: WFHU1358533 | E24: Yên Mỹ, Hưng Yên - Hà Nam | J24: 1050000 | O24: =H24+J24+K24+L24+M24+N24 -> 1050000 | P24: 5100000 | Q24: =P24-O24 -> 4050000
A25: 18 | B25: 43424 | C25: Đóng hàng sáng 20/11 | D25: GMDU2141398 | E25: Phủ Lý, Hà Nam | G25: 200 | H25: =G25*18540 -> 3708000 | J25: 430000 | O25: =H25+J25+K25+L25+M25+N25 -> 4138000 | P25: 3200000 | Q25: =P25-O25 -> -938000
A26: 19 | B26: 43425 | C26: Trả hàng sáng 21/11 | D26: VHPU170305 | E26: KCN Đại Đồng, Bắc Ninh | J26: 680000 | O26: =H26+J26+K26+L26+M26+N26 -> 680000 | P26: 3500000 | Q26: =P26-O26 -> 2820000
A27: 20 | B27: 43426 | C27: Trả hàng NK sáng 22/11 | D27: WHLU2513908 | E27: KCN Khai Quang, Vĩnh Phúc - Hà Nam | G27: 185 | H27: =G27*17630 -> 3261550 | J27: 1200000 | O27: =H27+J27+K27+L27+M27+N27 -> 4461550 | P27: 6100000 | Q27: =P27-O27 -> 1638450
A28: 21 | B28: 43427 | C28: Đóng hàng phân sáng 23/11 | D28: MSKU7713863 | E28: Hoa Lư, Ninh Bình | G28: 265 | H28: =G28*17630 -> 4671950 | J28: 430000 | O28: =H28+J28+K28+L28+M28+N28 -> 5101950 | P28: 3800000 | Q28: =P28-O28 -> -1301950
A29: 22 | B29: 43428 | C29: Đóng hàng phân sáng 24/11 | D29: MSKU2203867 | E29: Hoa Lư, Ninh Bình | J29: 430000 | O29: =H29+J29+K29+L29+M29+N29 -> 430000 | P29: 3800000 | Q29: =P29-O29 -> 3370000
A30: 23 | B30: 43430 | C30: Trả hàng NK sáng 26/11 | D30: GMDU2181507 | E30: Gia Lâm, Hà Nội - Hà Nam | J30: 1200000 | O30: =H30+J30+K30+L30+M30+N30 -> 1200000 | P30: 5400000 | Q30: =P30-O30 -> 4200000
A31: 24 | B31: 43431 | C31: Trả hàng + đóng hàng KH 27/11 | D31: AKLU6004413 | E31: KCN Khai Quang, Vĩnh Phúc - Hà Nam | G31: 223 | H31: =G31*17630 -> 3931490 | J31: 1200000 | O31: =H31+J31+K31+L31+M31+N31 -> 5131490 | P31: 6100000 | Q31: =P31-O31 -> 968510
A32: 25 | B32: 43432 | C32: Trả hàng NK sáng 28/11 | D32: DFSU1459596 | E32: KCN VSIP Bắc Ninh | J32: 680000 | O32: =H32+J32+K32+L32+M32+N32 -> 680000 | P32: 3300000 | Q32: =P32-O32 -> 2620000
A33: 26 | B33: 43433 | C33: Trả hàng + đóng hàng KH 29/11 | D33: DRYU2902331 | E33: Yên Mỹ, Hưng Yên - Hà Nam | G33: 236 | H33: =G33*17630 -> 4160680 | J33: 1050000 | O33: =H33+J33+K33+L33+M33+N33 -> 5210680 | P33: 4900000 | Q33: =P33-O33 -> -310680
A34: 27 | B34: 43434 | C34: Trả hàng NK sáng 30/11 | D34: OCGU2013117 | E34: Yên Viên - Mỹ Đình, Hà Nội | G34: 206 | H34: =G34*17630 -> 3631780 | J34: 810000 | O34: =H34+J34+K34+L34+M34+N34 -> 4441780 | P34: 4500000 | Q34: =P34-O34 -> 58220
O35: =H35+J35+K35+L35+M35+N35 -> 0 | Q35: =P35-O35 -> 0
O36: =H36+J36+K36+L36+M36+N36 -> 0 | Q36: =P36-O36 -> 0
C37: Thanh toán tiền lọc nhớt, lọc diesel xe 15C-070.63 | L37: 520000 | O37: =H37+J37+K37+L37+M37+N37 -> 520000 | Q37: =P37-O37 -> -520000
C38: Thanh toán tiền mua dầu total rubia tir 7400 | N38: =11700000/4 -> 2925000 | O38: =H38+J38+K38+L38+M38+N38 -> 2925000 | Q38: =P38-O38 -> -2925000
C39: Phí gửi xe | L39: =1200000*1.1 -> 1320000 | O39: =H39+J39+K39+L39+M39+N39 -> 1320000 | Q39: =P39-O39 -> -1320000
C40: Lương lái xe | K40: 10538462 | O40: =H40+J40+K40+L40+M40+N40 -> 10538462 | Q40: =P40-O40 -> -10538462
A41: TỔNG CỘNG | G41: =SUM(G7:G40) -> 3157 | H41: =SUM(H7:H40) -> 57548890 | I41: =SUM(I7:I40) -> 0 | J41: =SUM(J7:J40) -> 27170000 | K41: =SUM(K7:K40) -> 10538462 | L41: =SUM(L7:L40) -> 1840000 | M41: =SUM(M7:M40) -> 0 | N41: =SUM(N7:N40) -> 2925000 | ... Q41: =SUM(Q7:Q40) -> 38950375
P43: LK = | Q43: ='10-2018'!Q47+'11.2018'!Q41 -> 136866548

Sheet 12.2018
A1: Bảng theo dõi doanh thu/ chi phí theo phương tiện vận chuyển
A2: Biển số xe: 15C - 070.63
B3: THÁNG 12.2018
A5: STT | B5: Ngày tháng | C5: Diễn giải | D5: Số cont | E5: Tuyến đường vận chuyển | F5: Khoảng cách (km) | G5: Chi phí | O5: Tổng chi phí | P5: Cước vận chuyển | Q5: Lợi nhuận gộp
G6: Dầu (l) | H6: Dầu (đồng) | I6: Mức TTBQ | J6: Đi đường | K6: Lương lx | L6: Sửa chữa | M6: Lốp | N6: Dầu máy
A8: 1 | B8: 43435 | C8: Trả hàng + đóng hàng KH 01/12 | D8: CAXU6913778 | E8: KCN Khai Quang, Vĩnh Phúc - Hà Nam | J8: 1260000 | O8: =H8+J8+K8+L8+M8+N8 -> 1260000 | P8: 6100000 | Q8: =P8-O8 -> 4840000
A9: 2 | B9: 43437 | C9: Trả hàng + đóng hàng KH 03/12 | D9: DRYU2848101 | E9: Đông Anh, Hà Nội - Hà Nam | G9: 176 | H9: =G9*17630 -> 3102880 | J9: 1260000 | O9: =H9+J9+K9+L9+M9+N9 -> 4362880 | P9: 5500000 | Q9: =P9-O9 -> 1137120
A10: 3 | B10: 43438 | C10: Trả hàng + đóng hàng KH 04/12 | D10: DRYU2851701 | E10: KCN Khai Quang, Vĩnh Phúc - Hà Nam | J10: 1200000 | O10: =H10+J10+K10+L10+M10+N10 -> 1200000 | P10: 6100000 | Q10: =P10-O10 -> 4900000
A11: 4 | B11: 43439 | C11: Trả hàng Vietsun sáng 05/12 | D11: WFHU1352690 | E11: KCN Tân Quang, Văn Lâm, Hưng Yên | G11: 276 | H11: =G11*17630 -> 4865880 | J11: 930000 | O11: =H11+J11+K11+L11+M11+N11 -> 5795880 | P11: 2918182 | Q11: =P11-O11 -> -2877698
A12: 5 | B12: 43440 | C12: Đóng hàng chè sáng 06/12 | D12: GCXU2132776 | E12: Hương Canh, Vĩnh Phúc | J12: 850000 | O12: =H12+J12+K12+L12+M12+N12 -> 850000 | P12: 4545455 | Q12: =P12-O12 -> 3695455
A13: 6 | B13: 43441 | C13: Trả hàng + đóng hàng KH 07/12 | D13: GAOU2113141 | E13: Phố Nối A, Hưng Yên - Hà Nam | J13: 1050000 | O13: =H13+J13+K13+L13+M13+N13 -> 1050000 | P13: 4900000 | Q13: =P13-O13 -> 3850000
A14: 7 | B14: 43442 | C14: Đóng hàng XK 08/12 | D14: PONU2989248 | E14: Hoa Lư, Ninh Bình | G14: 262 | H14: =G14*16250 -> 4257500 | J14: 430000 | O14: =H14+J14+K14+L14+M14+N14 -> 4687500 | P14: 3800000 | Q14: =P14-O14 -> -887500
A15: 8 | B15: 43445 | C15: Trả hàng NK sáng 11/12 | D15: GCXU2108321 | E15: KCN VSIP Bắc Ninh | G15: 186 | H15: =G15*16250 -> 3022500 | J15: 680000 | O15: =H15+J15+K15+L15+M15+N15 -> 3702500 | P15: 3300000 | Q15: =P15-O15 -> -402500
A16: 9 | B16: 43446 | C16: Trả hàng + đóng hàng KH 12/12 | D16: BISU2836379 | E16: Vạn Phúc, Hà Đông - Hà Nam | J16: 1260000 | O16: =H16+J16+K16+L16+M16+N16 -> 1260000 | P16: 5500000 | Q16: =P16-O16 -> 4240000
A17: 10 | B17: 43447 | C17: Trả hàng + đóng hàng KH 13/12 | D17: GMDU2185919 | E17: KCN Khai Quang, Vĩnh Phúc - Hà Nam | G17: 155 | H17: =G17*16250 -> 2518750 | J17: =1200000+60000 -> 1260000 | O17: =H17+J17+K17+L17+M17+N17 -> 3778750 | P17: 6100000 | Q17: =P17-O17 -> 2321250
A18: 11 | B18: 43448 | C18: Trả hàng + đóng hàng KH 14/12 | D18: GMDU2182904 | E18: TP. Hải Dương - Hà Nam | G18: 158 | H18: =G18*16250 -> 2567500 | J18: 1050000 | O18: =H18+J18+K18+L18+M18+N18 -> 3617500 | P18: 4900000 | Q18: =P18-O18 -> 1282500
A19: 12 | B19: 43451 | C19: Trả hàng NK sáng 17/12 | D19: CSNU1053999 | E19: Thường Tín, Hà Nội | G19: 110 | H19: =G19*16250 -> 1787500 | J19: =810000+60000 -> 870000 | O19: =H19+J19+K19+L19+M19+N19 -> 2657500 | P19: 4100000 | Q19: =P19-O19 -> 1442500
A20: 13 | B20: 43451 | C20: Trả hàng + đóng hàng KH 17/12 | D20: GAOU2110625 | E20: Từ Liêm, Hà Nội - Hà Nam | J20: 1200000 | O20: =H20+J20+K20+L20+M20+N20 -> 1200000 | P20: 5500000 | Q20: =P20-O20 -> 4300000
A21: 14 | B21: 43453 | C21: Trả hàng + đóng hàng KH 19/12 | D21: GAOU2114699 | E21: Mỹ Hào, Hưng Yên - Hà Nam | G21: 208 | H21: =G21*16250 -> 3380000 | J21: 1050000 | O21: =H21+J21+K21+L21+M21+N21 -> 4430000 | P21: 4900000 | Q21: =P21-O21 -> 470000
A22: 15 | B22: 43454 | C22: Trả hàng + đóng hàng KH 20/12 | D22: GAOU2108633 | E22: Dị Sử, Mỹ Hào, Hưng Yên - Hà Nam | J22: 1050000 | O22: =H22+J22+K22+L22+M22+N22 -> 1050000 | P22: 4900000 | Q22: =P22-O22 -> 3850000
A23: 16 | B23: 43455 | C23: Trả hàng + đóng hàng KH 21/12 | D23: DRYU2852415 | E23: Dị Sử, Mỹ Hào, Hưng Yên - Hà Nam | G23: 216 | H23: =G23*16250 -> 3510000 | J23: 1050000 | O23: =H23+J23+K23+L23+M23+N23 -> 4560000 | P23: 4900000 | Q23: =P23-O23 -> 340000
A24: 17 | B24: 43456 | C24: Trả hàng + đóng hàng KH 22/12 | D24: TRHU3295497 | E24: KCN Đại Đồng, Bắc Ninh - Hà Nam | G24: 218 | H24: =G24*16000 -> 3488000 | J24: 1260000 | O24: =H24+J24+K24+L24+M24+N24 -> 4748000 | P24: 5400000 | Q24: =P24-O24 -> 652000
A25: 18 | B25: 43823 | C25: Trả hàng + đóng hàng KH 24/12 | D25: GMDU2180162 | E25: Khai Quang, Vĩnh Phúc - Hà Nam | J25: 1260000 | O25: =H25+J25+K25+L25+M25+N25 -> 1260000 | P25: 6100000 | Q25: =P25-O25 -> 4840000
A26: 19 | B26: 43459 | C26: Trả hàng + đóng hàng KH 25/12 | D26: GMDU2185673 | E26: Thạch Thất, Hà Nội - Hà Nam | G26: 152 | H26: =G26*16000 -> 2432000 | J26: 1260000 | O26: =H26+J26+K26+L26+M26+N26 -> 3692000 | P26: 5600000 | Q26: =P26-O26 -> 1908000
A27: 20 | B27: 43460 | C27: Đóng hàng phân sáng 26/12 | D27: MAEU6963746 | E27: Hoa Lư, Ninh Bình | J27: 450000 | O27: =H27+J27+K27+L27+M27+N27 -> 450000 | P27: 3800000 | Q27: =P27-O27 -> 3350000
A28: 21 | B28: 43461 | C28: Trả hàng + đóng hàng KH 27/12 | D28: DRYU2852652 | E28: Cẩm Giàng, HD - Chương Mỹ, HN - Hà Nam | G28: 228 | H28: =G28*16000 -> 3648000 | J28: 1260000 | O28: =H28+J28+K28+L28+M28+N28 -> 4908000 | P28: 5800000 | Q28: =P28-O28 -> 892000
A29: 22 | B29: 43462 | C29: Trả hàng + đóng hàng KH 28/12 | D29: KKTU7938300 | E29: Khai Quang, Vĩnh Phúc - Hà Nam | G29: 146 | H29: =G29*16000 -> 2336000 | J29: 1260000 | O29: =H29+J29+K29+L29+M29+N29 -> 3596000 | P29: 6100000 | Q29: =P29-O29 -> 2504000
A30: 23 | B30: 43463 | C30: Trả hàng + đóng hàng KH 29/12 | D30: KKTU7910833 | E30: Khai Quang, Vĩnh Phúc - Hà Nam | G30: 154 | H30: =G30*16000 -> 2464000 | J30: 1260000 | O30: =H30+J30+K30+L30+M30+N30 -> 3724000 | P30: 6100000 | Q30: =P30-O30 -> 2376000
O31: =H31+J31+K31+L31+M31+N31 -> 0 | Q31: =P31-O31 -> 0
O32: =H32+J32+K32+L32+M32+N32 -> 0 | Q32: =P32-O32 -> 0
C33: Mua cầu chì | L33: =150000/4 -> 37500 | O33: =H33+J33+K33+L33+M33+N33 -> 37500 | Q33: =P33-O33 -> -37500
C34: Mua nước lọc đổ | L34: =80000/4 -> 20000 | O34: =H34+J34+K34+L34+M34+N34 -> 20000 | Q34: =P34-O34 -> -20000
C35: Lắp camera hành trình | L35: =2200000/4 -> 550000 | O35: =H35+J35+K35+L35+M35+N35 -> 550000 | Q35: =P35-O35 -> -550000
C36: Mua bạc tay giằng ngao xe 15C-070.63 | L36: 600000 | O36: =H36+J36+K36+L36+M36+N36 -> 600000 | Q36: =P36-O36 -> -600000
C37: Thanh toán tiền sửa xe 15C-070.63 (vỉ quạt gió mới) | L37: 1650000 | O37: =H37+J37+K37+L37+M37+N37 -> 1650000 | Q37: =P37-O37 -> -1650000
C38: Thanh toán tiền lọc gió xe 15C-070.63 | L38: 850000 | O38: =H38+J38+K38+L38+M38+N38 -> 850000 | Q38: =P38-O38 -> -850000
C39: Thanh toán tiền sửa xe 15C-070.63 (gia công bạc giảm sóc, công tháo lắp, bạc tay giằng...) | L39: 310000 | O39: =H39+J39+K39+L39+M39+N39 -> 310000 | Q39: =P39-O39 -> -310000
C40: Thanh toán nước làm mát | L40: 2000000 | O40: =H40+J40+K40+L40+M40+N40 -> 2000000 | Q40: =P40-O40 -> -2000000
C41: Thưởng tết dương lịch cho lái xe | K41: 500000 | O41: =H41+J41+K41+L41+M41+N41 -> 500000 | Q41: =P41-O41 -> -500000
C42: Phí gửi xe | L42: =1200000*1.1 -> 1320000 | O42: =H42+J42+K42+L42+M42+N42 -> 1320000 | Q42: =P42-O42 -> -1320000
C43: Lương lái xe | K43: 7961538 | O43: =H43+J43+K43+L43+M43+N43 -> 7961538 | Q43: =P43-O43 -> -7961538
A44: TỔNG CỘNG | G44: =SUM(G7:G43) -> 2645 | H44: =SUM(H7:H43) -> 43380510 | I44: =SUM(I7:I43) -> 0 | J44: =SUM(J7:J43) -> 24460000 | K44: =SUM(K7:K43) -> 8461538 | L44: =SUM(L7:L43) -> 7337500 | M44: =SUM(M7:M43) -> 0 | N44: =SUM(N7:N43) -> 0 | ... Q44: =SUM(Q7:Q43) -> 33224089
P46: LK = | Q46: ='11.2018'!Q43+'12.2018'!Q44 -> 170090637

Sheet 1.2019
A1: Bảng theo dõi doanh thu/ chi phí theo phương tiện vận chuyển
A2: Biển số xe: 15C - 070.63
B3: THÁNG 1.2019
A5: STT | B5: Ngày tháng | C5: Diễn giải | D5: Số cont | E5: Tuyến đường vận chuyển | F5: Khoảng cách (km) | G5: Chi phí | O5: Tổng chi phí | P5: Cước vận chuyển | Q5: Lợi nhuận gộp
G6: Dầu (l) | H6: Dầu (đồng) | I6: Mức TTBQ | J6: Đi đường | K6: Lương lx | L6: Sửa chữa | M6: Lốp | N6: Dầu máy
A8: 1 | B8: 43467 | C8: Đóng hàng phân sáng 02/01 | D8: EITU0362370 | E8: Hoa Lư, Ninh Bình | G8: 262 | H8: =G8*14900 -> 3903800 | J8: 450000 | O8: =H8+J8+K8+L8+M8+N8 -> 4353800 | P8: 3800000 | Q8: =P8-O8 -> -553800
A9: 2 | B9: 43468 | C9: Đóng hàng chè sáng 03/01 | D9: FBIU0119322 | E9: Mộc Châu, Sơn La | J9: 2230000 | O9: =H9+J9+K9+L9+M9+N9 -> 2230000 | P9: 12090909 | Q9: =P9-O9 -> 9860909
A10: 3 | B10: 43469 | C10: Trả hàng NK sáng 04/01 | D10: TRHU3832030 | E10: Thường Tín, Hà Nội | G10: 222 | H10: =G10*14900 -> 3307800 | J10: 810000 | O10: =H10+J10+K10+L10+M10+N10 -> 4117800 | P10: 4100000 | Q10: =P10-O10 -> -17800
A11: 4 | B11: 43470 | C11: Trả hàng + đóng hàng KH 05/01 | D11: GMDU2185349 | E11: Khai Quang, Vĩnh Phúc - Hà Nam | G11: 243 | H11: =G11*14900 -> 3620700 | J11: 1380000 | O11: =H11+J11+K11+L11+M11+N11 -> 5000700 | P11: 6100000 | Q11: =P11-O11 -> 1099300
A12: 5 | B12: 43472 | C12: Trả hàng + đóng hàng KH 07/01 | D12: DRYU2924310 | E12: Khai Quang, Vĩnh Phúc - Hà Nam | J12: 1380000 | O12: =H12+J12+K12+L12+M12+N12 -> 1380000 | P12: 6100000 | Q12: =P12-O12 -> 4720000
A13: 6 | B13: 43473 | C13: Trả hàng + đóng hàng KH 08/01 | D13: TCLU2361417 | E13: Khai Quang, Vĩnh Phúc - Hà Nam | G13: 142 | H13: =G13*14900 -> 2115800 | J13: 1380000 | O13: =H13+J13+K13+L13+M13+N13 -> 3495800 | P13: 6100000 | Q13: =P13-O13 -> 2604200
A14: 7 | B14: 43474 | C14: Đóng hàng phân sáng 09/01 | D14: TCLU2524350 | E14: Hoa Lư, Ninh Bình | J14: =450000+410000 -> 860000 | O14: =H14+J14+K14+L14+M14+N14 -> 860000 | P14: 4000000 | Q14: =P14-O14 -> 3140000
A15: 8 | B15: 43475 | C15: Trả hàng NK sáng 10/01 | D15: CSNU1398497 | E15: Thường Tín, Hà Nội | G15: 263 | H15: =G15*14900 -> 3918700 | J15: 810000 | O15: =H15+J15+K15+L15+M15+N15 -> 4728700 | P15: 4100000 | Q15: =P15-O15 -> -628700
A16: 9 | B16: 43476 | C16: Trả hàng + đóng hàng KH 11/01 | D16: GAOU2110498 | E16: Tân Quang, Văn Lâm, Hưng Yên - Hà Nam | J16: 1380000 | O16: =H16+J16+K16+L16+M16+N16 -> 1380000 | P16: 5100000 | Q16: =P16-O16 -> 3720000
A17: 10 | B17: 43477 | C17: Trả hàng NK sáng 12/01 | D17: TRHU1511576 | E17: Phố Nối A, Hưng Yên | G17: 191 | H17: =G17*14900 -> 2845900 | J17: 680000 | O17: =H17+J17+K17+L17+M17+N17 -> 3525900 | P17: 3100000 | Q17: =P17-O17 -> -425900
A18: 11 | B18: 43479 | C18: Trả hàng + đóng hàng KH 14/01 | D18: DRYU2923329 | E18: Mỹ Hào, Hưng Yên - Hà Nam | J18: 1170000 | O18: =H18+J18+K18+L18+M18+N18 -> 1170000 | P18: 4900000 | Q18: =P18-O18 -> 3730000
A19: 12 | B19: 43480 | C19: Trả hàng NK sáng 15/01 | D19: UETU2669912 | E19: Hoài Đức, Hà Nội | G19: 166 | H19: =G19*14900 -> 2473400 | J19: =810000+60000 -> 870000 | O19: =H19+J19+K19+L19+M19+N19 -> 3343400 | P19: 4200000 | Q19: =P19-O19 -> 856600
A20: 13 | B20: 43481 | C20: Trả hàng + đóng hàng KH 16/01 | D20: TRHU1344714 | E20: Đồng Văn, Hà Nam - Hà Nam | J20: 990000 | O20: =H20+J20+K20+L20+M20+N20 -> 990000 | P20: 4900000 | Q20: =P20-O20 -> 3910000
A21: 14 | B21: 43482 | C21: Đóng hàng phân sáng 17/01 | D21: PONU0635711 | E21: Hoa Lư, Ninh Bình | G21: 222 | H21: =G21*14900 -> 3307800 | J21: 680000 | O21: =H21+J21+K21+L21+M21+N21 -> 3987800 | P21: 4000000 | Q21: =P21-O21 -> 12200
A22: 15 | B22: 43483 | C22: Trả hàng + đóng hàng KH 18/01 | D22: TRHU1344890 | E22: Trôi, Hà Nội - Hà Nam | J22: =1320000+60000 -> 1380000 | O22: =H22+J22+K22+L22+M22+N22 -> 1380000 | P22: 5600000 | Q22: =P22-O22 -> 4220000
A23: 16 | B23: 43484 | C23: Trả hàng + đóng hàng KH 19/01 | D23: WHLU2530124 | E23: Sơn Dương, Tuyên Quang - Hà Nam | G23: 216 | H23: =G23*14900 -> 3218400 | J23: 1900000 | O23: =H23+J23+K23+L23+M23+N23 -> 5118400 | P23: 8900000 | Q23: =P23-O23 -> 3781600
A24: 17 | B24: 43486 | C24: Trả hàng + đóng hàng KH 21/01 | D24: WFHU1365229 | E24: Mỹ Hào, Hưng Yên - Hà Nam | G24: 188 | H24: =G24*14900 -> 2801200 | J24: 1170000 | O24: =H24+J24+K24+L24+M24+N24 -> 3971200 | P24: 4900000 | Q24: =P24-O24 -> 928800
A25: 18 | B25: 43487 | C25: Trả hàng + đóng hàng KH 22/01 | D25: DRYU2901720 | E25: Từ Liêm, Hà Nội - Hà Nam | J25: 1320000 | O25: =H25+J25+K25+L25+M25+N25 -> 1320000 | P25: 5500000 | Q25: =P25-O25 -> 4180000
A26: 19 | B26: 43488 | C26: Trả hàng + đóng hàng KH 23/01 | D26: GAOU2114493 | E26: KCN Phong Khê, Bắc Ninh - Hà Nam | G26: 228 | H26: =G26*14900 -> 3397200 | J26: 1500000 | O26: =H26+J26+K26+L26+M26+N26 -> 4897200 | P26: 5580000 | Q26: =P26-O26 -> 682800
A27: 20 | B27: 43489 | C27: Đóng hàng phân sáng 24/01 | D27: TGCU2026678 | E27: Hoa Lư, Ninh Bình | G27: 200 | H27: =G27*14900 -> 2980000 | J27: 790000 | O27: =H27+J27+K27+L27+M27+N27 -> 3770000 | P27: 4000000 | Q27: =P27-O27 -> 230000
A28: 21 | B28: 43490 | C28: Đóng hàng chè sáng 25/01 | D28: FBIU0119873 | E28: Mộc Châu, Sơn La | J28: =2200000+500000 -> 2700000 | O28: =H28+J28+K28+L28+M28+N28 -> 2700000 | P28: 13181818 | Q28: =P28-O28 -> 10481818
A29: 22 | B29: 43491 | C29: Trả hàng + đóng hàng KH 26/01 | D29: GAOU2112844 | E29: Yên Mỹ, Hưng Yên - Hà Nam | G29: 210 | H29: =G29*14900 -> 3129000 | J29: 1170000 | O29: =H29+J29+K29+L29+M29+N29 -> 4299000 | P29: 4900000 | Q29: =P29-O29 -> 601000
A30: 23 | B30: 43493 | C30: Trả hàng + đóng hàng KH 28/01 | D30: KKTU7884415 | E30: Sơn Dương, Tuyên Quang - Việt Trì - HP | G30: 118 | H30: =G30*14900 -> 1758200 | J30: =1900000+80000 -> 1980000 | O30: =H30+J30+K30+L30+M30+N30 -> 3738200 | P30: 8900000 | Q30: =P30-O30 -> 5161800
A31: 24 | B31: 43495 | C31: Trả hàng NK sáng 30/01 | D31: CSNU1541165 | E31: Thường Tín, Hà Nội | G31: 174 | H31: =G31*14900 -> 2592600 | J31: 810000 | O31: =H31+J31+K31+L31+M31+N31 -> 3402600 | P31: 4100000 | Q31: =P31-O31 -> 697400
A32: 25 | B32: 43496 | C32: Trả hàng + đóng hàng KH 31/01 | D32: GAOU2108470 | E32: Yên Mỹ, Hưng Yên - Hà Nam | G32: 180 | H32: =G32*14900 -> 2682000 | J32: 1170000 | O32: =H32+J32+K32+L32+M32+N32 -> 3852000 | P32: 4900000 | Q32: =P32-O32 -> 1048000
C33: Thanh toán tiền sửa xe 15C-070.63 (thay ống cao su, ống đai nước, công thợ) | L33: 360000 | O33: =H33+J33+K33+L33+M33+N33 -> 360000 | Q33: =P33-O33 -> -360000
C34: Thanh toán tiền sửa xe 15C-070.63 (mua giảm sóc tải, cầu trì lái+thay) ngày 6/1 | L34: 1300000 | O34: =H34+J34+K34+L34+M34+N34 -> 1300000 | Q34: =P34-O34 -> -1300000
C35: Thanh toán tiền sửa xe 15C-070.63 ngày 6/1 (rơ le, đế cầu trì, cầu trì, thay pha nhỏ, dây điện, công làm) | L35: 480000 | O35: =H35+J35+K35+L35+M35+N35 -> 480000 | Q35: =P35-O35 -> -480000
C36: Thanh toán tiền thay lốp xe 15C-070.63 ngày 14/1 (lốp 1100R20 goodede T 987) | M36: 11600000 | O36: =H36+J36+K36+L36+M36+N36 -> 11600000 | Q36: =P36-O36 -> -11600000
C37: Thanh toán tiền sửa xe 15C-070.63 (bơm mỡ đầu kéo, mooc, kiểm tra ba ngang+ba dọc) | L37: 170000 | O37: =H37+J37+K37+L37+M37+N37 -> 170000 | Q37: =P37-O37 -> -170000
C38: Trả tiền sửa xe 15C-070.63 (dù gió) | L38: 2000000 | O38: =H38+J38+K38+L38+M38+N38 -> 2000000 | Q38: =P38-O38 -> -2000000
C39: Thưởng tết cho lái xe | K39: 4000000 | O39: =H39+J39+K39+L39+M39+N39 -> 4000000 | Q39: =P39-O39 -> -4000000
C40: Phí gửi xe | L40: =1200000*1.1 -> 1320000 | O40: =H40+J40+K40+L40+M40+N40 -> 1320000 | Q40: =P40-O40 -> -1320000
C41: Lương lái xe | K41: 9692308 | O41: =H41+J41+K41+L41+M41+N41 -> 9692308 | Q41: =P41-O41 -> -9692308
A42: TỔNG CỘNG | G42: =SUM(G7:G41) -> 3225 | H42: =SUM(H7:H41) -> 48052500 | I42: =SUM(I7:I41) -> 0 | J42: =SUM(J7:J41) -> 30960000 | K42: =SUM(K7:K41) -> 13692308 | L42: =SUM(L7:L41) -> 5630000 | M42: =SUM(M7:M41) -> 11600000 | N42: =SUM(N7:N41) -> 0 | ... Q42: =SUM(Q7:Q41) -> 33117919
P44: LK = | Q44: =Q42 -> 33117919

Sheet 2.2019
A1: Bảng theo dõi doanh thu/ chi phí theo phương tiện vận chuyển
A2: Biển số xe: 15C - 070.63
B3: THÁNG 2.2019
A5: STT | B5: Ngày tháng | C5: Diễn giải | D5: Số cont | E5: Tuyến đường vận chuyển | F5: Khoảng cách (km) | G5: Chi phí | O5: Tổng chi phí | P5: Cước vận chuyển | Q5: Lợi nhuận gộp
G6: Dầu (l) | H6: Dầu (đồng) | I6: Mức TTBQ | J6: Đi đường | K6: Lương lx | L6: Sửa chữa | M6: Lốp | N6: Dầu máy
A8: 1 | B8: 43508 | C8: Trả hàng + đóng hàng KH 12/02 | D8: GMDU2152577 | E8: KCN Khai Quang, Vĩnh Phúc - Hà Nam | J8: 1380000 | O8: =H8+J8+K8+L8+M8+N8 -> 1380000 | P8: 6100000 | Q8: =P8-O8 -> 4720000
A9: 2 | B9: 43509 | C9: Đóng hàng phân sáng 13/02 | D9: TCLU3552681 | E9: Hoa Lư, Ninh Bình | J9: 680000 | O9: =H9+J9+K9+L9+M9+N9 -> 680000 | P9: 4000000 | Q9: =P9-O9 -> 3320000
A10: 3 | B10: 43510 | C10: Trả hàng + đóng hàng KH 14/02 | D10: BISU2828368 | E10: Trôi, Hà Nội - Hà Nam | G10: 248 | H10: =G10*14900 -> 3695200 | J10: =1320000-60000 -> 1260000 | O10: =H10+J10+K10+L10+M10+N10 -> 4955200 | P10: 5600000 | Q10: =P10-O10 -> 644800
A11: 4 | B11: 43511 | C11: Trả hàng + đóng hàng KH 15/02 | D11: VNLU3093247 | E11: Trôi, Hà Nội - Hà Nam | G11: 128 | H11: =G11*14900 -> 1907200 | J11: 1320000 | O11: =H11+J11+K11+L11+M11+N11 -> 3227200 | P11: 5600000 | Q11: =P11-O11 -> 2372800
A12: 5 | B12: 43512 | C12: Trả hàng NK sáng 16/02 | D12: MAGU2362111 | E12: Thạch Thất, Hà Nội | J12: 810000 | O12: =H12+J12+K12+L12+M12+N12 -> 810000 | P12: 3900000 | Q12: =P12-O12 -> 3090000
A13: 6 | B13: 43515 | C13: Trả hàng NK sáng 19/02 | D13: DFSU1194115 | E13: Hoài Đức, Hà Nội | G13: 242 | H13: =G13*14900 -> 3605800 | J13: 810000 | O13: =H13+J13+K13+L13+M13+N13 -> 4415800 | P13: 4200000 | Q13: =P13-O13 -> -215800
A14: 7 | B14: 43516 | C14: Trả hàng + đóng hàng KH 20/02 | D14: DRYU2901905 | E14: Đông Anh, Hà Nội - Hà Nam | J14: 1320000 | O14: =H14+J14+K14+L14+M14+N14 -> 1320000 | P14: 5500000 | Q14: =P14-O14 -> 4180000
A15: 8 | B15: 43517 | C15: Đóng hàng chè sáng 21/02 | D15: WHSU2140522 | E15: TT Trần Phú, Văn Chấn, Yên Bái | G15: 222 | H15: =G15*14900 -> 3307800 | J15: 1970000 | O15: =H15+J15+K15+L15+M15+N15 -> 5277800 | P15: 9545455 | Q15: =P15-O15 -> 4267655
A16: 9 | B16: 43518 | C16: Trả hàng + đóng hàng KH 22/02 | D16: GMDU2180100 | E16: Đông Anh, Hà Nội - Hà Nam | G16: 166 | H16: =G16*14900 -> 2473400 | J16: 1320000 | O16: =H16+J16+K16+L16+M16+N16 -> 3793400 | P16: 5500000 | Q16: =P16-O16 -> 1706600
A17: 10 | B17: 43519 | C17: Trả hàng NK sáng 23/02 | D17: MRKU8972790 | E17: Thường Tín, Hà Nội | J17: 810000 | O17: =H17+J17+K17+L17+M17+N17 -> 810000 | P17: 4000000 | Q17: =P17-O17 -> 3190000
A18: 11 | B18: 43521 | C18: Trả hàng + đóng hàng KH 25/02 | D18: GAOU2107025 | E18: Yên Mỹ, Hưng Yên - Hà Nam | G18: 233 | H18: =G18*14900 -> 3471700 | J18: 1170000 | O18: =H18+J18+K18+L18+M18+N18 -> 4641700 | P18: 4900000 | Q18: =P18-O18 -> 258300
A19: 12 | B19: 43522 | C19: Trả hàng + đóng hàng KH 26/02 | D19: GAOU2107920 | E19: Yên Mỹ, Hưng Yên - Hà Nam | J19: 1170000 | O19: =H19+J19+K19+L19+M19+N19 -> 1170000 | P19: 4900000 | Q19: =P19-O19 -> 3730000
A20: 13 | B20: 43523 | C20: Trả hàng NK sáng 27/02 | D20: GLDU9916551 | E20: Thạch Thất, Hà Nội | G20: 210 | H20: =G20*14900 -> 3129000 | J20: 810000 | O20: =H20+J20+K20+L20+M20+N20 -> 3939000 | P20: 3900000 | Q20: =P20-O20 -> -39000
A21: 14 | B21: 43524 | C21: Trả hàng + đóng hàng KH 28/02 | D21: VNLU3092699 | E21: Đông Hương, Thanh Hóa, Hà Nam | G21: 246 | H21: =G21*14900 -> 3665400 | J21: 990000 | O21: =H21+J21+K21+L21+M21+N21 -> 4655400 | P21: 6400000 | Q21: =P21-O21 -> 1744600
C24: Lì xì đầu năm cho lái xe | K24: 100000 | O24: =H24+J24+K24+L24+M24+N24 -> 100000 | Q24: =P24-O24 -> -100000
C25: Phí gửi xe | L25: =1200000*1.1 -> 1320000 | O25: =H25+J25+K25+L25+M25+N25 -> 1320000 | Q25: =P25-O25 -> -1320000
C26: Lương lái xe | K26: 5250000 | O26: =H26+J26+K26+L26+M26+N26 -> 5250000 | Q26: =P26-O26 -> -5250000
A27: TỔNG CỘNG | G27: =SUM(G7:G26) -> 1695 | H27: =SUM(H7:H26) -> 25255500 | I27: =SUM(I7:I26) -> 0 | J27: =SUM(J7:J26) -> 15820000 | K27: =SUM(K7:K26) -> 5350000 | L27: =SUM(L7:L26) -> 1320000 | M27: =SUM(M7:M26) -> 0 | N27: =SUM(N7:N26) -> 0 | O27: =SUM(O7:O26) -> 47745500 | P27: =SUM(P8:P26) -> 74045455 | Q27: =SUM(Q7:Q26) -> 26299955
P29: LK = | Q29: ='1.2019'!Q44+'2.2019'!Q27 -> 59417874

Sheet 3.2019
A1: Bảng theo dõi doanh thu/ chi phí theo phương tiện vận chuyển
A2: Biển số xe: 15C - 070.63
B3: THÁNG 3.2019
A5: STT | B5: Ngày tháng | C5: Diễn giải | D5: Số cont | E5: Tuyến đường vận chuyển | F5: Khoảng cách (km) | G5: Chi phí | O5: Tổng chi phí | P5: Cước vận chuyển | Q5: Lợi nhuận gộp
G6: Dầu (l) | H6: Dầu (đồng) | I6: Mức TTBQ | J6: Đi đường | K6: Lương lx | L6: Sửa chữa | M6: Lốp | N6: Dầu máy
A8: 1 | B8: 43525 | C8: Trả hàng + đóng hàng KH 01/03 | D8: GAOU2111621 | E8: Trôi, Hà Nội - Hà Nam | J8: =1320000+60000 -> 1380000 | O8: =H8+J8+K8+L8+M8+N8 -> 1380000 | P8: 5600000 | Q8: =P8-O8 -> 4220000
A9: 2 | B9: 43526 | C9: Đóng hàng phân sáng 02/03 | D9: EITU0093460 | E9: Hoa Lư, Ninh Bình | J9: 680000 | O9: =H9+J9+K9+L9+M9+N9 -> 680000 | P9: 4000000 | Q9: =P9-O9 -> 3320000
A10: 3 | B10: 43527 | C10: Đóng hàng phân sáng 03/03 | D10: EITU0161035 | E10: Hoa Lư, Ninh Bình | G10: 218 | H10: =G10*15860 -> 3457480 | J10: 680000 | O10: =H10+J10+K10+L10+M10+N10 -> 4137480 | P10: 4000000 | Q10: =P10-O10 -> -137480
A11: 4 | B11: 43528 | C11: Trả hàng + đóng hàng KH 04/03 | D11: GMDU2180239 | E11: Quốc Oai, Hà Nội - Hà Nam | J11: 1320000 | O11: =H11+J11+K11+L11+M11+N11 -> 1320000 | P11: 5600000 | Q11: =P11-O11 -> 4280000
A12: 5 | B12: 43529 | C12: Trả hàng + đóng hàng KH 05/03 | D12: VNLU3090314 | E12: Trôi, Hà Nội - Hà Nam | G12: 230 | H12: =G12*15860 -> 3647800 | J12: =1320000+60000 -> 1380000 | O12: =H12+J12+K12+L12+M12+N12 -> 5027800 | P12: 5600000 | Q12: =P12-O12 -> 572200
A13: 6 | B13: 43530 | C13: Trả hàng NK sáng 06/03 | D13: UETU2475394 | E13: Thường Tín, Hà Nội | J13: 810000 | O13: =H13+J13+K13+L13+M13+N13 -> 810000 | P13: 4100000 | Q13: =P13-O13 -> 3290000
A14: 7 | B14: 43531 | C14: Trả hàng NK chiều 07/03 | D14: TRLU3884879 | E14: Phố Nối A, Hưng Yên | G14: 220 | H14: =G14*15860 -> 3489200 | J14: 680000 | O14: =H14+J14+K14+L14+M14+N14 -> 4169200 | P14: 3100000 | Q14: =P14-O14 -> -1069200
A15: 8 | B15: 43532 | C15: Trả hàng NK sáng 08/03 | D15: DRYU2430600 | E15: Đông Anh, Hà Nội | G15: 168 | H15: =G15*15860 -> 2664480 | J15: 810000 | O15: =H15+J15+K15+L15+M15+N15 -> 3474480 | P15: 3860000 | Q15: =P15-O15 -> 385520
A16: 9 | B16: 43533 | C16: Trả hàng + đóng hàng KH 09/03 | D16: GMDU2183650 | E16: Hà Trung, Thanh Hóa, Hà Nam | J16: 990000 | O16: =H16+J16+K16+L16+M16+N16 -> 990000 | P16: 6400000 | Q16: =P16-O16 -> 5410000
A17: 10 | B17: 43535 | C17: Trả hàng + đóng hàng KH 11/03 | D17: BISU2827572 | E17: Trôi, Hà Nội - Hà Nam | G17: 260 | H17: =G17*15860 -> 4123600 | J17: 1320000 | O17: =H17+J17+K17+L17+M17+N17 -> 5443600 | P17: 5600000 | Q17: =P17-O17 -> 156400
A18: 11 | B18: 43536 | C18: Trả hàng + đóng hàng KH 12/03 | D18: DRYU3023018 | E18: Kim Sơn , Ninh Bình - Hà Nam | J18: 990000 | O18: =H18+J18+K18+L18+M18+N18 -> 990000 | P18: 4454545 | Q18: =P18-O18 -> 3464545
A19: 12 | B19: 43537 | C19: Trả hàng + đóng hàng KH 13/03 | D19: GMDU2185502 | E19: Mỹ Hào, Hưng Yên - Hà Nam | G19: 218 | H19: =G19*15860 -> 3457480 | J19: 1050000 | O19: =H19+J19+K19+L19+M19+N19 -> 4507480 | P19: 4900000 | Q19: =P19-O19 -> 392520
A20: 13 | B20: 43538 | C20: Đóng hàng chè sáng 14/03 | D20: WHSU2424576 | E20: Tân Lập, Mộc Châu, Sơn La | J20: 2230000 | O20: =H20+J20+K20+L20+M20+N20 -> 2230000 | P20: 13181818 | Q20: =P20-O20 -> 10951818
A21: 14 | B21: 43539 | C21: Đóng hàng phân sáng 15/03 | D21: TLLU2045401 | E21: Hoa Lư, Ninh Bình | G21: 218 | H21: =G21*15860 -> 3457480 | J21: 680000 | O21: =H21+J21+K21+L21+M21+N21 -> 4137480 | P21: 4000000 | Q21: =P21-O21 -> -137480
A22: 15 | B22: 43540 | C22: Đóng hàng phân sáng 16/03 | D22: TCLU7695973 | E22: Hoa Lư, Ninh Bình | J22: 680000 | O22: =H22+J22+K22+L22+M22+N22 -> 680000 | P22: 4000000 | Q22: =P22-O22 -> 3320000
A23: 16 | B23: 43542 | C23: Trả hàng + đóng hàng KH 18/03 | D23: BISU2836810 | E23: Trôi, Hà Nội - Hà Nam | G23: 196 | H23: =G23*15860 -> 3108560 | J23: 1380000 | O23: =H23+J23+K23+L23+M23+N23 -> 4488560 | P23: 5600000 | Q23: =P23-O23 -> 1111440
A24: 17 | B24: 43543 | C24: Trả hàng + đóng hàng KH 19/03 | D24: GAOU2115416 | E24: Trôi, Hà Nội - Hà Nam | G24: 128 | H24: =G24*15860 -> 2030080 | J24: 1320000 | O24: =H24+J24+K24+L24+M24+N24 -> 3350080 | P24: 5600000 | Q24: =P24-O24 -> 2249920
A25: 18 | B25: 43544 | C25: Đóng hàng phân sáng 20/03 | D25: IMTU3047179 | E25: Hoa Lư, Ninh Bình | G25: 208 | H25: =G25*15860 -> 3298880 | J25: 680000 | O25: =H25+J25+K25+L25+M25+N25 -> 3978880 | P25: 4000000 | Q25: =P25-O25 -> 21120
A26: 19 | B26: 43545 | C26: Đóng hàng chè sáng 21/03 | D26: WHSU2537079 | E26: Tân Lập, Mộc Châu, Sơn La | J26: 2230000 | O26: =H26+J26+K26+L26+M26+N26 -> 2230000 | P26: 13181818 | Q26: =P26-O26 -> 10951818
A27: 20 | B27: 43546 | C27: Trả hàng NK sáng 22/03 | D27: PONU0603951 | E27: Máy soi Tasa - Thường Tín, Hà Nội | G27: 220 | H27: =G27*15860 -> 3489200 | J27: 810000 | O27: =H27+J27+K27+L27+M27+N27 -> 4299200 | P27: 4100000 | Q27: =P27-O27 -> -199200
A28: 21 | B28: 43549 | C28: Trả hàng + đóng hàng KH 25/03 | D28: GMDU2153629 | E28: Bình Đà, Thanh Oai, Hà Nội - Hà Nam | J28: 1320000 | O28: =H28+J28+K28+L28+M28+N28 -> 1320000 | P28: 5600000 | Q28: =P28-O28 -> 4280000
A29: 22 | B29: 43550 | C29: Đóng hàng phân sáng 26/03 | D29: TTNU1288121 | E29: Hoa Lư, Ninh Bình | G29: 236 | H29: =G29*15860 -> 3742960 | J29: 680000 | O29: =H29+J29+K29+L29+M29+N29 -> 4422960 | P29: 4000000 | Q29: =P29-O29 -> -422960
A30: 23 | B30: 43551 | C30: Đóng hàng phân sáng 27/03 | D30: TCLU2206684 | E30: Hoa Lư, Ninh Bình | J30: 680000 | O30: =H30+J30+K30+L30+M30+N30 -> 680000 | P30: 4000000 | Q30: =P30-O30 -> 3320000
A31: 24 | B31: 43552 | C31: Đóng hàng chè sáng 28/03 | D31: WHSU2579388 | E31: Tân Lập, Mộc Châu, Sơn La | G31: 175 | H31: =G31*15860 -> 2775500 | J31: =2230000+380000 -> 2610000 | O31: =H31+J31+K31+L31+M31+N31 -> 5385500 | P31: 13181818 | Q31: =P31-O31 -> 7796318
A32: 25 | B32: 43554 | C32: Trả hàng NK sáng 30/03 | D32: HLBU1388600 | E32: NM Giấy An Hòa, Sơn Dương, Tuyên Quang | G32: 212 | H32: =G32*15860 -> 3362320 | J32: 1720000 | O32: =H32+J32+K32+L32+M32+N32 -> 5082320 | P32: 6900000 | Q32: =P32-O32 -> 1817680
G33: 168 | H33: =G33*15860 -> 2664480 | O33: =H33+J33+K33+L33+M33+N33 -> 2664480 | Q33: =P33-O33 -> -2664480
O34: =H34+J34+K34+L34+M34+N34 -> 0 | Q34: =P34-O34 -> 0
C35: Phí sử dụng đường bộ xe 15C-070.63 | K35: 8580000 | O35: =H35+J35+K35+L35+M35+N35 -> 8580000 | Q35: =P35-O35 -> -8580000
C36: Phí kiểm định xe 15C-070.63 | K36: 610000 | O36: =H36+J36+K36+L36+M36+N36 -> 610000 | Q36: =P36-O36 -> -610000
C37: Bồi dưỡng đăng kiểm xe 15C-070.63 | K37: 400000 | O37: =H37+J37+K37+L37+M37+N37 -> 400000 | Q37: =P37-O37 -> -400000
C38: Thanh toán tiền lọc nhớt detroit xe 15C-070.63 | K38: 400000 | O38: =H38+J38+K38+L38+M38+N38 -> 400000 | Q38: =P38-O38 -> -400000
C39: Thanh toán tiền lọc thả xe 15C-070.63 | K39: 130000 | O39: =H39+J39+K39+L39+M39+N39 -> 130000 | Q39: =P39-O39 -> -130000
C40: Thanh toán tiền dầu rubia tir | N40: =11700000/4 -> 2925000 | O40: =H40+J40+K40+L40+M40+N40 -> 2925000 | Q40: =P40-O40 -> -2925000
C41: Thanh toán tiền sửa xe 15C-070.63 (tán má phanh cầu sau, mua lò xo má phanh, công thợ) | K41: 370000 | O41: =H41+J41+K41+L41+M41+N41 -> 370000 | Q41: =P41-O41 -> -370000
C42: Anh Phụng đi cứu hộ xe+mua dây curoa xe 15C-070.63 | K42: 750000 | O42: =H42+J42+K42+L42+M42+N42 -> 750000 | Q42: =P42-O42 -> -750000
C43: Thanh toán tiền sửa xe 15C-070.63 (rơ le đóng mở cánh quạt) | K43: 1200000 | O43: =H43+J43+K43+L43+M43+N43 -> 1200000 | Q43: =P43-O43 -> -1200000
C44: Mua bóng hơi cabin xe 15C-070.63 | K44: 700000 | O44: =H44+J44+K44+L44+M44+N44 -> 700000 | Q44: =P44-O44 -> -700000
C45: Thanh toán tiền lốp xe 15C-070.63 (lốp 1100R20 Goodride) | M45: 5800000 | O45: =H45+J45+K45+L45+M45+N45 -> 5800000 | Q45: =P45-O45 -> -5800000
C46: Thanh toán tiền sửa xe 15C-070.63 (ga lạnh, lốc lạnh, chắn gió bệ lốc lạnh, ống lạnh, giàn nóng mới, công thợ) | K46: 9000000 | O46: =H46+J46+K46+L46+M46+N46 -> 9000000 | Q46: =P46-O46 -> -9000000
C47: Thanh toán tiền sửa xe 15C-070.63 (mua giảm sóc, mua bi cánh quạt, công tháo lắp) | K47: 2200000 | O47: =H47+J47+K47+L47+M47+N47 -> 2200000 | Q47: =P47-O47 -> -2200000
C48: Thanh toán tiền sửa xe 15C-070.63 ngày 26/3 (1 bóng pha, 1 giắc pha, 1 giá chì, 1 rơ le, công làm điện cánh quạt) | K48: 490000 | O48: =H48+J48+K48+L48+M48+N48 -> 490000 | Q48: =P48-O48 -> -490000
C49: Thanh toán tiền sửa xe 15C-070.63 ngày 26/3 (làm bộ chia hơi bóng+công thay mặt chia hơi bóng) | K49: 500000 | O49: =H49+J49+K49+L49+M49+N49 -> 500000 | Q49: =P49-O49 -> -500000
C50: Phí gửi xe | L50: =1200000*1.1 -> 1320000 | O50: =H50+J50+K50+L50+M50+N50 -> 1320000 | Q50: =P50-O50 -> -1320000
C51: Lương lái xe | K51: =28/26*9000000 -> 9692307.7 | O51: =H51+J51+K51+L51+M51+N51 -> 9692307.7 | Q51: =P51-O51 -> -9692307.7
A52: TỔNG CỘNG | G52: =SUM(G7:G51) -> 3075 | H52: =SUM(H7:H51) -> 48769500 | I52: =SUM(I7:I51) -> 0 | J52: =SUM(J7:J51) -> 29110000 | K52: =SUM(K7:K51) -> 35022308 | L52: =SUM(L7:L51) -> 1320000 | M52: =SUM(M7:M51) -> 5800000 | N52: =SUM(N7:N51) -> 2925000 | O52: =SUM(O7:O51) -> 1.2294681e+08 | P52: =SUM(P8:P51) -> 144559999 | Q52: =SUM(Q7:Q51) -> 21613191
P54: LK = | Q54: ='2.2019'!Q29+'3.2019'!Q52 -> 81031065

Sheet 4.2019
A1: Bảng theo dõi doanh thu/ chi phí theo phương tiện vận chuyển
A2: Biển số xe: 15C - 070.63
B3: THÁNG 4.2019
A5: STT | B5: Ngày tháng | C5: Diễn giải | D5: Số cont | E5: Tuyến đường vận chuyển | F5: Khoảng cách (km) | G5: Chi phí | O5: Tổng chi phí | P5: Cước vận chuyển | Q5: Lợi nhuận gộp
G6: Dầu (l) | H6: Dầu (đồng) | I6: Mức TTBQ | J6: Đi đường | K6: Lương lx | L6: Sửa chữa | M6: Lốp | N6: Dầu máy
A8: 1 | B8: 43556 | C8: Trả hàng + đóng hàng KH 01/04 | D8: HJMU2154245 | E8: Khai Quang, Vĩnh Phúc - Hà Nam | J8: =1440000-120000 -> 1320000 | O8: =H8+J8+K8+L8+M8+N8 -> 1320000 | P8: 6100000 | Q8: =P8-O8 -> 4780000
A9: 2 | B9: 43557 | C9: Trả hàng + đóng hàng KH 02/04 | D9: GMDU2140051 | E9: Khai Quang, Vĩnh Phúc - Hà Nam | G9: 280 | H9: =G9*17080 -> 4782400 | J9: 1320000 | O9: =H9+J9+K9+L9+M9+N9 -> 6102400 | P9: 6100000 | Q9: =P9-O9 -> -2400
A10: 3 | B10: 43558 | C10: Đóng hàng phân 03/04 | D10: SUDU1504520 | E10: Hoa Lư, Ninh Bình | G10: 84 | H10: =G10*17080 -> 1434720 | J10: 680000 | O10: =H10+J10+K10+L10+M10+N10 -> 2114720 | P10: 4000000 | Q10: =P10-O10 -> 1885280
A11: 4 | B11: 43559 | C11: Đóng hàng chè sáng 04/04 | D11: WHSU2039950 | E11: Tân Lập, Mộc Châu, Sơn La | J11: 2230000 | O11: =H11+J11+K11+L11+M11+N11 -> 2230000 | P11: 13181818 | Q11: =P11-O11 -> 10951818
A12: 5 | B12: 43560 | C12: Trả hàng NK sáng 05/04 | D12: TCBU2140078 | E12: KCN Đại Đồng - Hoàn Sơn, Bắc Ninh | G12: 215 | H12: =G12*17080 -> 3672200 | J12: 930000 | O12: =H12+J12+K12+L12+M12+N12 -> 4602200 | P12: 3700000 | Q12: =P12-O12 -> -902200
A13: 6 | B13: 43561 | C13: Trả hàng + đóng hàng KH 06/04 | D13: BISU2830160 | E13: TP. Hòa Bình - Hà Nam | J13: 1320000 | O13: =H13+J13+K13+L13+M13+N13 -> 1320000 | P13: 7100000 | Q13: =P13-O13 -> 5780000
A14: 7 | B14: 43563 | C14: Trả hàng + đóng hàng KH 08/04 | D14: VSLU3042730 | E14: Tiên Du, Bắc Ninh - Hà Nam | G14: 218 | H14: =G14*17080 -> 3723440 | J14: 1500000 | O14: =H14+J14+K14+L14+M14+N14 -> 5223440 | P14: 5580000 | Q14: =P14-O14 -> 356560
A15: 8 | B15: 43564 | C15: Trả hàng + đóng hàng KH 09/04 | D15: GMDU2152453 | E15: Khai Quang, Vĩnh Phúc - Hà Nam | J15: 1320000 | O15: =H15+J15+K15+L15+M15+N15 -> 1320000 | P15: 6100000 | Q15: =P15-O15 -> 4780000
A16: 9 | B16: 43565 | C16: Trả hàng NK sáng 10/04 | D16: CNSU1704679 | E16: KCN VSIP Bắc Ninh | G16: 246 | H16: =G16*17080 -> 4201680 | J16: 930000 | O16: =H16+J16+K16+L16+M16+N16 -> 5131680 | P16: 3800000 | Q16: =P16-O16 -> -1331680
A17: 10 | B17: 43566 | C17: Trả hàng NK sáng 11/04 | D17: TCLU7451582 | E17: Thanh Trì, Hà Nội | J17: 830000 | O17: =H17+J17+K17+L17+M17+N17 -> 830000 | P17: 4000000 | Q17: =P17-O17 -> 3170000
A18: 11 | B18: 43567 | C18: Trả hàng + đóng hàng KH 12/04 | D18: GAOU2114657 | E18: Yên Mỹ, Hưng Yên - Hà Nam | G18: 162 | H18: =G18*17080 -> 2766960 | J18: 1060000 | O18: =H18+J18+K18+L18+M18+N18 -> 3826960 | P18: 5000000 | Q18: =P18-O18 -> 1173040
A19: 12 | B19: 43568 | C19: Trả hàng NK sáng 13/04 | D19: SKLU0739081 | E19: Quế Võ, Bắc Ninh | J19: 930000 | O19: =H19+J19+K19+L19+M19+N19 -> 930000 | P19: 3500000 | Q19: =P19-O19 -> 2570000
A20: 13 | B20: 43571 | C20: Trả hàng + đóng hàng KH 16/04 | D20: CRSU1158018 | E20: Khai Quang, Vĩnh Phúc - Hà Nam | G20: 170 | H20: =G20*17080 -> 2903600 | J20: 1320000 | O20: =H20+J20+K20+L20+M20+N20 -> 4223600 | P20: 6100000 | Q20: =P20-O20 -> 1876400
A21: 14 | B21: 43572 | C21: Trả hàng + đóng hàng KH 17/04 | D21: DRYU3093490 | E21: Yên Viên, Hà Nội - Hà Nam | G21: 246 | H21: =G21*17380 -> 4275480 | J21: 1320000 | O21: =H21+J21+K21+L21+M21+N21 -> 5595480 | P21: 5600000 | Q21: =P21-O21 -> 4520
A22: 15 | B22: 43573 | C22: Đóng hàng chè sáng 18/04 | D22: WHSU2576408 | E22: Mộc Châu, Sơn La | J22: 2230000 | O22: =H22+J22+K22+L22+M22+N22 -> 2230000 | P22: 12090909 | Q22: =P22-O22 -> 9860909
A23: 16 | B23: 43574 | C23: Trả hàng + đóng hàng KH 19/04 | D23: GMDU2140241 | E23: KCN Phú Khánh, Ninh Bình - Hà Nam | G23: 193 | H23: =G23*17380 -> 3354340 | J23: 990000 | O23: =H23+J23+K23+L23+M23+N23 -> 4344340 | P23: 4900000 | Q23: =P23-O23 -> 555660
A24: 17 | B24: 43575 | C24: Trả hàng NK sáng 20/04 | D24: TEMU1665460 | E24: Hoài Đức, Hà Nội | J24: 810000 | O24: =H24+J24+K24+L24+M24+N24 -> 810000 | P24: 4200000 | Q24: =P24-O24 -> 3390000
A25: 18 | B25: 43577 | C25: Trả hàng + đóng hàng KH 22/04 | D25: GMDU2142938 | E25: Đức Giang, Long Biên, Hà Nội - Hà Nam | G25: 210 | H25: =G25*17380 -> 3649800 | J25: 1380000 | O25: =H25+J25+K25+L25+M25+N25 -> 5029800 | P25: 5500000 | Q25: =P25-O25 -> 470200
A26: 19 | B26: 43578 | C26: Đóng hàng chè sáng 23/04 | D26: WHSU2564768 | E26: TT Trần Phú, Văn Chấn, Yên Bái | G26: 108 | H26: =G26*17380 -> 1877040 | J26: 1970000 | O26: =H26+J26+K26+L26+M26+N26 -> 3847040 | P26: 9545455 | Q26: =P26-O26 -> 5698415
A27: 20 | B27: 43579 | C27: Trả hàng + đóng hàng KH 24/04 | D27: CXDU1498943 | E27: Mỹ Hào, Hưng Yên - Hà Nam | G27: 160 | H27: =G27*17380 -> 2780800 | J27: 1060000 | O27: =H27+J27+K27+L27+M27+N27 -> 3840800 | P27: 5000000 | Q27: =P27-O27 -> 1159200
A28: 21 | B28: 43580 | C28: Trả hàng NK sáng 25/04 | D28: WHLU0233425 | E28: KCN Đại Đồng, Bắc Ninh | G28: 178 | H28: =G28*17380 -> 3093640 | J28: 930000 | O28: =H28+J28+K28+L28+M28+N28 -> 4023640 | P28: 3900000 | Q28: =P28-O28 -> -123640
A29: 22 | B29: 43581 | C29: Trả hàng + đóng hàng KH 26/04 | D29: CRSU1408040 | E29: Vĩnh Tường, Vĩnh Phúc - Hà Nam | J29: 1320000 | O29: =H29+J29+K29+L29+M29+N29 -> 1320000 | P29: 6300000 | Q29: =P29-O29 -> 4980000
A30: 23 | B30: 43582 | C30: Trả hàng + đóng hàng KH 27/04 | D30: GAOU2109368 | E30: Dị Sử, Mỹ Hào, Hưng Yên - Hà Nam | J30: 1060000 | O30: =H30+J30+K30+L30+M30+N30 -> 1060000 | P30: 5000000 | Q30: =P30-O30 -> 3940000
A31: 24 | B31: 43584 | C31: Trả hàng NK sáng 29/04 | D31: TEMU5032794 | E31: KCN Hòa Xá, TP Nam Định | G31: 264 | H31: =G31*17380 -> 4588320 | J31: 680000 | O31: =H31+J31+K31+L31+M31+N31 -> 5268320 | P31: 3500000 | Q31: =P31-O31 -> -1768320
O32: =H32+J32+K32+L32+M32+N32 -> 0 | Q32: =P32-O32 -> 0
O33: =H33+J33+K33+L33+M33+N33 -> 0 | Q33: =P33-O33 -> 0
O34: =H34+J34+K34+L34+M34+N34 -> 0 | Q34: =P34-O34 -> 0
C35: Thanh toán 01 lốp 1100R20 goodede T 987 cho xe 15C-070.63 | M35: 5800000 | O35: =H35+J35+K35+L35+M35+N35 -> 5800000 | Q35: =P35-O35 -> -5800000
C36: Thanh toán tiền định vị bách khoa xe 15C-070.63 (từ T6/19 đến T4/20) | K36: 1045000 | O36: =H36+J36+K36+L36+M36+N36 -> 1045000 | Q36: =P36-O36 -> -1045000
C37: Thanh toán tiền sửa xe 15C-070.63 ngày 10.4 (mưa phớt may ơ cầu sau, công thay phớt, mua mỡ chắn dầu may ơ) | K37: 800000 | O37: =H37+J37+K37+L37+M37+N37 -> 800000 | Q37: =P37-O37 -> -800000
C38: Thưởng 1,5 cho lái xe | K38: 300000 | O38: =H38+J38+K38+L38+M38+N38 -> 300000 | Q38: =P38-O38 -> -300000
C39: Phí gửi xe | L39: =1200000*1.1 -> 1320000 | O39: =H39+J39+K39+L39+M39+N39 -> 1320000 | Q39: =P39-O39 -> -1320000
C40: Lương lái xe | K40: 9000000 | O40: =H40+J40+K40+L40+M40+N40 -> 9000000 | Q40: =P40-O40 -> -9000000
A41: TỔNG CỘNG | G41: =SUM(G7:G40) -> 2734 | H41: =SUM(H7:H40) -> 47104420 | I41: =SUM(I7:I40) -> 0 | J41: =SUM(J7:J40) -> 29440000 | K41: =SUM(K7:K40) -> 11145000 | L41: =SUM(L7:L40) -> 1320000 | M41: =SUM(M7:M40) -> 5800000 | N41: =SUM(N7:N40) -> 0 | O41: =SUM(O7:O40) -> 94809420 | P41: =SUM(P8:P40) -> 139798182 | Q41: =SUM(Q7:Q40) -> 44988762
P43: LK = | Q43: ='3.2019'!Q54+'4.2019'!Q41 -> 1.2601983e+08

Sheet 5.2019
A1: Bảng theo dõi doanh thu/ chi phí theo phương tiện vận chuyển
A2: Biển số xe: 15C - 070.63
B3: THÁNG 5.2019
A5: STT | B5: Ngày tháng | C5: Diễn giải | D5: Số cont | E5: Tuyến đường vận chuyển | F5: Khoảng cách (km) | G5: Chi phí | O5: Tổng chi phí | P5: Cước vận chuyển | Q5: Lợi nhuận gộp
G6: Dầu (l) | H6: Dầu (đồng) | I6: Mức TTBQ | J6: Đi đường | K6: Lương lx | L6: Sửa chữa | M6: Lốp | N6: Dầu máy
A8: 1 | B8: 43587 | C8: Trả hàng + đóng hàng KH 02/05 | D8: GMDU2183813 | E8: Từ Sơn, Bắc Ninh - Hà Nam | G8: 180 | H8: =G8*17690 -> 3184200 | J8: 1500000 | O8: =SUM(H8:N8) -> 4684200 | P8: 5580000 | Q8: =P8-O8 -> 895800
A9: 2 | B9: 43587 | C9: Trả hàng + đóng hàng KH 03/05 | D9: DRYU2852586 | E9: Cẩm Giàng, HD - Chương Mỹ, HN - Hà Nam | G9: 0 | H9: =G9*17080 -> 0 | J9: 1380000 | O9: =SUM(H9:N9) -> 1380000 | P9: 5800000 | Q9: =P9-O9 -> 4420000
A10: 3 | B10: 43588 | C10: Trả hàng NK sáng 04/05 | D10: CCLU3333389 | E10: KCN VSIP Bắc Ninh | G10: 0 | H10: =G10*17080 -> 0 | J10: 930000 | O10: =SUM(H10:N10) -> 930000 | P10: 3800000 | Q10: =P10-O10 -> 2870000
A11: 4 | B11: 43591 | C11: Trả hàng NK sáng 06/05 | D11: TCKU1001039 | E11: KCN VSIP Bắc Ninh | G11: 280 | H11: =G11*17690 -> 4953200 | J11: 930000 | O11: =SUM(H11:N11) -> 5883200 | P11: 3500000 | Q11: =P11-O11 -> -2383200
A12: 5 | B12: 43591 | C12: Đóng hàng chè sáng 07/05 | D12: WHSU2264734 | E12: Tân Lập, Mộc Châu, Sơn La | G12: 216 | H12: =G12*17690 -> 3821040 | J12: 2470000 | O12: =SUM(H12:N12) -> 6291040 | P12: 13181818 | Q12: =P12-O12 -> 6890778
A13: 6 | B13: 43591 | C13: Trả hàng + đóng hàng KH 08/05 | D13: DRYU2852858 | E13: Tân Lạc, Hòa Bình - Hà Nam | G13: 0 | H13: =G13*17690 -> 0 | J13: 1440000 | O13: =SUM(H13:N13) -> 1440000 | P13: 7400000 | Q13: =P13-O13 -> 5960000
A14: 7 | B14: 43593 | C14: Trả hàng NK sáng 09/05 | D14: WHLU0217928 | E14: KCN Đại Đồng, Bắc Ninh | G14: 242 | H14: =G14*17690 -> 4280980 | J14: 930000 | O14: =SUM(H14:N14) -> 5210980 | P14: 3900000 | Q14: =P14-O14 -> -1310980
A15: 8 | B15: 43594 | C15: Trả hàng NK sáng 10/05 | D15: CSNU1462908 | E15: Hoài Đức, Hà Nội | G15: 0 | H15: =G15*17690 -> 0 | J15: 810000 | O15: =SUM(H15:N15) -> 810000 | P15: 5200000 | Q15: =P15-O15 -> 4390000
A16: 9 | B16: 43596 | C16: Trả hàng + đóng hàng KH 13/05 | D16: DRYU2853622 | E16: Yên Mỹ, Hưng Yên - Hà Nam | G16: 0 | H16: =G16*17690 -> 0 | J16: 1060000 | O16: =SUM(H16:N16) -> 1060000 | P16: 5000000 | Q16: =P16-O16 -> 3940000
A17: 10 | B17: 43598 | C17: Trả hàng sáng 14/05 | D17: TCLU2803709 | E17: Lạc Đạo, Văn Lâm, Hưng Yên | G17: 266 | H17: =G17*17690 -> 4705540 | J17: 930000 | O17: =SUM(H17:N17) -> 5635540 | P17: 3500000 | Q17: =P17-O17 -> -2135540
A18: 11 | B18: 43599 | C18: Đóng hàng chè sáng 15/05 | D18: WHSU2361755 | E18: Mộc Châu, Sơn La | G18: 210 | H18: =G18*17690 -> 3714900 | J18: 2470000 | O18: =SUM(H18:N18) -> 6184900 | P18: 13181818 | Q18: =P18-O18 -> 6996918
A19: 12 | B19: 43600 | C19: Trả hàng + đóng KH 16/05 | D19: VOSU1805102 | E19: Đại Đồng, Văn Lâm, Hưng Yên - Hưng Yên | G19: 0 | J19: 1230000 | O19: =SUM(H19:N19) -> 1230000 | P19: 5000000 | Q19: =P19-O19 -> 3770000
A20: 13 | B20: 43601 | C20: Đóng phân lân sáng 17/05 | D20: TGCU2018055 | E20: Hoa Lư, Ninh Bình | G20: 0 | H20: =G20*17080 -> 0 | J20: 680000 | O20: =SUM(H20:N20) -> 680000 | P20: 4000000 | Q20: =P20-O20 -> 3320000
A21: 14 | B21: 43602 | C21: Đóng hàng phân lân sáng 18/05 | D21: EITU0018430 | E21: Hoa Lư, Ninh Bình | G21: 336 | H21: =G21*17610 -> 5916960 | J21: 680000 | O21: =SUM(H21:N21) -> 6596960 | P21: 4000000 | Q21: =P21-O21 -> -2596960
A22: 15 | B22: 43612 | C22: Trả hàng + đóng hàng KH 27/05 | D22: TRHU3295183 | E22: Phố Nối A, Hưng Yên, Hà Nam | G22: 0 | J22: 1060000 | O22: =SUM(H22:N22) -> 1060000 | P22: 5000000 | Q22: =P22-O22 -> 3940000
A23: 16 | B23: 43612 | C23: Trả hàng + đóng hàng KH 28/05 | D23: TRHU1344329 | E23: TP. Thái Nguyên - Hà Nam | G23: 250 | H23: =G23*17610 -> 4402500 | J23: 1380000 | O23: =SUM(H23:N23) -> 5782500 | P23: 6300000 | Q23: =P23-O23 -> 517500
A24: 17 | B24: 43613 | C24: Trả hàng + đóng hàng KH 29/05 | D24: GAOU2114929 | E24: TP. Thái Nguyên - Hà Nam | G24: 0 | J24: 1320000 | O24: =SUM(H24:N24) -> 1320000 | P24: 6300000 | Q24: =P24-O24 -> 4980000
A25: 18 | B25: 43614 | C25: Trả hàng + đóng hàng KH 30/05 | D25: TRHU3295898 | E25: KCN Đại Đồng, Bắc Ninh - Hà Nam | G25: 252 | H25: =G25*17610 -> 4437720 | J25: 1500000 | O25: =SUM(H25:N25) -> 5937720 | P25: 5580000 | Q25: =P25-O25 -> -357720
A26: 19 | B26: 43615 | C26: Trả hàng NK sáng 31/05 | D26: FCIU6205013 | E26: KCN VSIP Bắc Ninh | G26: 0 | H26: =G26*17380 -> 0 | J26: 930000 | O26: =SUM(H26:N26) -> 930000 | P26: 3900000 | Q26: =P26-O26 -> 2970000
A27: 20 | B27: 43615 | C27: Trả hàng NK đêm 31/05 | D27: SKLU1659993 | E27: Dục Tú, Đông Anh, Hà Nội | G27: 146 | H27: =G27*17610 -> 2571060 | J27: 830000 | O27: =SUM(H27:N27) -> 3401060 | P27: 4000000 | Q27: =P27-O27 -> 598940
C29: Thanh toán tiền sửa xe 15C-070.63 ngày 10.4 (mưa phớt may ơ cầu sau, công thay phớt, mua mỡ chắn dầu may ơ) | L29: 800000 | O29: =SUM(H29:N29) -> 800000 | Q29: =P29-O29 -> -800000
C30: Thanh toán tiền 02 lốp xe 15C-070.63 (1100R20 BFGoodrich) | M30: 11800000 | O30: =SUM(H30:N30) -> 11800000 | Q30: =P30-O30 -> -11800000
C31: Mua 2 lọc nhớt Donaldson xe 15C-070.63: 195.000 x 2 = | L31: 390000 | O31: =SUM(H31:N31) -> 390000 | Q31: =P31-O31 -> -390000
C32: Mua 3 bình ắc quy Đồng Nai cho xe 15C-070.63 | L32: 4500000 | O32: =SUM(H32:N32) -> 4500000 | Q32: =P32-O32 -> -4500000
C33: Làm lại động cơ xe | L33: 53100000 | O33: =SUM(H33:N33) -> 53100000 | Q33: =P33-O33 -> -53100000
C34: Sửa hơi, thay bát phanh, thay cốc lọc xe 15C-070.63 | L34: 800000 | O34: =SUM(H34:N34) -> 800000 | Q34: =P34-O34 -> -800000
C35: Phí gửi xe | L35: =1200000*1.1 -> 1320000 | O35: =SUM(K35:N35) -> 1320000 | Q35: =P35-O35 -> -1320000
C36: Lương lái xe | K36: =22*9000000/26 -> 7615384.6 | O36: =SUM(K36:N36) -> 7615384.6 | Q36: =P36-O36 -> -7615384.6
A37: TỔNG CỘNG | G37: =SUM(G7:G36) -> 2378 | H37: =SUM(H7:H36) -> 41988100 | I37: =SUM(I7:I36) -> 0 | J37: =SUM(J7:J36) -> 24460000 | K37: =SUM(K7:K36) -> 7615384.6 | L37: =SUM(L7:L36) -> 60910000 | M37: =SUM(M7:M36) -> 11800000 | N37: =SUM(N7:N36) -> 0 | O37: =SUM(O7:O36) -> 1.4677348e+08 | P37: =SUM(P8:P36) -> 114123636 | Q37: =SUM(Q7:Q36) -> -32649849
P39: LK = | Q39: ='4.2019'!Q43+'5.2019'!Q37 -> 93369979

Sheet 6.2019
A1: Bảng theo dõi doanh thu/ chi phí theo phương tiện vận chuyển
A2: Biển số xe: 15C - 070.63
B3: THÁNG 6.2019
A5: STT | B5: Ngày tháng | C5: Diễn giải | D5: Số cont | E5: Tuyến đường vận chuyển | F5: Khoảng cách (km) | G5: Chi phí | O5: Tổng chi phí | P5: Cước vận chuyển | Q5: Lợi nhuận gộp
G6: Dầu (l) | H6: Dầu (đồng) | I6: Mức TTBQ | J6: Đi đường | K6: Lương lx | L6: Sửa chữa | M6: Lốp | N6: Dầu máy
A8: 1 | B8: 43619 | C8: Trả hàng NK sáng 03/06 | D8: TRLU3954231 | E8: NM Giấy An Hòa, Sơn Dương, Tuyên Quang | G8: 150 | H8: =+G8*17390 -> 2608500 | J8: 1680000 | O8: =SUM(H8:N8) -> 4288500 | P8: 7000000 | Q8: =P8-O8 -> 2711500
A9: 2 | B9: 43619 | C9: Đóng hàng chè sáng 04/06 | D9: WHSU2623290 | E9: Tân Lập, Mộc Châu, Sơn La | G9: 212 | H9: =+G9*17390 -> 3686680 | J9: 2470000 | O9: =SUM(H9:N9) -> 6156680 | P9: 13181818 | Q9: =P9-O9 -> 7025138
A10: 3 | B10: 43620 | C10: Đóng hàng phân lân sáng 05/06 | D10: EISU2139931 | E10: Hoa Lư, Ninh Bình | G10: 0 | J10: 680000 | O10: =SUM(H10:N10) -> 680000 | P10: 4000000 | Q10: =P10-O10 -> 3320000
A11: 4 | B11: 43621 | C11: Trả hàng + đóng hàng KH 06/06 | D11: DRYU2924109 | E11: Chương Mỹ, Hà Nội - Hà Nam | G11: 220 | H11: =+G11*17390 -> 3825800 | J11: 1320000 | O11: =SUM(H11:N11) -> 5145800 | P11: 5600000 | Q11: =P11-O11 -> 454200
A12: 5 | B12: 43622 | C12: Đóng hàng chè sáng 07/06 | D12: WHSU2590279 | E12: Phủ Lỗ, Sóc Sơn, Hà Nội | G12: 0 | J12: 810000 | O12: =SUM(H12:N12) -> 810000 | P12: 4560000 | Q12: =P12-O12 -> 3750000
A13: 6 | B13: 43623 | C13: Trả hàng + đóng hàng KH 08/06 | D13: CAIU6864861 | E13: TP. Thái Nguyên - Hà Nam | G13: 230 | H13: =+G13*17390 -> 3999700 | J13: 1320000 | O13: =SUM(H13:N13) -> 5319700 | P13: 6300000 | Q13: =P13-O13 -> 980300
A14: 7 | B14: 43626 | C14: Trả hàng + đóng hàng KH 11/06 | D14: DRYU2853411 | E14: Phố Nối, Hưng Yên - Hà Nam | G14: 0 | J14: 1060000 | O14: =SUM(H14:N14) -> 1060000 | P14: 5000000 | Q14: =P14-O14 -> 3940000
A15: 8 | B15: 43627 | C15: Trả hàng + đóng hàng KH 12/06 | D15: TTNU2432357 | E15: TP. Hòa Bình - Hà Nam | G15: 260 | H15: =+G15*17390 -> 4521400 | J15: 1560000 | O15: =SUM(H15:N15) -> 6081400 | P15: 7100000 | Q15: =P15-O15 -> 1018600
A16: 9 | B16: 43628 | C16: Trả hàng + đóng hàng KH 13/06 | D16: GMDU2183264 | E16: Cẩm Giàng, Hải Dương - Hà Nam | G16: 0 | J16: 1060000 | O16: =SUM(H16:N16) -> 1060000 | P16: 5000000 | Q16: =P16-O16 -> 3940000
A17: 10 | B17: 43629 | C17: Trả hàng + đóng hàng KH 15/06 | D17: GESU3882463 | E17: Đại Từ, Thái Nguyên - Hà Nam | G17: 258 | H17: =+G17*17390 -> 4486620 | J17: 1380000 | O17: =SUM(H17:N17) -> 5866620 | P17: 6600000 | Q17: =P17-O17 -> 733380
A18: 11 | B18: 43633 | C18: Trả hàng đường ngắn 17/06 | D18: SKLU1528904 | E18: Cảng Cấm, Hải Phòng | G18: 0 | J18: 200000 | O18: =SUM(H18:N18) -> 200000 | P18: 1000000 | Q18: =P18-O18 -> 800000
A19: 12 | B19: 43633 | C19: Trả hàng + đóng hàng KH 18/06 | D19: TCLU5397310 | E19: Phố Nối A, Hưng Yên - Hà Nam | G19: 0 | J19: 1060000 | O19: =SUM(H19:N19) -> 1060000 | P19: 5000000 | Q19: =P19-O19 -> 3940000
A20: 13 | B20: 43634 | C20: Trả hàng + đóng hàng KH 19/06 | D20: GMDU2183027 | E20: Long Biên , Hà Nội - Hà Nam | G20: 220 | H20: =+G20*16650 -> 3663000 | J20: 1320000 | O20: =SUM(H20:N20) -> 4983000 | P20: 5500000 | Q20: =P20-O20 -> 517000
A21: 14 | B21: 43634 | C21: Đóng hàng chè sáng 20/06 | D21: TEMU5983005 | E21: Tân Lập, Mộc Châu, Sơn La | G21: 200 | H21: =+G21*16650 -> 3330000 | J21: 2470000 | O21: =SUM(H21:N21) -> 5800000 | P21: 13181818 | Q21: =P21-O21 -> 7381818
A22: 15 | B22: 43636 | C22: Trả hàng NK sáng 21/06 | D22: SNBU2290485 | E22: KCN Tiên Sơn, Bắc Ninh | G22: 0 | J22: 930000 | O22: =SUM(H22:N22) -> 930000 | P22: 3600000 | Q22: =P22-O22 -> 2670000
A23: 16 | B23: 43637 | C23: Trả hàng + đóng hàng KH 22/06 | D23: TCLU3655838 | E23: Thanh Trì, Hà Nội - Hà Nam | G23: 180 | H23: =+G23*16650 -> 2997000 | J23: 1380000 | O23: =SUM(H23:N23) -> 4377000 | P23: 5300000 | Q23: =P23-O23 -> 923000
A24: 17 | B24: 43638 | C24: Trả hàng Nk sáng 24/06 | D24: CSNU1341022 | E24: Kiện Khê, Hà Nam | G24: 0 | J24: 680000 | O24: =SUM(H24:N24) -> 680000 | P24: 3800000 | Q24: =P24-O24 -> 3120000
A25: 18 | B25: 43640 | C25: Trả hàng + đóng hàng KH 25/06 | D25: GAOU2111560 | E25: Vĩnh Tuy, Hà Nội - Hà Nam | G25: 180 | H25: =+G25*16650 -> 2997000 | J25: 1320000 | O25: =SUM(H25:N25) -> 4317000 | P25: 5600000 | Q25: =P25-O25 -> 1283000
A26: 19 | B26: 43641 | C26: Trả hàng + đóng hàng KH 26/06 | D26: TCKU3395760 | E26: Thạch Thành , Thanh Hóa - Hà Nam | G26: 0 | J26: 1020000 | O26: =SUM(H26:N26) -> 1020000 | P26: 6400000 | Q26: =P26-O26 -> 5380000
A27: 20 | B27: 43642 | C27: Trả hàng + đóng hàng KH 27/06 | D27: GAOU2115041 | E27: Tân Quang, Văn Lâm, Hưng Yên - Hà Nam | G27: 216 | H27: =+G27*16650 -> 3596400 | J27: 1380000 | O27: =SUM(H27:N27) -> 4976400 | P27: 5100000 | Q27: =P27-O27 -> 123600
A28: 21 | B28: 43643 | C28: Trả hàng + đóng hàng KH 28/06 | D28: GLDU5628942 | E28: Chương Mỹ, Hà Nội - Hà Nam | G28: 0 | J28: 1320000 | O28: =SUM(H28:N28) -> 1320000 | P28: 5600000 | Q28: =P28-O28 -> 4280000
A29: 22 | B29: 43644 | C29: Trả hàng NK sáng 29/06 | D29: MAEU6960475 | E29: Từ Sơn, Bắc Ninh | G29: 215 | H29: =+G29*16650 -> 3579750 | J29: 930000 | O29: =SUM(H29:N29) -> 4509750 | P29: 3800000 | Q29: =P29-O29 -> -709750
C30: Bảo hiểm TNDS & TNNN 15C-070.63 | L30: 5310000 | O30: =SUM(H30:N30) -> 5310000 | Q30: =P30-O30 -> -5310000
C31: Anh Phụng trả tiền sửa xe 15C-070.63: hàn chắn bùn, chỉnh ba đờ xốc đầu kéo, hàn chắn bùn ro mooc | L31: 1600000 | O31: =SUM(H31:N31) -> 1600000 | Q31: =P31-O31 -> -1600000
C32: Anh Phụng trả tiền sửa xe 15C-070.63: thay ống bầu xả, hàn bắt giằng cabin, hàn chế bắt mi đèn pha | L32: 1000000 | O32: =SUM(H32:N32) -> 1000000 | Q32: =P32-O32 -> -1000000
C33: Sửa chữa: mua bạc nhíp bóng cầu, cầu xe 15c-070.63 | L33: 2200000 | O33: =SUM(H33:N33) -> 2200000 | Q33: =P33-O33 -> -2200000
C34: Sửa chữa: bơm mỡ xe 15C-070.63 | L34: 170000 | O34: =SUM(H34:N34) -> 170000 | Q34: =P34-O34 -> -170000
O35: =SUM(H35:N35) -> 0 | Q35: =P35-O35 -> 0
O36: =SUM(H36:N36) -> 0 | Q36: =P36-O36 -> 0
C37: Phí gửi xe | L37: =1200000*1.1 -> 1320000 | O37: =SUM(K37:N37) -> 1320000 | Q37: =P37-O37 -> -1320000
C38: Lương lái xe | K38: 8307692 | O38: =SUM(K38:N38) -> 8307692 | Q38: =P38-O38 -> -8307692
A39: TỔNG CỘNG | G39: =SUM(G7:G38) -> 2541 | H39: =SUM(H7:H38) -> 43291850 | I39: =SUM(I7:I38) -> 0 | J39: =SUM(J7:J38) -> 27350000 | K39: =SUM(K7:K38) -> 8307692 | L39: =SUM(L7:L38) -> 11600000 | M39: =SUM(M7:M38) -> 0 | N39: =SUM(N7:N38) -> 0 | O39: =SUM(O7:O38) -> 90549542 | P39: =SUM(P8:P38) -> 128223636 | Q39: =SUM(Q7:Q38) -> 37674094
P41: LK = | Q41: ='5.2019'!Q39+'6.2019'!Q39 -> 1.3104407e+08

Sheet 7.2019
A1: Bảng theo dõi doanh thu/ chi phí theo phương tiện vận chuyển
A2: Biển số xe: 15C - 070.63
B3: THÁNG 7.2019
A5: STT | B5: Ngày tháng | C5: Diễn giải | D5: Số cont | E5: Tuyến đường vận chuyển | F5: Khoảng cách (km) | G5: Chi phí | O5: Tổng chi phí | P5: Cước vận chuyển | Q5: Lợi nhuận gộp
G6: Dầu (l) | H6: Dầu (đồng) | I6: Mức TTBQ | J6: Đi đường | K6: Lương lx | L6: Sửa chữa | M6: Lốp | N6: Dầu máy
A8: 1 | B8: 43647 | C8: Trả hàng NK sáng 02/07 | D8: TRHU3290284 | E8: Đông Anh, Hà Nội | G8: 180 | H8: =+G8*16940 -> 3049200 | J8: 810000 | O8: =SUM(H8:N8) -> 3859200 | P8: 3600000 | Q8: =P8-O8 -> -259200
A9: 2 | B9: 43648 | C9: Đóng hàng phân sáng 03/07 | D9: EITU0162617 | E9: Hoa Lư, Ninh Bình | G9: 166 | H9: =+G9*16940 -> 2812040 | J9: 680000 | O9: =SUM(H9:N9) -> 3492040 | P9: 4000000 | Q9: =P9-O9 -> 507960
A10: 3 | B10: 43648 | C10: Đóng hàng chè sáng 04/07 | D10: WHSU2668150 | E10: TT Trần Phú, Văn Chấn, Yên Bái | J10: 1970000 | O10: =SUM(H10:N10) -> 1970000 | P10: 9545455 | Q10: =P10-O10 -> 7575455
A11: 4 | B11: 43650 | C11: Trả hàng + đóng hàng KH 05/07 | D11: HAHU8297222 | E11: Hà Đông, Hà Nội - Hà Nam | G11: 255 | H11: =+G11*16940 -> 4319700 | J11: 1320000 | O11: =SUM(H11:N11) -> 5639700 | P11: 5600000 | Q11: =P11-O11 -> -39700
A12: 5 | B12: 43651 | C12: Trả hàng + đóng hàng KH 06/07 | D12: TCKU2463026 | E12: Thanh Trì, Hà Nội - Hà Nam | J12: 1320000 | O12: =SUM(H12:N12) -> 1320000 | P12: 5600000 | Q12: =P12-O12 -> 4280000
A13: 6 | B13: 43654 | C13: Đóng hàng XK chiều 08/07 | D13: WHSU2103128 | E13: Hòa Hậu, Lý Nhân, Hà Nam | G13: 206 | H13: =+G13*16940 -> 3489640 | J13: 680000 | O13: =SUM(H13:N13) -> 4169640 | P13: 3700000 | Q13: =P13-O13 -> -469640
A14: 7 | B14: 43654 | C14: Trả hàng + đóng hàng KH 09/07 | D14: GAOU2113943 | E14: Chương Mỹ, Hà Nội - Hà Nam | G14: 93 | H14: =+G14*16940 -> 1575420 | J14: 1320000 | O14: =SUM(H14:N14) -> 2895420 | P14: 5600000 | Q14: =P14-O14 -> 2704580
A15: 8 | B15: 43655 | C15: Trả hàng + đóng hàng KH 10/07 | D15: GMDU2142959 | E15: KCN Tân Trường, Hải Dương - Hà Nam | J15: 1060000 | O15: =SUM(H15:N15) -> 1060000 | P15: 5000000 | Q15: =P15-O15 -> 3940000
A16: 9 | B16: 43656 | C16: Đóng hàng chè chiều 11/07 | D16: BSIU3181960 | E16: Tân Lập, Mộc Châu, Sơn La | G16: 208 | H16: =+G16*16940 -> 3523520 | J16: 2470000 | O16: =SUM(H16:N16) -> 5993520 | P16: 13181818 | Q16: =P16-O16 -> 7188298
A17: 10 | B17: 43657 | C17: Trả hàng + đóng hàng KH 12/07 | D17: GMDU2181425 | E17: KCN Tân Trường, Hải Dương - Hà Nam | G17: 232 | H17: =+G17*16940 -> 3930080 | J17: 1175000 | O17: =SUM(H17:N17) -> 5105080 | P17: 5000000 | Q17: =P17-O17 -> -105080
A18: 11 | B18: 43658 | C18: Trả hàng + đóng hàng KH 13/07 | D18: TCKU1968287 | E18: Từ Sơn , Bắc Ninh - Hà Nam | J18: 1500000 | O18: =SUM(H18:N18) -> 1500000 | P18: 5520000 | Q18: =P18-O18 -> 4020000
A19: 12 | B19: 43661 | C19: Trả hàng + đóng hàng KH 15/07 | D19: HNSU2066905 | E19: Gia Lâm, Hà Nội - Hà Nam | G19: 180 | H19: =+G19*16940 -> 3049200 | J19: 1380000 | O19: =SUM(H19:N19) -> 4429200 | P19: 5500000 | Q19: =P19-O19 -> 1070800
A20: 13 | B20: 43661 | C20: Trả hàng NK sáng 16/07 | D20: WHLU0610149 | E20: KCN VSIP Bắc Ninh | J20: 930000 | O20: =SUM(H20:N20) -> 930000 | P20: 3900000 | Q20: =P20-O20 -> 2970000
A21: 14 | B21: 43662 | C21: Đóng hàng chè sáng 17/07 | D21: WHSU2701120 | E21: Mộc Châu, Sơn La | G21: 198 | H21: =+G21*16990 -> 3364020 | J21: 2470000 | O21: =SUM(H21:N21) -> 5834020 | P21: 12272727 | Q21: =P21-O21 -> 6438707
A22: 15 | B22: 43663 | C22: Trả hàng + đóng hàng KH 18/07 | D22: TCKU1847829 | E22: Phổ Yên, Thái Nguyên - Hà Nam | J22: 1320000 | O22: =SUM(H22:N22) -> 1320000 | P22: 6300000 | Q22: =P22-O22 -> 4980000
A23: 16 | B23: 43664 | C23: Trả hàng NK sáng 19/07 | D23: DFSU2388959 | E23: Yên Viên, Hà Nội | G23: 210 | H23: =+G23*16990 -> 3567900 | J23: 930000 | O23: =SUM(H23:N23) -> 4497900 | P23: 3700000 | Q23: =P23-O23 -> -797900
A24: 17 | B24: 43666 | C24: Trả hàng + đóng hàng KH 21/07 | D24: TCLU1931752 | E24: Yên Mỹ, Hưng Yên - Hà Nam | G24: 225 | H24: =+G24*16990 -> 3822750 | J24: 1060000 | O24: =SUM(H24:N24) -> 4882750 | P24: 5000000 | Q24: =P24-O24 -> 117250
A25: 18 | B25: 43667 | C25: Trả hàng + đóng hàng KH 22/07 | D25: TCKU3637797 | E25: KCN Yên Phong, Bắc Ninh - Hà Nam | G25: 205 | H25: =+G25*16990 -> 3482950 | J25: 1500000 | O25: =SUM(H25:N25) -> 4982950 | P25: 5520000 | Q25: =P25-O25 -> 537050
A26: 19 | B26: 43667 | C26: Đóng hàng chè sáng 23/07 | D26: BMOU1230139 | E26: Tân Lập, Mộc Châu, Sơn La | J26: 2470000 | O26: =SUM(H26:N26) -> 2470000 | P26: 13181818 | Q26: =P26-O26 -> 10711818
A27: 20 | B27: 43669 | C27: Trả hàng + đóng hàng KH 24/07 | D27: GMDU2418116 | E27: Thanh Sơn, Phú Thọ - Thanh Ba, Phú Thọ | G27: 276 | H27: =+G27*16990 -> 4689240 | J27: 1390000 | O27: =SUM(H27:N27) -> 6079240 | P27: 8000000 | Q27: =P27-O27 -> 1920760
A28: 21 | B28: 43670 | C28: Trả hàng + đóng hàng KH 25/07 | D28: GMDU2182606 | E28: KCN Tân Trường, Hải Dương - Hà Nam | J28: 1060000 | O28: =SUM(H28:N28) -> 1060000 | P28: 5000000 | Q28: =P28-O28 -> 3940000
A29: 22 | B29: 43671 | C29: Trả hàng NK sáng 26/07 | D29: DFSU2797303 | E29: Yên Mỹ, Hưng Yên | G29: 220 | H29: =+G29*16990 -> 3737800 | J29: 680000 | O29: =SUM(H29:N29) -> 4417800 | P29: 3700000 | Q29: =P29-O29 -> -717800
B30: 43672 | C30: Trả hàng NK sáng 27/07 | D30: SLSU2106878 | E30: Yên Mỹ, Hưng Yên | J30: 680000 | O30: =SUM(H30:N30) -> 680000 | P30: 3700000 | Q30: =P30-O30 -> 3020000
B31: 43673 | C31: Trả hàng NK sáng 28/07 | D31: DFSU1751709 | E31: Yên Mỹ, Hưng Yên | J31: 680000 | O31: =SUM(H31:N31) -> 680000 | P31: 3700000 | Q31: =P31-O31 -> 3020000
B32: 43673 | C32: Trả hàng NK sáng 29/07 | D32: FCIU5396321 | E32: Yên Mỹ, Hưng Yên | J32: 680000 | O32: =SUM(H32:N32) -> 680000 | P32: 3700000 | Q32: =P32-O32 -> 3020000
B33: 43675 | C33: Trả hàng + đóng hàng KH 30/07 | D33: GMDU2182524 | E33: Tân Trường, Hải Dương - Hà Nam | J33: 1060000 | O33: =SUM(H33:N33) -> 1060000 | P33: 5000000 | Q33: =P33-O33 -> 3940000
B34: 43676 | C34: Trả hàng + đóng hàng KH 31/07 | D34: GMDU2181430 | E34: Tân Trường, Hải Dương - Hà Nam | G34: 276 | H34: =+G34*16990 -> 4689240 | J34: 1060000 | O34: =SUM(H34:N34) -> 5749240 | P34: 5000000 | Q34: =P34-O34 -> -749240
D35: A Phụng thanh toán tiền mua 2 lốp BFgoodrich 11.00-20 xe 15C-070.63 cho Minh Ngọc | M35: 11800000 | O35: =SUM(H35:N35) -> 11800000 | Q35: =P35-O35 -> -11800000
D36: A Phụng thanh toán tiền mua 2 lốp DRC 295/75R22.5 xe 15C-070.63 cho Minh Ngọc | M36: 10200000 | O36: =SUM(H36:N36) -> 10200000 | Q36: =P36-O36 -> -10200000
D37: Sửa chữa Nga thanh toán tiền tháo lắp 1 quả bóng hơi tải, thay 2 ống truyền dẫn hơi sang bóng xe 15C-070.63 | L37: 150000 | O37: =SUM(H37:N37) -> 150000 | Q37: =P37-O37 -> -150000
D38: Sửa chữa Nga thanh toán tền thay 1 zơ le đóng mở cánh quạt (mới) và tiền công xe 15C-070.63 | L38: 1200000 | O38: =SUM(H38:N38) -> 1200000 | Q38: =P38-O38 -> -1200000
D39: Sửa chữa Nga thanh toán tiền thay pha to, pha nhỏ xe 15C-070.63 | L39: 350000 | O39: =SUM(H39:N39) -> 350000 | Q39: =P39-O39 -> -350000
C40: Phí gửi xe | L40: =1200000*1.1 -> 1320000 | O40: =SUM(K40:N40) -> 1320000 | Q40: =P40-O40 -> -1320000
C41: Lương lái xe | K41: =1.15384615384615*9000000 -> 10384615 | O41: =SUM(K41:N41) -> 10384615 | Q41: =P41-O41 -> -10384615
A42: TỔNG CỘNG | G42: =SUM(G7:G41) -> 3130 | H42: =SUM(H7:H41) -> 53102700 | I42: =SUM(I7:I41) -> 0 | J42: =SUM(J7:J41) -> 33655000 | K42: =SUM(K7:K41) -> 10384615 | L42: =SUM(L7:L41) -> 3020000 | M42: =SUM(M7:M41) -> 22000000 | N42: =SUM(N7:N41) -> 0 | O42: =SUM(O7:O41) -> 1.2216232e+08 | P42: =SUM(P8:P41) -> 159521818 | Q42: =SUM(Q7:Q41) -> 37359503
P44: LK = | Q44: ='6.2019'!Q41+'7.2019'!Q42 -> 1.6840358e+08

Sheet 8.2019
A1: Bảng theo dõi doanh thu/ chi phí theo phương tiện vận chuyển
A2: Biển số xe: 15C - 070.63
B3: THÁNG 8.2019
A5: STT | B5: Ngày tháng | C5: Diễn giải | D5: Số cont | E5: Tuyến đường vận chuyển | F5: Khoảng cách (km) | G5: Chi phí | O5: Tổng chi phí | P5: Cước vận chuyển | Q5: Lợi nhuận gộp
G6: Dầu (l) | H6: Dầu (đồng) | I6: Mức TTBQ | J6: Đi đường | K6: Lương lx | L6: Sửa chữa | M6: Lốp | N6: Dầu máy
A8: 1 | B8: 43678 | C8: Đóng hàng chè sáng 01/08 | D8: WHSU2528673 | E8: Tân Lập, Mộc Châu, Sơn La | J8: 2470000 | O8: =H8+J8+K8+L8+M8+N8 -> 2470000 | P8: 13181818 | Q8: =P8-O8 -> 10711818
A9: 2 | B9: 43679 | C9: Trả hàng + đóng hàng KH 02/08 | D9: GMDU2183074 | E9: Tân Trường, Hải Dương - Hà Nam | G9: 192 | H9: =G9*17020 -> 3267840 | J9: 1060000 | O9: =H9+J9+K9+L9+M9+N9 -> 4327840 | P9: 5000000 | Q9: =P9-O9 -> 672160
A10: 3 | B10: 43682 | C10: Trả hàng + đóng hàng KH 05/08 | D10: TCKU1340120 | E10: Yên Mỹ, Hưng Yên - Hà Nam | G10: 206 | H10: =G10*17020 -> 3506120 | J10: 1060000 | O10: =H10+J10+K10+L10+M10+N10 -> 4566120 | P10: 5000000 | Q10: =P10-O10 -> 433880
A11: 4 | B11: 43683 | C11: Đóng hàng chè sáng 06/08 | D11: WHSU2635476 | E11: Tân Lập, Mộc Châu, Sơn La | G11: 186 | H11: =G11*17020 -> 3165720 | J11: =2470000+60000 -> 2530000 | O11: =H11+J11+K11+L11+M11+N11 -> 5695720 | P11: 13181818 | Q11: =P11-O11 -> 7486098
A12: 5 | B12: 43684 | C12: Đóng hàng chè chiều 07/08 | D12: WSHU2626601 | E12: TT Trần Phú, Văn Chấn, Yên Bái | J12: =1970000+120000 -> 2090000 | O12: =H12+J12+K12+L12+M12+N12 -> 2090000 | P12: 9545455 | Q12: =P12-O12 -> 7455455
A13: 6 | B13: 43685 | C13: Trả hàng + đóng hàng KH 08/08 | D13: DRYU2853242 | E13: Yên Mỹ, Hưng Yên - Hà Nam | J13: 1060000 | O13: =H13+J13+K13+L13+M13+N13 -> 1060000 | P13: 5000000 | Q13: =P13-O13 -> 3940000
A14: 7 | B14: 43686 | C14: Đóng hàng chè sáng 09/08 | D14: WHSU2636370 | E14: Phủ Lỗ, Sóc Sơn, Hà Nội | G14: 250 | H14: =G14*17020 -> 4255000 | J14: 870000 | O14: =H14+J14+K14+L14+M14+N14 -> 5125000 | P14: 4560000 | Q14: =P14-O14 -> -565000
A15: 8 | B15: 43687 | C15: Trả hàng + đóng hàng KH 10/08 | D15: GMDU2153341 | E15: Phù Ninh, Phú Thọ - Phú Thọ | J15: =1430000+100000+100000 -> 1630000 | O15: =H15+J15+K15+L15+M15+N15 -> 1630000 | P15: 8000000 | Q15: =P15-O15 -> 6370000
A16: 9 | B16: 43689 | C16: Trả hàng + đóng hàng KH 12/08 | D16: DRYU2851846 | E16: Yên Mỹ, Hưng Yên - Hà Nam | G16: 233 | H16: =G16*17020 -> 3965660 | J16: 1060000 | O16: =H16+J16+K16+L16+M16+N16 -> 5025660 | P16: 5000000 | Q16: =P16-O16 -> -25660
A17: 10 | B17: 43690 | C17: Trả hàng + đóng hàng KH 13/08 | D17: GMDU2413963 | E17: Phù Ninh, Phú Thọ - Phú Thọ | G17: 265 | H17: =G17*17020 -> 4510300 | J17: =1530000+100000 -> 1630000 | O17: =H17+J17+K17+L17+M17+N17 -> 6140300 | P17: 8000000 | Q17: =P17-O17 -> 1859700
A18: 11 | B18: 43691 | C18: Đóng hàng sáng 14/08 | D18: HCVT0014 | E18: TP. Việt Trì, Phú Thọ | J18: =1130000+200000 -> 1330000 | O18: =H18+J18+K18+L18+M18+N18 -> 1330000 | P18: 5800000 | Q18: =P18-O18 -> 4470000
A19: 12 | B19: 43692 | C19: Trả hàng + đóng hàng KH 15/08 | D19: VSLU3042703 | E19: Đại Đồng, Bắc Ninh - Hà Nam | J19: 1500000 | O19: =H19+J19+K19+L19+M19+N19 -> 1500000 | P19: 5520000 | Q19: =P19-O19 -> 4020000
A20: 13 | B20: 43693 | C20: Trả hàng + đóng hàng KH 16/08 | D20: TCKU1395082 | E20: Chí Linh, Hải Dương - Hà Nam | G20: 238 | H20: =G20*17020 -> 4050760 | J20: 1060000 | O20: =H20+J20+K20+L20+M20+N20 -> 5110760 | P20: 5000000 | Q20: =P20-O20 -> -110760
A21: 14 | B21: 43694 | C21: Đóng hàng sáng 17/08 | D21: HCVT0019 | E21: TP. Việt Trì, Phú Thọ | G21: 226 | H21: =G21*16500 -> 3729000 | J21: 1330000 | O21: =H21+J21+K21+L21+M21+N21 -> 5059000 | P21: 5800000 | Q21: =P21-O21 -> 741000
A22: 15 | B22: 43696 | C22: Trả hàng + đóng hàng KH 19/08 | D22: TCKU3242420 | E22: Phú Lãm, Hà Đông, Hà Nội - Hà Nam | G22: 127 | H22: =G22*16500 -> 2095500 | J22: 1380000 | O22: =H22+J22+K22+L22+M22+N22 -> 3475500 | P22: 5600000 | Q22: =P22-O22 -> 2124500
A23: 16 | B23: 43697 | C23: Trả hàng + đóng hàng KH 20/08 | D23: GMDU2142814 | E23: TP. Hòa Binh - Hà Nam | J23: =1500000+120000 -> 1620000 | O23: =H23+J23+K23+L23+M23+N23 -> 1620000 | P23: 7100000 | Q23: =P23-O23 -> 5480000
A24: 17 | B24: 43698 | C24: Trả hàng NK sáng 21/08 | D24: DFSU2310272 | E24: Yên Mỹ, Hưng Yên | G24: 240 | H24: =G24*16500 -> 3960000 | J24: 680000 | O24: =H24+J24+K24+L24+M24+N24 -> 4640000 | P24: 3700000 | Q24: =P24-O24 -> -940000
A25: 18 | B25: 43699 | C25: Đóng hàng chè sáng 22/08 | D25: WHSU2708314 | E25: Tân Lập, Mộc Châu, Sơn La | J25: =2470000+60000 -> 2530000 | O25: =H25+J25+K25+L25+M25+N25 -> 2530000 | P25: 13181818 | Q25: =P25-O25 -> 10651818
A26: 19 | B26: 43700 | C26: Trả hàng + đóng hàng KH 23/08 | D26: DRYU2851487 | E26: Yên Mỹ, Hưng Yên - Hà Nam | G26: 212 | H26: =G26*16500 -> 3498000 | J26: 1060000 | O26: =H26+J26+K26+L26+M26+N26 -> 4558000 | P26: 5000000 | Q26: =P26-O26 -> 442000
A27: 20 | B27: 43701 | C27: Trả hàng + đóng hàng KH 24/09 | D27: GLDU5711595 | E27: Ba Vì, Hà Nội - Hà Nam | G27: 252 | H27: =G27*16500 -> 4158000 | J27: 1320000 | O27: =H27+J27+K27+L27+M27+N27 -> 5478000 | P27: 5800000 | Q27: =P27-O27 -> 322000
A28: 21 | B28: 43703 | C28: Trả hàng + đóng hàng KH 26/08 | D28: GMDU2150384 | E28: TP Thái Nguyên - Hà Nam | J28: 1320000 | O28: =H28+J28+K28+L28+M28+N28 -> 1320000 | P28: 6300000 | Q28: =P28-O28 -> 4980000
A29: 22 | B29: 43704 | C29: Trả hàng + đóng hàng KH 27/08 | D29: VNLU3096164 | E29: Hải Dương - Hà Nam | G29: 252 | H29: =G29*16500 -> 4158000 | J29: 1060000 | O29: =H29+J29+K29+L29+M29+N29 -> 5218000 | P29: 5000000 | Q29: =P29-O29 -> -218000
A30: 23 | B30: 43705 | C30: Trả hàng + đóng hàng KH 28/08 | D30: TRHU1343889 | E30: Vĩnh Tường, Vĩnh Phúc, Hà Nam | J30: =1540000+120000 -> 1660000 | O30: =H30+J30+K30+L30+M30+N30 -> 1660000 | P30: 6200000 | Q30: =P30-O30 -> 4540000
A31: 24 | B31: 43706 | C31: Trả hàng + đóng hàng KH 29/08 | D31: GMDU2153362 | E31: Tân Trường, Hải Dương - Hà Nam | J31: 1060000 | O31: =H31+J31+K31+L31+M31+N31 -> 1060000 | P31: 5000000 | Q31: =P31-O31 -> 3940000
A32: 25 | B32: 43707 | C32: Đóng hàng chè sáng 30/08 | D32: ZIMU3044167 | E32: Mỹ Bằng, Yên Sơn, Tuyên Quang | G32: 260 | H32: =G32*16500 -> 4290000 | J32: 1720000 | O32: =H32+J32+K32+L32+M32+N32 -> 6010000 | P32: 7772727 | Q32: =P32-O32 -> 1762727
A33: 26 | B33: 43708 | C33: Trả hàng NK sáng 31/08 | D33: APZU2119894 | E33: Khoái Châu, Hưng Yên | G33: 230 | H33: =G33*16500 -> 3795000 | J33: 680000 | O33: =H33+J33+K33+L33+M33+N33 -> 4475000 | P33: 3200000 | Q33: =P33-O33 -> -1275000
O34: =H34+J34+K34+L34+M34+N34 -> 0 | Q34: =P34-O34 -> 0
C35: Sửa xe 15C-070.63: thay con chuột đề + bảo dưỡng củ đề | L35: 1200000 | O35: =H35+J35+K35+L35+M35+N35 -> 1200000 | Q35: =P35-O35 -> -1200000
C36: Mua dây curoa 8PR1470 cho xe 15C-070.63 | L36: 250000 | O36: =H36+J36+K36+L36+M36+N36 -> 250000 | Q36: =P36-O36 -> -250000
C37: Thanh toán tiền thay bộ đầu block lạnh 15C-070.63 | L37: 1150000 | O37: =H37+J37+K37+L37+M37+N37 -> 1150000 | Q37: =P37-O37 -> -1150000
C38: Thanh toán tiền BHVC xe 15C-070.63 | L38: 9975000 | O38: =H38+J38+K38+L38+M38+N38 -> 9975000 | Q38: =P38-O38 -> -9975000
C39: Thanh toán tiền tháo lắp 1 quả bóng hơi tải, thay 2 ống truyền dẫn hơi sang bóng xe 15C-070.63 | L39: 150000 | O39: =H39+J39+K39+L39+M39+N39 -> 150000 | Q39: =P39-O39 -> -150000
C40: Thanh toán tền thay 1 zơ le đóng mở cánh quạt (mới) và tiền công xe 15C-070.63 | L40: 1200000 | O40: =H40+J40+K40+L40+M40+N40 -> 1200000 | Q40: =P40-O40 -> -1200000
C41: thanh toán tiền thay pha to, pha nhỏ xe 15C-070.63 | L41: 350000 | O41: =H41+J41+K41+L41+M41+N41 -> 350000 | Q41: =P41-O41 -> -350000
C42: Mua 01 bóng hơi tải 21/08 | L42: 2100000 | O42: =H42+J42+K42+L42+M42+N42 -> 2100000 | Q42: =P42-O42 -> -2100000
C43: Thanh toán lốp xe 15C-070.63 ngày 18/8 (lốp 1100R20) | M43: 5800000 | O43: =H43+J43+K43+L43+M43+N43 -> 5800000 | Q43: =P43-O43 -> -5800000
C44: Thưởng 2/9 cho lái xe | K44: 300000 | O44: =H44+J44+K44+L44+M44+N44 -> 300000 | Q44: =P44-O44 -> -300000
C45: Phí gửi xe | L45: =1200000*1.1 -> 1320000 | O45: =H45+J45+K45+L45+M45+N45 -> 1320000 | Q45: =P45-O45 -> -1320000
C46: Lương lái xe | K46: 10038462 | O46: =H46+J46+K46+L46+M46+N46 -> 10038462 | Q46: =P46-O46 -> -10038462
A47: TỔNG CỘNG | G47: =SUM(G7:G46) -> 3369 | H47: =SUM(H7:H46) -> 56404900 | I47: =SUM(I7:I46) -> 0 | J47: =SUM(J7:J46) -> 36770000 | K47: =SUM(K7:K46) -> 10338462 | L47: =SUM(L7:L46) -> 17695000 | M47: =SUM(M7:M46) -> 5800000 | N47: =SUM(N7:N46) -> 0 | O47: =SUM(O7:O46) -> 127008362 | P47: =SUM(P8:P46) -> 172443636 | Q47: =SUM(Q7:Q46) -> 45435274
P49: LK = | Q49: ='7.2019'!Q44+'8.2019'!Q47 -> 2.1383885e+08

Sheet 9.2019
A1: Bảng theo dõi doanh thu/ chi phí theo phương tiện vận chuyển
A2: Biển số xe: 15C - 070.63
B3: THÁNG 9.2019
A5: STT | B5: Ngày tháng | C5: Diễn giải | D5: Số cont | E5: Tuyến đường vận chuyển | F5: Khoảng cách (km) | G5: Chi phí | O5: Tổng chi phí | P5: Cước vận chuyển | Q5: Lợi nhuận gộp
G6: Dầu (l) | H6: Dầu (đồng) | I6: Mức TTBQ | J6: Đi đường | K6: Lương lx | L6: Sửa chữa | M6: Lốp | N6: Dầu máy
A8: 1 | B8: 43711 | C8: Trả hàng NK sáng 03/09 | D8: DFSU2486934 | E8: Chí Linh, Hải Dương | J8: 540000 | O8: =H8+J8+K8+L8+M8+N8 -> 540000 | P8: 3100000 | Q8: =P8-O8 -> 2560000
A9: 2 | B9: 43712 | C9: Trả hàng NK sáng 04/09 | D9: FCIU5177848 | E9: Chí Linh, Hải Dương | G9: 100 | H9: =G9*16330 -> 1633000 | J9: 540000 | O9: =H9+J9+K9+L9+M9+N9 -> 2173000 | P9: 3100000 | Q9: =P9-O9 -> 927000
A10: 3 | B10: 43713 | C10: Đóng hàng chè sáng 05/09 | D10: WHSU2498028 | E10: Mộc Châu, Sơn La | J10: 2470000 | O10: =H10+J10+K10+L10+M10+N10 -> 2470000 | P10: 13181818 | Q10: =P10-O10 -> 10711818
A11: 4 | B11: 43715 | C11: Trả hàng + đóng hàng KH 07/09 | D11: GMDU2182592 | E11: Tân Trường, Hải Dương - Hà Nam | G11: 212 | H11: =G11*16330 -> 3461960 | J11: 1060000 | O11: =H11+J11+K11+L11+M11+N11 -> 4521960 | P11: 5000000 | Q11: =P11-O11 -> 478040
A12: 5 | B12: 43718 | C12: Đóng hàng chè chiều 10/09 | D12: TEMU1966946 | E12: Mỹ Bằng, Yên Sơn, Tuyên Quang | G12: 265 | H12: =G12*16330 -> 4327450 | J12: =1720000+60000 -> 1780000 | O12: =H12+J12+K12+L12+M12+N12 -> 6107450 | P12: 7772727 | Q12: =P12-O12 -> 1665277
A13: 6 | B13: 43719 | C13: Đóng hàng chè sáng 11/09 | D13: WHSU2686468 | E13: Tân Lập, Mộc Châu, Sơn La | J13: 2470000 | O13: =H13+J13+K13+L13+M13+N13 -> 2470000 | P13: 13181818 | Q13: =P13-O13 -> 10711818
A14: 7 | B14: 43720 | C14: Trả hàng + đóng hàng KH 12/09 | D14: VNLU30949090 | E14: Ý Yên, Nam Định - Hà Nam | G14: 210 | H14: =G14*16330 -> 3429300 | J14: 990000 | O14: =H14+J14+K14+L14+M14+N14 -> 4419300 | P14: 4900000 | Q14: =P14-O14 -> 480700
A15: 8 | B15: 43721 | C15: Trả hàng NK sáng 13/09 | D15: BHCU3221170 | E15: Việt Yên, Bắc Giang | J15: 930000 | O15: =H15+J15+K15+L15+M15+N15 -> 930000 | P15: 3500000 | Q15: =P15-O15 -> 2570000
A16: 9 | B16: 43724 | C16: Trả hàng + đóng hàng KH 16/09 | D16: GMDU2181940 | E16: Phố Nối A, Hưng Yên - Hà Nam | G16: 210 | H16: =G16*16330 -> 3429300 | J16: 1060000 | O16: =H16+J16+K16+L16+M16+N16 -> 4489300 | P16: 5000000 | Q16: =P16-O16 -> 510700
A17: 10 | B17: 43725 | C17: Trả hàng + đóng hàng KH 17/09 | D17: GMDU2410033 | E17: Đại Từ, Thái Nguyên - Hà Nam | G17: 270 | H17: =G17*16200 -> 4374000 | J17: 1320000 | O17: =H17+J17+K17+L17+M17+N17 -> 5694000 | P17: 6600000 | Q17: =P17-O17 -> 906000
A18: 11 | B18: 43726 | C18: Đóng hàng chè sáng 18/09 | D18: WHSU2725271 | E18: Tân Lập, Mộc Châu, Sơn La | J18: 2470000 | O18: =H18+J18+K18+L18+M18+N18 -> 2470000 | P18: 13181818 | Q18: =P18-O18 -> 10711818
A19: 12 | B19: 43727 | C19: Trả hàng + đóng hàng KH 19/09 | D19: VNLU3092657 | E19: Yên Mỹ, Hưng Yên - Hà Nam | G19: 210 | H19: =G19*16200 -> 3402000 | J19: 1060000 | O19: =H19+J19+K19+L19+M19+N19 -> 4462000 | P19: 5000000 | Q19: =P19-O19 -> 538000
A20: 13 | B20: 43729 | C20: Trả hàng NK sáng 21/09 | D20: WHLU0303409 | E20: Yên Mỹ, Hưng Yên | G20: 196 | H20: =G20*16200 -> 3175200 | J20: 680000 | O20: =H20+J20+K20+L20+M20+N20 -> 3855200 | P20: 3700000 | Q20: =P20-O20 -> -155200
A21: 14 | B21: 43731 | C21: Trả hàng + đóng hàng KH 23/09 | D21: VNLU3095888 | E21: Trôi, Hà Nội - Hà Nam | J21: 1320000 | O21: =H21+J21+K21+L21+M21+N21 -> 1320000 | P21: 5600000 | Q21: =P21-O21 -> 4280000
A22: 15 | B22: 43732 | C22: Trả hàng + đóng hàng KH 24/09 | D22: GAOU2110585 | E22: Yên Mỹ, Hưng Yên - Hà Nam | G22: 228 | H22: =G22*16200 -> 3693600 | J22: 1060000 | O22: =H22+J22+K22+L22+M22+N22 -> 4753600 | P22: 5000000 | Q22: =P22-O22 -> 246400
A23: 16 | B23: 43733 | C23: Đóng hàng chè sáng 25/09 | D23: WHSU2088002 | E23: TT Trần Phú, Văn Chấn, Yên Bái | J23: 1970000 | O23: =H23+J23+K23+L23+M23+N23 -> 1970000 | P23: 9545455 | Q23: =P23-O23 -> 7575455
A24: 17 | B24: 43734 | C24: Trả hàng + đóng hàng KH 26/09 | D24: TCKU3730301 | E24: Cầu Diễn, Hà Nội - Hà Nam | G24: 166 | H24: =G24*16200 -> 2689200 | J24: 1320000 | O24: =H24+J24+K24+L24+M24+N24 -> 4009200 | P24: 5600000 | Q24: =P24-O24 -> 1590800
A25: 18 | B25: 43735 | C25: Trả hàng + đóng hàng KH 27/09 | D25: DRYU3094367 | E25: Yên Mỹ, Hưng Yên - Hà Nam | J25: 1060000 | O25: =H25+J25+K25+L25+M25+N25 -> 1060000 | P25: 5000000 | Q25: =P25-O25 -> 3940000
A26: 19 | B26: 43736 | C26: Trả hàng + đóng hàng KH 28/09 | D26: TRHU3295687 | E26: Chỉ Đạo, Văn Lâm, Hưng Yên - Hà Nam | G26: 225 | H26: =G26*16200 -> 3645000 | J26: 1380000 | O26: =H26+J26+K26+L26+M26+N26 -> 5025000 | P26: 5000000 | Q26: =P26-O26 -> -25000
A27: 20 | B27: 43738 | C27: Trả hàng + đóng hàng KH 30/09 | D27: DRYU3093545 | E27: Tây Bắc Ga, Thanh Hóa - Hà Nam | G27: 122 | H27: =G27*16200 -> 1976400 | J27: 1120000 | O27: =H27+J27+K27+L27+M27+N27 -> 3096400 | P27: 6400000 | Q27: =P27-O27 -> 3303600
O28: =H28+J28+K28+L28+M28+N28 -> 0 | Q28: =P28-O28 -> 0
O29: =H29+J29+K29+L29+M29+N29 -> 0 | Q29: =P29-O29 -> 0
C30: Thanh toán lốp xe 15C-070.63 ngày 4/9 (lốp 1100R20) | M30: 5800000 | O30: =H30+J30+K30+L30+M30+N30 -> 5800000 | Q30: =P30-O30 -> -5800000
C31: Nộp phí sử dụng đường bộ xe 15C-070.63 | L31: 8485000 | O31: =H31+J31+K31+L31+M31+N31 -> 8485000 | Q31: =P31-O31 -> -8485000
C32: Kiểm định xe 15C-070.63 | L32: 610000 | O32: =H32+J32+K32+L32+M32+N32 -> 610000 | Q32: =P32-O32 -> -610000
C33: Kiểm định rơ mooc xe 15C-070.63 | L33: 230000 | O33: =H33+J33+K33+L33+M33+N33 -> 230000 | Q33: =P33-O33 -> -230000
C34: Dịch vụ đăng kiểm xe 15C-070.63 | L34: 500000 | O34: =H34+J34+K34+L34+M34+N34 -> 500000 | Q34: =P34-O34 -> -500000
C35: Thanh toán tiền sửa xe 15C-070.63 (sửa tổng hơi, thay 2 ống tuy ô cấp, thay 1 tổng mooc, thay 1 van khóa xả nước ở bình hơi mooc, công thợ) | L35: 1700000 | O35: =H35+J35+K35+L35+M35+N35 -> 1700000 | Q35: =P35-O35 -> -1700000
C36: Thanh toán tiền sửa xe 15C-070.63 ngày 9/8 (mua giảm sóc tải+công thay) | L36: 1300000 | O36: =H36+J36+K36+L36+M36+N36 -> 1300000 | Q36: =P36-O36 -> -1300000
C37: Thanh toán tiền sửa xe 15C-070.63 ngày 4/8 (mua côn mới, mua bi tỳ côn, mua đường hơi thừa má phanh, thay ống bàn áp+bi, bàn áp, láng mài, mua bi bánh đà, mua chân má phanh sau, công thợ, dầu bổ sung hộp số) | L37: 7270000 | O37: =H37+J37+K37+L37+M37+N37 -> 7270000 | Q37: =P37-O37 -> -7270000
C38: Thanh toán tiền dầu total rubia tir 208 lit | N38: =11900000/4 -> 2975000 | O38: =H38+J38+K38+L38+M38+N38 -> 2975000 | Q38: =P38-O38 -> -2975000
C39: Thanh toán tiền lọc nhớt xe 15C-070.63 | L39: 400000 | O39: =H39+J39+K39+L39+M39+N39 -> 400000 | Q39: =P39-O39 -> -400000
C40: Thanh toán tiền sửa nước làm mát xe 15C-070.63 ở Thanh Hóa ngày 30/9 | L40: 150000 | O40: =H40+J40+K40+L40+M40+N40 -> 150000 | Q40: =P40-O40 -> -150000
C41: Thanh toán tiền sửa xe 15C-070.63 ngày 29.9 (thay đui+bóng, công làm điện mooc+đầu) | L41: 150000 | O41: =H41+J41+K41+L41+M41+N41 -> 150000 | Q41: =P41-O41 -> -150000
C42: Phí gửi xe | L42: =1200000*1.1 -> 1320000 | O42: =H42+J42+K42+L42+M42+N42 -> 1320000 | Q42: =P42-O42 -> -1320000
C43: Lương lái xe | K43: 8307692 | O43: =H43+J43+K43+L43+M43+N43 -> 8307692 | Q43: =P43-O43 -> -8307692
A44: TỔNG CỘNG | G44: =SUM(G7:G43) -> 2414 | H44: =SUM(H7:H43) -> 39236410 | I44: =SUM(I7:I43) -> 0 | J44: =SUM(J7:J43) -> 26600000 | K44: =SUM(K7:K43) -> 8307692 | L44: =SUM(L7:L43) -> 22115000 | M44: =SUM(M7:M43) -> 5800000 | N44: =SUM(N7:N43) -> 2975000 | O44: =SUM(O7:O43) -> 105034102 | P44: =SUM(P8:P43) -> 129363636 | Q44: =SUM(Q7:Q43) -> 24329534
P46: LK = | Q46: ='8.2019'!Q49+'9.2019'!Q44 -> 2.3816838e+08

Sheet 10.2019
A1: Bảng theo dõi doanh thu/ chi phí theo phương tiện vận chuyển
A2: Biển số xe: 15C - 070.63
B3: THÁNG 10.2019
A5: STT | B5: Ngày tháng | C5: Diễn giải | D5: Số cont | E5: Tuyến đường vận chuyển | F5: Khoảng cách (km) | G5: Chi phí | O5: Tổng chi phí | P5: Cước vận chuyển | Q5: Lợi nhuận gộp
G6: Dầu (l) | H6: Dầu (đồng) | I6: Mức TTBQ | J6: Đi đường | K6: Lương lx | L6: Sửa chữa | M6: Lốp | N6: Dầu máy
A8: 1 | B8: 43739 | C8: Đóng hàng XK sáng 01/10 | D8: CSNU1675930 | E8: Yên Mỹ, Hưng Yên | G8: 210 | H8: =G8*16200 -> 3402000 | J8: 680000 | O8: =H8+J8+K8+L8+M8+N8 -> 4082000 | P8: 2800000 | Q8: =P8-O8 -> -1282000
A9: 2 | B9: 43740 | C9: Đóng hàng XK chiều 02/10 | D9: MRKU9690111 | E9: Phủ Lỗ, Sóc Sơn, Hà Nội | J9: =810000+220000 -> 1030000 | O9: =H9+J9+K9+L9+M9+N9 -> 1030000 | P9: 3200000 | Q9: =P9-O9 -> 2170000
A10: 3 | B10: 43741 | C10: Trả hàng + đóng hàng KH 03/10 | D10: CAIU2538595 | E10: Đông Anh, Hà Nội - Hà Nam | J10: 1380000 | O10: =H10+J10+K10+L10+M10+N10 -> 1380000 | P10: 5600000 | Q10: =P10-O10 -> 4220000
A11: 4 | B11: 43742 | C11: Đóng hàng vôi sáng 04/10 | D11: WHLU0705970 | E11: Phủ Lý, Hà Nam | G11: 200 | H11: =G11*16630 -> 3326000 | J11: 680000 | O11: =H11+J11+K11+L11+M11+N11 -> 4006000 | P11: 3800000 | Q11: =P11-O11 -> -206000
A12: 5 | B12: 43743 | C12: Trả hàng + đóng hàng KH 05/10 | D12: DRYU3095893 | E12: Trôi, Hà Nội - Tam Điệp, Ninh Bình | G12: 244 | H12: =G12*16630 -> 4057720 | J12: =1320000+60000 -> 1380000 | O12: =H12+J12+K12+L12+M12+N12 -> 5437720 | P12: 5800000 | Q12: =P12-O12 -> 362280
A13: 6 | B13: 43745 | C13: Trả hàng + đóng hàng KH 07/10 | D13: GAOU2111386 | E13: Yên Mỹ, Hưng Yên - Tam Điệp, Ninh Bình | J13: 1060000 | O13: =H13+J13+K13+L13+M13+N13 -> 1060000 | P13: 5200000 | Q13: =P13-O13 -> 4140000
A14: 7 | B14: 43746 | C14: Trả hàng + đóng hàng KH 08/10 | D14: DRYU3093519 | E14: Trôi, Hà Nội - Tam Điệp, Ninh Bình | G14: 260 | H14: =G14*16630 -> 4323800 | J14: 1380000 | O14: =H14+J14+K14+L14+M14+N14 -> 5703800 | P14: 5800000 | Q14: =P14-O14 -> 96200
A15: 8 | B15: 43748 | C15: Trả hàng + đóng hàng KH 10/10 | D15: GMDU2142136 | E15: Khoái Châu, Hưng Yên - Hà Nam | J15: 1060000 | O15: =H15+J15+K15+L15+M15+N15 -> 1060000 | P15: 5000000 | Q15: =P15-O15 -> 3940000
A16: 9 | B16: 43749 | C16: Trả hàng NK sáng 11/10 | D16: TRHU3936862 | E16: Yên Mỹ, Hưng Yên | G16: 186 | H16: =G16*16630 -> 3093180 | J16: 680000 | O16: =H16+J16+K16+L16+M16+N16 -> 3773180 | P16: 3100000 | Q16: =P16-O16 -> -673180
A17: 10 | B17: 43750 | C17: Đóng hàng chè sáng 12/10 | D17: WHSU2494043 | E17: Tân Lập, Mộc Châu, Sơn La | J17: 2470000 | O17: =H17+J17+K17+L17+M17+N17 -> 2470000 | P17: 13181818 | Q17: =P17-O17 -> 10711818
A18: 11 | B18: 43752 | C18: Trả hàng NK sáng 14/10 | D18: KMTU7448248 | E18: KCN Vân Trung, Bắc Giang | G18: 216 | H18: =G18*16630 -> 3592080 | J18: 930000 | O18: =H18+J18+K18+L18+M18+N18 -> 4522080 | P18: 3500000 | Q18: =P18-O18 -> -1022080
A19: 12 | B19: 43753 | C19: Trả hàng + đóng hàng KH 15/10 | D19: DRYU2924407 | E19: Yên Mỹ, Hưng Yên - Hà Nam | G19: 180 | H19: =G19*16630 -> 2993400 | J19: 1060000 | O19: =H19+J19+K19+L19+M19+N19 -> 4053400 | P19: 5000000 | Q19: =P19-O19 -> 946600
A20: 13 | B20: 43754 | C20: Trả hàng + đóng hàng KH 16/10 | D20: GMDU2401258 | E20: TP. Thái Nguyên - Hà Nam | J20: 1320000 | O20: =H20+J20+K20+L20+M20+N20 -> 1320000 | P20: 6300000 | Q20: =P20-O20 -> 4980000
A21: 14 | B21: 43755 | C21: Trả hàng + đóng hàng KH 17/10 | D21: GLDU5674721 | E21: Chương Mỹ, Hà Nội - Hà Nam | G21: 140 | H21: =G21*16220 -> 2270800 | J21: =1320000+60000 -> 1380000 | O21: =H21+J21+K21+L21+M21+N21 -> 3650800 | P21: 5600000 | Q21: =P21-O21 -> 1949200
A22: 15 | B22: 43756 | C22: Trả hàng NK sáng 18/10 | D22: CCLU3937080 | E22: TP. Hải Dương | J22: 540000 | O22: =H22+J22+K22+L22+M22+N22 -> 540000 | P22: 2700000 | Q22: =P22-O22 -> 2160000
A23: 16 | B23: 43757 | C23: Trả hàng + đóng hàng KH 19/10 | D23: GAOU2109373 | E23: Trôi, Hà Nội - Hà Nam | G23: 168 | H23: =G23*16220 -> 2724960 | J23: =1320000+60000 -> 1380000 | O23: =H23+J23+K23+L23+M23+N23 -> 4104960 | P23: 5600000 | Q23: =P23-O23 -> 1495040
A24: 17 | B24: 43760 | C24: Trả hàng + đóng hàng KH 22/10 | D24: TCKU1681682 | E24: Đức Giang, Long Biên, Hà Nội - Hà Nam | G24: 245 | H24: =G24*16220 -> 3973900 | J24: =1320000+60000 -> 1380000 | O24: =H24+J24+K24+L24+M24+N24 -> 5353900 | P24: 5500000 | Q24: =P24-O24 -> 146100
A25: 18 | B25: 43761 | C25: Trả hàng + đóng hàng KH 23/10 | D25: DRYU2852800 | E25: Trôi, Hà Nội - Hà Nam | H25: =G25*16220 -> 0 | J25: 1380000 | O25: =H25+J25+K25+L25+M25+N25 -> 1380000 | P25: 5600000 | Q25: =P25-O25 -> 4220000
A26: 19 | B26: 43762 | C26: Trả hàng NK sáng 24/10 | D26: IRNU1509275 | E26: Kho DDC, Hải Phòng | H26: =G26*16220 -> 0 | J26: 200000 | O26: =H26+J26+K26+L26+M26+N26 -> 200000 | P26: 1500000 | Q26: =P26-O26 -> 1300000
A27: 20 | B27: 43763 | C27: Trả hàng NK sáng 25/10 | D27: EGHU3925028 | E27: Yên Viên, Hà Nội | J27: 930000 | O27: =H27+J27+K27+L27+M27+N27 -> 930000 | P27: 3700000 | Q27: =P27-O27 -> 2770000
A28: 21 | B28: 43766 | C28: Trả hàng NK sáng 28/10 | D28: TEMU0431976 | E28: KCN Vân Trung, Bắc Giang | G28: 227 | H28: =G28*16220 -> 3681940 | J28: 930000 | O28: =H28+J28+K28+L28+M28+N28 -> 4611940 | P28: 3500000 | Q28: =P28-O28 -> -1111940
A29: 22 | B29: 43767 | C29: Trả hàng NK sáng 29/10 | D29: DFSU3011450 | E29: Tiền Trung, Hải Dương | G29: 110 | H29: =G29*16220 -> 1784200 | J29: 540000 | O29: =H29+J29+K29+L29+M29+N29 -> 2324200 | P29: 2800000 | Q29: =P29-O29 -> 475800
A30: 23 | B30: 43768 | C30: Đóng hàng chè sáng 30/10 | D30: WHSU2726133 | E30: TT Trần Phú, Văn Chấn, Yên Bái | J30: 1970000 | O30: =H30+J30+K30+L30+M30+N30 -> 1970000 | P30: 9545455 | Q30: =P30-O30 -> 7575455
A31: 24 | B31: 43769 | C31: Trả hàng + đóng hàng KH 31/10 | D31: TCKU2885016 | E31: Trôi, Hà Nội - Hà Nam | G31: 170 | H31: =G31*16220 -> 2757400 | J31: 1380000 | O31: =H31+J31+K31+L31+M31+N31 -> 4137400 | P31: 5600000 | Q31: =P31-O31 -> 1462600
C32: Thanh toán tiền sửa xe 15C-070.63 ngày 1.10 (tháo lắp thay ống cao su 15 cm, tháo lắp hàn ống nước, thay đai nước) | L32: 450000 | O32: =H32+J32+K32+L32+M32+N32 -> 450000 | Q32: =P32-O32 -> -450000
C33: Thanh toán tiền lốp BFGoodrich 11.00-20 xe 15C-070.63 | M33: 5800000 | O33: =H33+J33+K33+L33+M33+N33 -> 5800000 | Q33: =P33-O33 -> -5800000
C34: Thanh toán tiền sửa xe 15C-070.63 ngày 29/9 (cắt đắp dán composit khung xương cabo, bắt chỉnh, thay mi đèn pha, chế nắp, thay bánh răng mô tơ cửa kình, thay bạc khóa cửa, chế gạt mưa) | L34: 4500000 | O34: =H34+J34+K34+L34+M34+N34 -> 4500000 | Q34: =P34-O34 -> -4500000
C35: Thanh toán tiền sửa xe 15C-070.63 ngày 06/10 (tán má phanh mooc, gia công bạc gạt, mua mỡ moay ơ mooc, mua dầu rửa+rẻ, công thợ) | L35: 2500000 | O35: =H35+J35+K35+L35+M35+N35 -> 2500000 | Q35: =P35-O35 -> -2500000
C36: Phí gửi xe | L36: =1200000*1.1 -> 1320000 | O36: =H36+J36+K36+L36+M36+N36 -> 1320000 | Q36: =P36-O36 -> -1320000
C37: Lương lái xe | K37: 9000000 | O37: =H37+J37+K37+L37+M37+N37 -> 9000000 | Q37: =P37-O37 -> -9000000
A38: TỔNG CỘNG | G38: =SUM(G7:G37) -> 2556 | H38: =SUM(H7:H37) -> 41981380 | I38: =SUM(I7:I37) -> 0 | J38: =SUM(J7:J37) -> 27120000 | K38: =SUM(K7:K37) -> 9000000 | L38: =SUM(L7:L37) -> 8770000 | M38: =SUM(M7:M37) -> 5800000 | N38: =SUM(N7:N37) -> 0 | O38: =SUM(O7:O37) -> 92671380 | P38: =SUM(P8:P37) -> 119927273 | Q38: =SUM(Q7:Q37) -> 27255893
P40: LK = | Q40: ='9.2019'!Q46+'10.2019'!Q38 -> 2.6542428e+08

Sheet 11.2019
A1: Bảng theo dõi doanh thu/ chi phí theo phương tiện vận chuyển
A2: Biển số xe: 15C - 070.63
B3: THÁNG 11.2019
A5: STT | B5: Ngày tháng | C5: Diễn giải | D5: Số cont | E5: Tuyến đường vận chuyển | F5: Khoảng cách (km) | G5: Chi phí | O5: Tổng chi phí | P5: Cước vận chuyển | Q5: Lợi nhuận gộp
G6: Dầu (l) | H6: Dầu (đồng) | I6: Mức TTBQ | J6: Đi đường | K6: Lương lx | L6: Sửa chữa | M6: Lốp | N6: Dầu máy
A8: 1 | B8: 43771 | C8: Trả hàng NK sáng 02/11 | D8: CSLU1198249 | E8: Từ Sơn, Bắc Ninh | G8: 200 | H8: =G8*16050 -> 3210000 | J8: 930000 | O8: =H8+J8+K8+L8+M8+N8 -> 4140000 | P8: 3500000 | Q8: =P8-O8 -> -640000
A9: 2 | B9: 43773 | C9: Trả hàng + đóng hàng KH 04/11 | D9: VNLU3095574 | E9: Hoàng Mai, Hà Nội - Hà Nam | J9: 1320000 | O9: =H9+J9+K9+L9+M9+N9 -> 1320000 | P9: 5500000 | Q9: =P9-O9 -> 4180000
A10: 3 | B10: 43775 | C10: Trả hàng + đóng hàng KH 06/11 | D10: VNLU3098700 | E10: Nhổn, Hoài Đức, Hà Nội - Hà Nam | G10: 240 | H10: =G10*16050 -> 3852000 | J10: =1320000+60000 -> 1380000 | O10: =H10+J10+K10+L10+M10+N10 -> 5232000 | P10: 5600000 | Q10: =P10-O10 -> 368000
A11: 4 | B11: 43776 | C11: Trả hàng + đóng hàng KH 07/11 | D11: CXDU2039595 | E11: Lập Thạch, Vĩnh Phúc - Hà Nam | J11: 1320000 | O11: =H11+J11+K11+L11+M11+N11 -> 1320000 | P11: 6100000 | Q11: =P11-O11 -> 4780000
A12: 5 | B12: 43777 | C12: Trả hàng + đóng hàng KH 08/11 | D12: TCKU3353390 | E12: Ninh Hiệp, Hà Nội - Hà Nam | G12: 160 | H12: =G12*16050 -> 2568000 | J12: 1520000 | O12: =H12+J12+K12+L12+M12+N12 -> 4088000 | P12: 5500000 | Q12: =P12-O12 -> 1412000
A13: 6 | B13: 43778 | C13: Trả hàng + đóng hàng KH 09/11 | D13: TCLU3207073 | E13: Nhổn, Hoài Đức, Hà Nội - Hà Nam | G13: 240 | H13: =G13*16050 -> 3852000 | J13: =1320000 -> 1320000 | O13: =H13+J13+K13+L13+M13+N13 -> 5172000 | P13: 5600000 | Q13: =P13-O13 -> 428000
A14: 7 | B14: 43780 | C14: Đóng hàng chè sáng 11/11 | D14: WHSU2337189 | E14: Tân Lập, Mộc Châu, Sơn La | J14: 2470000 | O14: =H14+J14+K14+L14+M14+N14 -> 2470000 | P14: 13181818 | Q14: =P14-O14 -> 10711818
A15: 8 | B15: 43782 | C15: Trả hàng NK sáng 13/11 | D15: YMMU1014578 | E15: Long Biên, Hà Nội | G15: 210 | H15: =G15*16050 -> 3370500 | J15: =810000+60000 -> 870000 | O15: =H15+J15+K15+L15+M15+N15 -> 4240500 | P15: 3600000 | Q15: =P15-O15 -> -640500
A16: 9 | B16: 43783 | C16: Trả hàng NK sáng 14/11 | D16: WBPU2014456 | E16: KCN Phố Nối A, Hưng Yên | J16: 690000 | O16: =H16+J16+K16+L16+M16+N16 -> 690000 | P16: 3000000 | Q16: =P16-O16 -> 2310000
A17: 10 | B17: 43784 | C17: Trả hàng NK sáng 15/11 | D17: IMTU3070353 | E17: Trưng Trắc, Văn Lâm, Hưng Yên | J17: 690000 | O17: =H17+J17+K17+L17+M17+N17 -> 690000 | P17: 2700000 | Q17: =P17-O17 -> 2010000
A18: 11 | B18: 43785 | C18: Trả hàng NK sáng 16/11 | D18: CSNU1691798 | E18: Dương Liễu, Hoài Đức, Hà Nội | G18: 190 | H18: =G18*15960 -> 3032400 | J18: 870000 | O18: =H18+J18+K18+L18+M18+N18 -> 3902400 | P18: 4200000 | Q18: =P18-O18 -> 297600
A19: 12 | B19: 43787 | C19: Trả hàng + đóng hàng KH 18/11 | D19: GMDU2151499 | E19: Đồng Kỵ, Từ Sơn, Bắc Ninh - Hà Nam | J19: 1500000 | O19: =H19+J19+K19+L19+M19+N19 -> 1500000 | P19: 5520000 | Q19: =P19-O19 -> 4020000
A20: 13 | B20: 43789 | C20: Trả hàng + đóng hàng KH 20/11 | D20: DRYU3093756 | E20: Thọ Xuân, Thanh Hóa - Hà Nam | G20: 196 | H20: =G20*15960 -> 3128160 | J20: 1130000 | O20: =H20+J20+K20+L20+M20+N20 -> 4258160 | P20: 6400000 | Q20: =P20-O20 -> 2141840
A21: 14 | B21: 43790 | C21: Trả hàng + đóng hàng KH 21/11 | D21: GLDU5102460 | E21: Long Biên, Hà Nội - Hà Nam | G21: 150 | H21: =G21*15960 -> 2394000 | J21: 1320000 | O21: =H21+J21+K21+L21+M21+N21 -> 3714000 | P21: 5500000 | Q21: =P21-O21 -> 1786000
A22: 15 | B22: 43791 | C22: Đóng hàng XK sáng 22/11 | D22: CSLU2439417 | E22: Xuân Mai, Chương Mỹ, Hà Nội | G22: 204 | H22: =G22*15960 -> 3255840 | J22: 810000 | O22: =H22+J22+K22+L22+M22+N22 -> 4065840 | P22: 5000000 | Q22: =P22-O22 -> 934160
A23: 16 | B23: 43792 | C23: Đóng hàng sáng 23/11 | D23: HCVT0021 | E23: TP. Việt Trì, Phú Thọ | J23: 1250000 | O23: =H23+J23+K23+L23+M23+N23 -> 1250000 | P23: 5600000 | Q23: =P23-O23 -> 4350000
A24: 17 | B24: 43794 | C24: Trả hàng + đóng hàng KH 25/11 | D24: DRYU3095722 | E24: KCN Tân Trường, Hải Dương - Hà Nam | G24: 216 | H24: =G24*15960 -> 3447360 | J24: 1050000 | O24: =H24+J24+K24+L24+M24+N24 -> 4497360 | P24: 5000000 | Q24: =P24-O24 -> 502640
A25: 18 | B25: 43795 | C25: Đóng hàng chè sáng 26/11 | D25: WHSU2442517 | E25: TT Trần Phú, Văn Chấn, Yên Bái | J25: 1970000 | O25: =H25+J25+K25+L25+M25+N25 -> 1970000 | P25: 9545455 | Q25: =P25-O25 -> 7575455
A26: 19 | B26: 43796 | C26: Trả hàng + đóng hàng KH 27/11 | D26: GAOU2114488 | E26: Trôi, Hà Nội - Hà Nam | G26: 158 | H26: =G26*15960 -> 2521680 | J26: 1320000 | O26: =H26+J26+K26+L26+M26+N26 -> 3841680 | P26: 5600000 | Q26: =P26-O26 -> 1758320
A27: 20 | B27: 43797 | C27: Trả hàng + đóng hàng KH 28//11 | D27: GAOU2112295 | E27: Nhổn, Hoài Đức, Hà Nội - Hà Nam | J27: 1320000 | O27: =H27+J27+K27+L27+M27+N27 -> 1320000 | P27: 5600000 | Q27: =P27-O27 -> 4280000
A28: 21 | B28: 43798 | C28: Trả hàng + đóng hàng KH 29/11 | D28: TRHU1344777 | E28: Yên Mỹ, Hưng Yên - Hà Nam | G28: 255 | H28: =G28*15960 -> 4069800 | J28: 1050000 | O28: =H28+J28+K28+L28+M28+N28 -> 5119800 | P28: 5000000 | Q28: =P28-O28 -> -119800
A29: 22 | B29: 43799 | C29: Đóng hàng XK sáng 30/11 | D29: CSLU2438386 | E29: Xuân Mai, Chương Mỹ, Hà Nội | G29: 200 | H29: =G29*15960 -> 3192000 | J29: 810000 | O29: =H29+J29+K29+L29+M29+N29 -> 4002000 | P29: 5000000 | Q29: =P29-O29 -> 998000
C32: Thanh toán tiền sửa xe 15C-070.63 (bi 52*210 mê ri tơ) ngày 11/11 | L32: 2200000 | O32: =H32+J32+K32+L32+M32+N32 -> 2200000 | Q32: =P32-O32 -> -2200000
C33: Thanh toán tiền sửa xe 15C-070.63 (sửa xe trên Mộc Châu) | L33: 400000 | O33: =H33+J33+K33+L33+M33+N33 -> 400000 | Q33: =P33-O33 -> -400000
C34: Co ép lại đầu ống xe 15C-070.63 ngày 11/10 | L34: 200000 | O34: =H34+J34+K34+L34+M34+N34 -> 200000 | Q34: =P34-O34 -> -200000
C35: Phí gửi xe | L35: =1200000*1.1 -> 1320000 | O35: =H35+J35+K35+L35+M35+N35 -> 1320000 | Q35: =P35-O35 -> -1320000
C36: Lương lái xe | K36: 9000000 | O36: =H36+J36+K36+L36+M36+N36 -> 9000000 | Q36: =P36-O36 -> -9000000
A37: TỔNG CỘNG | G37: =SUM(G7:G36) -> 2619 | H37: =SUM(H7:H36) -> 41893740 | I37: =SUM(I7:I36) -> 0 | J37: =SUM(J7:J36) -> 26910000 | K37: =SUM(K7:K36) -> 9000000 | L37: =SUM(L7:L36) -> 4120000 | M37: =SUM(M7:M36) -> 0 | N37: =SUM(N7:N36) -> 0 | O37: =SUM(O7:O36) -> 81923740 | P37: =SUM(P8:P36) -> 122247273 | Q37: =SUM(Q7:Q36) -> 40323533
P39: LK = | Q39: ='10.2019'!Q40+'11.2019'!Q37 -> 3.0574781e+08

Sheet 12.2019
A1: Bảng theo dõi doanh thu/ chi phí theo phương tiện vận chuyển
A2: Biển số xe: 15C - 070.63
B3: THÁNG 12.2019
A5: STT | B5: Ngày tháng | C5: Diễn giải | D5: Số cont | E5: Tuyến đường vận chuyển | F5: Khoảng cách (km) | G5: Chi phí | O5: Tổng chi phí | P5: Cước vận chuyển | Q5: Lợi nhuận gộp
G6: Dầu (l) | H6: Dầu (đồng) | I6: Mức TTBQ | J6: Đi đường | K6: Lương lx | L6: Sửa chữa | M6: Lốp | N6: Dầu máy
A8: 1 | B8: 43801 | C8: Trả hàng NK 2/12 + đóng hàng KH 3/12 | D8: CCLU2995360 | E8: KCN VSIP Bắc Ninh - Hà Nam | J8: 1500000 | O8: =H8+J8+K8+L8+M8+N8 -> 1500000 | P8: 6800000 | Q8: =P8-O8 -> 5300000
A9: 2 | B9: 43803 | C9: Trả hàng + đóng hàng KH 04/12 | D9: DRYU3094921 | E9: Nhổn, Hà Nội - Hà Nam | G9: 240 | H9: =G9*15980 -> 3835200 | J9: 1320000 | O9: =H9+J9+K9+L9+M9+N9 -> 5155200 | P9: 5600000 | Q9: =P9-O9 -> 444800
A10: 3 | B10: 43804 | C10: Trả hàng + đóng hàng KH 05/12 | D10: GMDU2404642 | E10: TP. Việt Trì, Phú Thọ - Hà Nam | J10: 1750000 | O10: =H10+J10+K10+L10+M10+N10 -> 1750000 | P10: 8000000 | Q10: =P10-O10 -> 6250000
A11: 4 | B11: 43805 | C11: Trả hàng + đóng hàng KH 06/12 | D11: HJMU2110308 | E11: Thường Tín, Hà Nội - Hà Nam | G11: 150 | H11: =G11*15980 -> 2397000 | J11: 1320000 | O11: =H11+J11+K11+L11+M11+N11 -> 3717000 | P11: 5500000 | Q11: =P11-O11 -> 1783000
A12: 5 | B12: 43806 | C12: Đóng hàng sáng 07/12 | D12: TRHU1908305 | E12: Xuân Mai, Chương Mỹ, Hà Nội | J12: 810000 | O12: =H12+J12+K12+L12+M12+N12 -> 810000 | P12: 5363636 | Q12: =P12-O12 -> 4553636
A13: 6 | B13: 43808 | C13: Trả hàng + đóng hàng KH 09/12 | D13: DRYU3095281 | E13: Yên Mỹ, Hưng Yên - Hà Nam | G13: 233 | H13: =G13*15980 -> 3723340 | J13: 1050000 | O13: =H13+J13+K13+L13+M13+N13 -> 4773340 | P13: 5000000 | Q13: =P13-O13 -> 226660
A14: 7 | B14: 43809 | C14: Trả hàng NK sáng 10/12 | D14: CBHU4272436 | E14: Kiêu Kỵ, Gia Lâm, Hà Nội | J14: =810000+120000 -> 930000 | O14: =H14+J14+K14+L14+M14+N14 -> 930000 | P14: 3500000 | Q14: =P14-O14 -> 2570000
A15: 8 | B15: 43810 | C15: Trả hàng + đóng hàng KH 11/12 | D15: GLDU3702254 | E15: Kim Sơn, Ninh Bình - Hà Nam | G15: 190 | H15: =G15*15980 -> 3036200 | J15: 990000 | O15: =H15+J15+K15+L15+M15+N15 -> 4026200 | P15: 4900000 | Q15: =P15-O15 -> 873800
A16: 9 | B16: 43811 | C16: Trả hàng + đóng hàng KH 12/12 | D16: TTNU3568203 | E16: Ngọc Hồi, Hà Nội - Hà Nam | J16: 1320000 | O16: =H16+J16+K16+L16+M16+N16 -> 1320000 | P16: 5500000 | Q16: =P16-O16 -> 4180000
A17: 10 | B17: 43812 | C17: Trả hàng + đóng hàng KH 13/12 | D17: GMDU2181410 | E17: KCN Tân Trường, Hải Dương - Hà Nam | G17: 242 | H17: =G17*15980 -> 3867160 | J17: 1050000 | O17: =H17+J17+K17+L17+M17+N17 -> 4917160 | P17: 5000000 | Q17: =P17-O17 -> 82840
A18: 11 | B18: 43813 | C18: Trả hàng + đóng hàng KH 14/12 | D18: GMDU2180542 | E18: KCN Tân Trường, Hải Dương - Hà Nam | J18: 1050000 | O18: =H18+J18+K18+L18+M18+N18 -> 1050000 | P18: 5000000 | Q18: =P18-O18 -> 3950000
A19: 12 | B19: 43814 | C19: Đóng hàng XK sáng 15/12 | D19: ZIMU3059300 | E19: Xuân Mai, Chương Mỹ, Hà Nội | G19: 193 | H19: =G19*15980 -> 3084140 | J19: 810000 | O19: =H19+J19+K19+L19+M19+N19 -> 3894140 | P19: 5363636 | Q19: =P19-O19 -> 1469496
A20: 13 | B20: 43815 | C20: Trả hàng bình khí chiều 16/12 | D20: WFHU1354986 | E20: Kho DDC, Hải Phòng | J20: 1290000 | O20: =H20+J20+K20+L20+M20+N20 -> 1290000 | P20: 0 | Q20: =P20-O20 -> -1290000
A21: 14 | B21: 43816 | C21: Trả hàng bình khí sáng 17/12 | D21: WFHU1354986 | E21: Nghi Sơn, Thanh Hóa | J21: 0 | O21: =H21+J21+K21+L21+M21+N21 -> 0 | P21: 6818182 | Q21: =P21-O21 -> 6818182
A22: 15 | B22: 43817 | C22: Đóng hàng vỏ bình khí 18/12 | D22: WFHU1354986 | E22: Từ Liêm, Hà Nội - Củ Chi, HCM | J22: 950000 | O22: =H22+J22+K22+L22+M22+N22 -> 950000 | P22: 4300000 | Q22: =P22-O22 -> 3350000
A23: 16 | B23: 43819 | C23: Trả hàng + đóng hàng KH 20/12 | D23: GLDU3871613 | E23: Vĩnh Tường, Vĩnh Phúc - Hà Nam | G23: 270 | H23: =G23*16060 -> 4336200 | J23: 1580000 | O23: =H23+J23+K23+L23+M23+N23 -> 5916200 | P23: 6100000 | Q23: =P23-O23 -> 183800
A24: 17 | B24: 43820 | C24: Trả hàng + đóng hàng KH 21/12 | D24: GMDU2180516 | E24: KCN Tân Trường, Hải Dương - Hà Nam | J24: 1050000 | O24: =H24+J24+K24+L24+M24+N24 -> 1050000 | P24: 5000000 | Q24: =P24-O24 -> 3950000
A25: 18 | B25: 43822 | C25: Trả hàng + đóng hàng KH 23/12 | D25: GLDU5410729 | E25: Kim Sơn, Ninh Bình - Hà Nam | G25: 256 | H25: =G25*16060 -> 4111360 | J25: 990000 | O25: =H25+J25+K25+L25+M25+N25 -> 5101360 | P25: 4900000 | Q25: =P25-O25 -> -201360
A26: 19 | B26: 43823 | C26: Trả hàng + đóng hàng KH 24/12 | D26: TCLU2696004 | E26: Tĩnh Gia, Thanh Hóa - Hà Nam | J26: 1130000 | O26: =H26+J26+K26+L26+M26+N26 -> 1130000 | P26: 6600000 | Q26: =P26-O26 -> 5470000
A27: 20 | B27: 43824 | C27: Trả hàng NK sáng 25/12 | D27: CLHU3332818 | E27: KCN Đại Đồng, Bắc Ninh | G27: 265 | H27: =G27*16060 -> 4255900 | J27: 1230000 | O27: =H27+J27+K27+L27+M27+N27 -> 5485900 | P27: 3500000 | Q27: =P27-O27 -> -1985900
A28: 21 | B28: 43825 | C28: Đóng hàng KH sáng 26/12 | D28: CLHU3332818 | E28: Mỹ Hào, Hưng Yên | J28: 0 | O28: =H28+J28+K28+L28+M28+N28 -> 0 | P28: 2500000 | Q28: =P28-O28 -> 2500000
A29: 22 | B29: 43825 | C29: Đóng hàng XK chiều 26/12 | D29: MEDU5325911 | E29: Xuân Mai, Chương Mỹ, Hà Nội | J29: =810000+120000+310000 -> 1240000 | O29: =H29+J29+K29+L29+M29+N29 -> 1240000 | P29: 5363636 | Q29: =P29-O29 -> 4123636
B30: 43826 | C30: Đóng hàng XK sáng 27/12 | D30: UACU3376869 | E30: Xuân Mai, Chương Mỹ, Hà Nội | G30: 190 | H30: =G30*16060 -> 3051400 | J30: 810000 | O30: =H30+J30+K30+L30+M30+N30 -> 3861400 | P30: 5363636 | Q30: =P30-O30 -> 1502236
B31: 43827 | C31: Trả hàng NK sáng 28/12 | D31: DFSU2859365 | E31: Yên Viên, Hà Nội | J31: =810000+120000 -> 930000 | O31: =H31+J31+K31+L31+M31+N31 -> 930000 | P31: 4000000 | Q31: =P31-O31 -> 3070000
B32: 43830 | C32: Đóng hàng chè sáng 31/12 | D32: WHSU2033524 | E32: Mộc Châu, Sơn La | G32: 180 | H32: =G32*16060 -> 2890800 | J32: 2470000 | O32: =H32+J32+K32+L32+M32+N32 -> 5360800 | P32: 13181818 | Q32: =P32-O32 -> 7821018
G33: 200 | H33: =G33*16060 -> 3212000 | O33: =H33+J33+K33+L33+M33+N33 -> 3212000 | Q33: =P33-O33 -> -3212000
C34: Thanh toán tiền lốp xe 15C-070.63 3 lốp BGgoodrich 11.00-20 | M34: 17400000 | O34: =H34+J34+K34+L34+M34+N34 -> 17400000 | Q34: =P34-O34 -> -17400000
C35: Thanh toán tiền sửa xe 15C-070.63 ngày 16/12 (sửa tổng xả, điều tiết hơi: thay 1 cốc lọc khí, thay 1 bộ zoăng điều tiết; thay 1 van hơi 1 chiều, công thợ) | L35: 900000 | O35: =H35+J35+K35+L35+M35+N35 -> 900000 | Q35: =P35-O35 -> -900000
C36: Thanh toán tiền sửa xe 15C-070.63 ngày 19/12 (bảo dưỡng đề+máy phát, thay bi 305 máy phát, láng cổ đề) | L36: 900000 | O36: =H36+J36+K36+L36+M36+N36 -> 900000 | Q36: =P36-O36 -> -900000
C37: Thanh toán tiền sửa xe 15C-070.63 ngày 19/12 (đổi các 1 thân bơm hơi đóng lòng, thay 2 lá mía nắp bê) | L37: 2800000 | O37: =H37+J37+K37+L37+M37+N37 -> 2800000 | Q37: =P37-O37 -> -2800000
C38: Thanh toán tiền sửa xe 15C-070.63 ngày 13/12 (công thợ thay phớt lóc, mua dầu lái) | L38: 300000 | O38: =H38+J38+K38+L38+M38+N38 -> 300000 | Q38: =P38-O38 -> -300000
C39: Thay dầu nhớt Total Fleet HD500: 2 can 25L | N39: 3100000 | O39: =H39+J39+K39+L39+M39+N39 -> 3100000 | Q39: =P39-O39 -> -3100000
C40: Thanh toán tiền lọc nhớt P552100 xe 15C-070.63 | L40: 440000 | O40: =H40+J40+K40+L40+M40+N40 -> 440000 | Q40: =P40-O40 -> -440000
C41: Phí gửi xe | L41: =1200000*1.1 -> 1320000 | O41: =H41+J41+K41+L41+M41+N41 -> 1320000 | Q41: =P41-O41 -> -1320000
C42: Thưởng tết âm lịch | K42: 6000000 | O42: =H42+J42+K42+L42+M42+N42 -> 6000000 | Q42: =P42-O42 -> -6000000
C43: Lương lái xe | K43: 9346154 | O43: =H43+J43+K43+L43+M43+N43 -> 9346154 | Q43: =P43-O43 -> -9346154
A44: TỔNG CỘNG | G44: =SUM(G7:G43) -> 2609 | H44: =SUM(H7:H43) -> 41800700 | I44: =SUM(I7:I43) -> 0 | J44: =SUM(J7:J43) -> 27570000 | K44: =SUM(K7:K43) -> 15346154 | L44: =SUM(L7:L43) -> 6660000 | M44: =SUM(M7:M43) -> 17400000 | N44: =SUM(N7:N43) -> 3100000 | O44: =SUM(O7:O43) -> 111876854 | P44: =SUM(P8:P43) -> 133154544 | Q44: =SUM(Q7:Q43) -> 21277690
P46: LK = | Q46: ='11.2019'!Q39+'12.2019'!Q44 -> 3.270255e+08

Sheet 01.2020
A1: Bảng theo dõi doanh thu/ chi phí theo phương tiện vận chuyển
A2: Biển số xe: 15C - 070.63
B3: THÁNG 01.2020
A4: STT | B4: Ngày tháng | C4: Diễn giải | D4: Số cont | E4: Tuyến đường vận chuyển | F4: Khoảng cách (km) | G4: Chi phí | O4: Tổng chi phí | P4: Cước vận chuyển | Q4: Lợi nhuận gộp
G5: Dầu (l) | H5: Dầu (đồng) | I5: Mức TTBQ | J5: Đi đường | K5: Lương lx | L5: Sửa chữa | M5: Lốp | N5: Dầu máy
A7: 1 | B7: 43833 | C7: Trả hàng + đóng hàng KH 03/01 | D7: CAIU2845483 | E7: KCN Tây Bắc Ga, Thanh Hóa - Hà Nam | J7: 1130000 | O7: =H7+J7+K7+L7+M7+N7 -> 1130000 | P7: 6400000 | Q7: =P7-O7 -> 5270000
A8: 2 | B8: 43834 | C8: Trả hàng NK sáng 04/01 | D8: OOLU1255512 | E8: KCN Đại Đồng, Bắc Ninh | G8: 220 | H8: =G8*16590 -> 3649800 | J8: 930000 | O8: =H8+J8+K8+L8+M8+N8 -> 4579800 | P8: 3500000 | Q8: =P8-O8 -> -1079800
A9: 3 | B9: 43836 | C9: Đóng hàng XK sáng 06/01 | D9: UACU3892377 | E9: Xuân Mai, Chương Mỹ, Hà Nội | J9: 810000 | O9: =H9+J9+K9+L9+M9+N9 -> 810000 | P9: 5363636 | Q9: =P9-O9 -> 4553636
A10: 4 | B10: 43837 | C10: Trả hàng NK sáng 07/01 | D10: YMMU1057570 | E10: KCN VSIP Bắc Ninh | J10: =930000+300000 -> 1230000 | O10: =H10+J10+K10+L10+M10+N10 -> 1230000 | P10: 3500000 | Q10: =P10-O10 -> 2270000
A11: 5 | B11: 43838 | C11: Đóng hàng KH sáng 08/01 | D11: YMMU1057570 | E11: KCN Phố Nối, Hưng Yên | J11: 0 | O11: =H11+J11+K11+L11+M11+N11 -> 0 | P11: 2500000 | Q11: =P11-O11 -> 2500000
A12: 6 | B12: 43839 | C12: Đóng hàng XK sáng 09/01 | D12: CSNU1190245 | E12: Xuân Mai, Chương Mỹ, Hà Nội | G12: 202 | H12: =G12*16590 -> 3351180 | J12: 810000 | O12: =H12+J12+K12+L12+M12+N12 -> 4161180 | P12: 5000000 | Q12: =P12-O12 -> 838820
A13: 7 | B13: 43840 | C13: Trả hàng NK sáng 10/01 | D13: BISU2830405 | E13: KCN Phố Nối A, Hưng Yên | J13: =990000-300000 -> 690000 | O13: =H13+J13+K13+L13+M13+N13 -> 690000 | P13: 2900000 | Q13: =P13-O13 -> 2210000
A14: 8 | B14: 43842 | C14: Đóng hàng XK sáng 12/01 | D14: FCIU3599675 | E14: Xuân Mai, Chương Mỹ, Hà Nội | J14: 810000 | O14: =H14+J14+K14+L14+M14+N14 -> 810000 | P14: 5363636 | Q14: =P14-O14 -> 4553636
A15: 9 | B15: 43843 | C15: Đóng hàng vôi sáng 13/01 | D15: YMMU1069441 | E15: Phủ Lý, Hà Nam | G15: 268 | H15: =G15*16590 -> 4446120 | J15: 680000 | O15: =H15+J15+K15+L15+M15+N15 -> 5126120 | P15: 3800000 | Q15: =P15-O15 -> -1326120
A16: 10 | B16: 43844 | C16: Đóng hàng XK sáng 14/01 | D16: UACU4016893 | E16: Xuân Mai, Chương Mỹ, Hà Nội | J16: 810000 | O16: =H16+J16+K16+L16+M16+N16 -> 810000 | P16: 5363636 | Q16: =P16-O16 -> 4553636
A17: 11 | B17: 43845 | C17: Trả hàng NK sáng 15/01 | D17: EITU3052172 | E17: Thượng Thanh, Long Biên, Hà Nội | G17: 200 | H17: =G17*16590 -> 3318000 | J17: =810000+60000 -> 870000 | O17: =H17+J17+K17+L17+M17+N17 -> 4188000 | P17: 3500000 | Q17: =P17-O17 -> -688000
A18: 12 | B18: 43846 | C18: Trả hàng NK sáng 16/01 | D18: EGHU3740180 | E18: KCN Đại Đồng, Bắc Ninh | J18: 1230000 | O18: =H18+J18+K18+L18+M18+N18 -> 1230000 | P18: 3500000 | Q18: =P18-O18 -> 2270000
A19: 13 | B19: 43847 | C19: Đóng hàng KH sáng 17/01 | D19: EGHU3740180 | E19: KCN Phố Nối, Hưng Yên | J19: 0 | O19: =H19+J19+K19+L19+M19+N19 -> 0 | P19: 2500000 | Q19: =P19-O19 -> 2500000
A20: 14 | B20: 43848 | C20: Đóng hàng vôi sáng 18/01 | D20: TRHU3558823 | E20: Phủ Lý, Hà Nam | J20: 680000 | O20: =H20+J20+K20+L20+M20+N20 -> 680000 | P20: 3800000 | Q20: =P20-O20 -> 3120000
A21: 15 | B21: 43849 | C21: Đóng hàng XK sáng 19/01 | D21: CLHU3849170 | E21: Xuân Mai, Chương Mỹ, Hà Nội | G21: 276 | H21: =G21*16540 -> 4565040 | J21: 810000 | O21: =H21+J21+K21+L21+M21+N21 -> 5375040 | P21: 5363636 | Q21: =P21-O21 -> -11404
A22: 16 | B22: 43861 | C22: Trả hàng + đóng hàng KH 31/01 | D22: GLDU5617280 | E22: TP. Thanh Hóa - Hà Nam | G22: 268 | H22: =G22*16540 -> 4432720 | J22: 1190000 | O22: =H22+J22+K22+L22+M22+N22 -> 5622720 | P22: 7500000 | Q22: =P22-O22 -> 1877280
O23: =H23+J23+K23+L23+M23+N23 -> 0 | Q23: =P23-O23 -> 0
C24: Phí gửi xe | L24: =1200000*1.1 -> 1320000 | O24: =H24+J24+K24+L24+M24+N24 -> 1320000 | Q24: =P24-O24 -> -1320000
C25: Lì xì tết | K25: 300000 | O25: =H25+J25+K25+L25+M25+N25 -> 300000 | Q25: =P25-O25 -> -300000
C26: Lương lái xe | K26: 5192308 | O26: =H26+J26+K26+L26+M26+N26 -> 5192308 | Q26: =P26-O26 -> -5192308
A27: TỔNG CỘNG | G27: =SUM(G6:G26) -> 1434 | H27: =SUM(H6:H26) -> 23762860 | I27: =SUM(I6:I26) -> 0 | J27: =SUM(J6:J26) -> 12680000 | K27: =SUM(K6:K26) -> 5492308 | L27: =SUM(L6:L26) -> 1320000 | M27: =SUM(M6:M26) -> 0 | N27: =SUM(N6:N26) -> 0 | O27: =SUM(O6:O26) -> 43255168 | P27: =SUM(P7:P26) -> 69854544 | Q27: =SUM(Q6:Q26) -> 26599376
P29: LK = | Q29: =Q27 -> 26599376

Sheet 02.2020
A1: Bảng theo dõi doanh thu/ chi phí theo phương tiện vận chuyển
A2: Biển số xe: 15C - 070.63
B3: THÁNG 02.2020
A5: STT | B5: Ngày tháng | C5: Diễn giải | D5: Số cont | E5: Tuyến đường vận chuyển | F5: Khoảng cách (km) | G5: Chi phí | O5: Tổng chi phí | P5: Cước vận chuyển | Q5: Lợi nhuận gộp
G6: Dầu (l) | H6: Dầu (đồng) | I6: Mức TTBQ | J6: Đi đường | K6: Lương lx | L6: Sửa chữa | M6: Lốp | N6: Dầu máy
A8: 1 | B8: 43864 | C8: Đóng hàng XK sáng 03/02 | D8: CAIU2543230 | E8: Xuân Mai, Chương Mỹ, Hà Nội | J8: =810000+120000 -> 930000 | O8: =H8+J8+K8+L8+M8+N8 -> 930000 | P8: 5000000 | Q8: =P8-O8 -> 4070000
A9: 2 | B9: 43865 | C9: Trả hàng NK sáng 04/02 | D9: HLXU1345420 | E9: Thuận Thành, Bắc Ninh | H9: =G9*16130 -> 0 | J9: 690000 | O9: =H9+J9+K9+L9+M9+N9 -> 690000 | P9: 3000000 | Q9: =P9-O9 -> 2310000
B10: 43866 | C10: Trả hàng NK sáng 05/02 | D10: YMLU3382889 | E10: KCN VSIP, Bắc Ninh | H10: =G10*16130 -> 0 | J10: 1230000 | O10: =H10+J10+K10+L10+M10+N10 -> 1230000 | P10: 3500000 | Q10: =P10-O10 -> 2270000
B11: 43867 | C11: Đóng hàng KH sáng 06/02 | D11: YMLU3382889 | E11: KCN Phố Nối, Hưng Yên | H11: =G11*16130 -> 0 | J11: 0 | O11: =H11+J11+K11+L11+M11+N11 -> 0 | P11: 2400000 | Q11: =P11-O11 -> 2400000
B12: 43871 | C12: Trả hàng NK sáng 10/02 | D12: SKLU1554689 | E12: Bình Giang, Hải Dương | G12: 260 | H12: =G12*16130 -> 4193800 | J12: =1090000+140000 -> 1230000 | O12: =H12+J12+K12+L12+M12+N12 -> 5423800 | P12: 2700000 | Q12: =P12-O12 -> -2723800
B13: 43872 | C13: Đóng hàng KH sáng 11/02 | D13: SKLU1554689 | E13: KCN Phố Nối A, Hưng Yên | H13: =G13*16130 -> 0 | J13: 0 | O13: =H13+J13+K13+L13+M13+N13 -> 0 | P13: 2750000 | Q13: =P13-O13 -> 2750000
B14: 43872 | C14: Đóng hàng phân chiều 11/02 | D14: MSKU7242790 | E14: Hoa Lư, Ninh Bình | H14: =G14*16130 -> 0 | J14: 680000 | O14: =H14+J14+K14+L14+M14+N14 -> 680000 | P14: 3200000 | Q14: =P14-O14 -> 2520000
B15: 43873 | C15: Đóng hàng phân lân sáng 12/02 | D15: MSKU2753122 | E15: Hoa Lư, Ninh Bình | H15: =G15*16130 -> 0 | J15: 680000 | O15: =H15+J15+K15+L15+M15+N15 -> 680000 | P15: 3200000 | Q15: =P15-O15 -> 2520000
B16: 43874 | C16: Trả hàng + đóng hàng KH 13/02 | D16: TTNU3721890 | E16: Trưng Trắc, Văn Lâm, Hưng Yên - Hà Nam | G16: 260 | H16: =G16*16130 -> 4193800 | J16: 1050000 | O16: =H16+J16+K16+L16+M16+N16 -> 5243800 | P16: 5400000 | Q16: =P16-O16 -> 156200
B17: 43875 | C17: Trả hàng + đóng hàng KH 14/02 | D17: TCKU2768128 | E17: Từ Sơn, Bắc Ninh - Phố Nối, Hưng Yên | J17: =1500000-270000 -> 1230000 | O17: =H17+J17+K17+L17+M17+N17 -> 1230000 | P17: 4900000 | Q17: =P17-O17 -> 3670000
B18: 43878 | C18: Đóng hàng phân sáng 17/02 | D18: HMCU3071179 | E18: Hoa Lư, Ninh Bình | G18: 210 | H18: =G18*15170 -> 3185700 | J18: 680000 | O18: =H18+J18+K18+L18+M18+N18 -> 3865700 | P18: 3200000 | Q18: =P18-O18 -> -665700
B19: 43879 | C19: Đóng hàng phân sáng 18/02 | D19: MSKU5101257 | E19: Hoa Lư, Ninh Bình | H19: =G19*15170 -> 0 | J19: 680000 | O19: =H19+J19+K19+L19+M19+N19 -> 680000 | P19: 3200000 | Q19: =P19-O19 -> 2520000
B20: 43880 | C20: Đóng hàng phân sáng 19/02 | D20: MSKU7459379 | E20: Hoa Lư, Ninh Bình | H20: =G20*15170 -> 0 | J20: 680000 | O20: =H20+J20+K20+L20+M20+N20 -> 680000 | P20: 3200000 | Q20: =P20-O20 -> 2520000
A21: 3 | B21: 43881 | C21: Đóng hàng phân sáng 20/02 | D21: MRKU7308046 | E21: Hoa Lư, Ninh Bình | G21: 255 | H21: =G21*15170 -> 3868350 | J21: 680000 | O21: =H21+J21+K21+L21+M21+N21 -> 4548350 | P21: 3200000 | Q21: =P21-O21 -> -1348350
A22: 4 | B22: 21/2/20 | C22: Trả hàng NK chiều 21/02 | D22: FCIU5610942 | E22: Phù Long, Cát Hải, Hải Phòng | H22: =G22*15170 -> 0 | J22: 450000 | O22: =H22+J22+K22+L22+M22+N22 -> 450000 | P22: 2500000 | Q22: =P22-O22 -> 2050000
A23: 5 | B23: 43883 | C23: Trả hàng NK sáng 22/02 | D23: TSLU0218141 | E23: Phù Long, Cát Hải, Hải Phòng | H23: =G23*15170 -> 0 | J23: 450000 | O23: =H23+J23+K23+L23+M23+N23 -> 450000 | P23: 2500000 | Q23: =P23-O23 -> 2050000
A24: 6 | B24: 43885 | C24: Đóng hàng phân sáng 24/02 | D24: EISU2207445 | E24: Hoa Lư, Ninh Bình | H24: =G24*15170 -> 0 | J24: 680000 | O24: =H24+J24+K24+L24+M24+N24 -> 680000 | P24: 3200000 | Q24: =P24-O24 -> 2520000
A25: 7 | B25: 43886 | C25: Đóng hàng phân sáng 25/02 | D25: EITU0407108 | E25: Hoa Lư, Ninh Bình | G25: 230 | H25: =G25*15170 -> 3489100 | J25: 680000 | O25: =H25+J25+K25+L25+M25+N25 -> 4169100 | P25: 3200000 | Q25: =P25-O25 -> -969100
A26: 8 | B26: 43887 | C26: Đóng hàng phân sáng 26/02 | D26: TGCU2018501 | E26: Hoa Lư, Ninh Bình | H26: =G26*15170 -> 0 | J26: 680000 | O26: =H26+J26+K26+L26+M26+N26 -> 680000 | P26: 3200000 | Q26: =P26-O26 -> 2520000
A27: 9 | B27: 43888 | C27: Trả hàng NK sáng 27/02 | D27: EISU3886572 | E27: KCN Đại Đồng, Bắc Ninh | H27: =G27*15170 -> 0 | J27: 930000 | O27: =H27+J27+K27+L27+M27+N27 -> 930000 | P27: 3500000 | Q27: =P27-O27 -> 2570000
A28: 10 | B28: 43889 | C28: Trả hàng + đóng hàng KH 28/02 | D28: TCKU3247926 | E28: Thuận Thành, Bắc Ninh - Thái Nguyên | G28: 256 | H28: =G28*15170 -> 3883520 | J28: 1230000 | O28: =H28+J28+K28+L28+M28+N28 -> 5113520 | P28: 6000000 | Q28: =P28-O28 -> 886480
O29: =H29+J29+K29+L29+M29+N29 -> 0 | Q29: =P29-O29 -> 0
C30: Phí gửi xe | L30: =1200000*1.1 -> 1320000 | O30: =H30+J30+K30+L30+M30+N30 -> 1320000 | Q30: =P30-O30 -> -1320000
C31: Lương lái xe | K31: 8653846 | O31: =H31+J31+K31+L31+M31+N31 -> 8653846 | Q31: =P31-O31 -> -8653846
A32: TỔNG CỘNG | G32: =SUM(G7:G31) -> 1471 | H32: =SUM(H7:H31) -> 22814270 | I32: =SUM(I7:I31) -> 0 | J32: =SUM(J7:J31) -> 15540000 | K32: =SUM(K7:K31) -> 8653846 | L32: =SUM(L7:L31) -> 1320000 | M32: =SUM(M7:M31) -> 0 | N32: =SUM(N7:N31) -> 0 | O32: =SUM(O7:O31) -> 48328116 | P32: =SUM(P8:P31) -> 72950000 | Q32: =SUM(Q7:Q31) -> 24621884
P34: LK = | Q34: ='01.2020'!Q29+'02.2020'!Q32 -> 51221260

Sheet 03.2020
A1: Bảng theo dõi doanh thu/ chi phí theo phương tiện vận chuyển
A2: Biển số xe: 15C - 070.63
B3: THÁNG 03.2020
A4: STT | B4: Ngày tháng | C4: Diễn giải | D4: Số cont | E4: Tuyến đường vận chuyển | F4: Khoảng cách (km) | G4: Chi phí | O4: Tổng chi phí | P4: Cước vận chuyển | Q4: Lợi nhuận gộp
G5: Dầu (l) | H5: Dầu (đồng) | I5: Mức TTBQ | J5: Đi đường | K5: Lương lx | L5: Sửa chữa | M5: Lốp | N5: Dầu máy
A7: 1 | B7: 43891 | C7: Đóng hàng phân sáng 01/03 | D7: EISU2011196 | E7: Hoa Lư, Ninh Bình | J7: 680000 | O7: =H7+J7+K7+L7+M7+N7 -> 680000 | P7: 3200000 | Q7: =P7-O7 -> 2520000
A8: 2 | B8: 43892 | C8: Đóng hàng phân sáng 02/03 | D8: EISU3882772 | E8: Hoa Lư, Ninh Bình | G8: 220 | H8: =G8*14780 -> 3251600 | J8: 680000 | O8: =H8+J8+K8+L8+M8+N8 -> 3931600 | P8: 3200000 | Q8: =P8-O8 -> -731600
A9: 3 | B9: 43893 | C9: Đóng hàng phân sáng 03/03 | D9: TEMU0625246 | E9: Hoa Lư, Ninh Bình | H9: =G9*14780 -> 0 | J9: 680000 | O9: =H9+J9+K9+L9+M9+N9 -> 680000 | P9: 3200000 | Q9: =P9-O9 -> 2520000
A10: 4 | B10: 43894 | C10: Đóng hàng phân sáng 04/03 | D10: MSKU7921770 | E10: Hoa Lư, Ninh Bình | H10: =G10*14780 -> 0 | J10: 680000 | O10: =H10+J10+K10+L10+M10+N10 -> 680000 | P10: 3200000 | Q10: =P10-O10 -> 2520000
A11: 5 | B11: 43895 | C11: Đóng hàng phân sáng 05/03 | D11: MRKU8897608 | E11: Hoa Lư, Ninh Bình | G11: 285 | H11: =G11*14780 -> 4212300 | J11: 680000 | O11: =H11+J11+K11+L11+M11+N11 -> 4892300 | P11: 3200000 | Q11: =P11-O11 -> -1692300
A12: 6 | B12: 43896 | C12: Đóng hàng phân sáng 06/03 | D12: MSKU7042261 | E12: Hoa Lư, Ninh Bình | H12: =G12*14780 -> 0 | J12: 680000 | O12: =H12+J12+K12+L12+M12+N12 -> 680000 | P12: 3200000 | Q12: =P12-O12 -> 2520000
A13: 7 | B13: 43897 | C13: Đóng hàng phân sáng 07/03 | D13: MRKU9501460 | E13: Hoa Lư, Ninh Bình | G13: 290 | H13: =G13*14780 -> 4286200 | J13: 680000 | O13: =H13+J13+K13+L13+M13+N13 -> 4966200 | P13: 3200000 | Q13: =P13-O13 -> -1766200
A14: 8 | B14: 43899 | C14: Đóng hàng XK sáng 09/03 | D14: FCIU5569540 | E14: Xuân Mai, Chương Mỹ, Hà Nội | G14: 86 | H14: =G14*14780 -> 1271080 | J14: 810000 | O14: =H14+J14+K14+L14+M14+N14 -> 2081080 | P14: 5000000 | Q14: =P14-O14 -> 2918920
A15: 9 | B15: 43900 | C15: Trả hàng NK sáng 10/03 | D15: CAIU6097097 | E15: Mộc Châu, Sơn La | H15: =G15*14780 -> 0 | J15: 2670000 | O15: =H15+J15+K15+L15+M15+N15 -> 2670000 | P15: 13181818 | Q15: =P15-O15 -> 10511818
A16: 10 | B16: 43900 | C16: Trả hàng NK sáng 10/03 | D16: LCL | E16: Vân Hồ, Sơn La | H16: =G16*14780 -> 0 | J16: 0 | O16: =H16+J16+K16+L16+M16+N16 -> 0 | P16: 500000 | Q16: =P16-O16 -> 500000
A17: 11 | B17: 43901 | C17: Đóng hàng phân sáng 11/03 | D17: BSIU2515553 | E17: Hoa Lư, Ninh Bình | G17: 210 | H17: =G17*14780 -> 3103800 | J17: 680000 | O17: =H17+J17+K17+L17+M17+N17 -> 3783800 | P17: 3200000 | Q17: =P17-O17 -> -583800
A18: 12 | B18: 43902 | C18: Đóng hàng phân sáng 12/03 | D18: EISU2061176 | E18: Hoa Lư, Ninh Bình | H18: =G18*14780 -> 0 | J18: 680000 | O18: =H18+J18+K18+L18+M18+N18 -> 680000 | P18: 3200000 | Q18: =P18-O18 -> 2520000
A19: 13 | B19: 43903 | C19: Trả hàng NK sáng 13/03 | D19: TGBU2059066 | E19: KCN VSIP Bắc Ninh | G19: 270 | H19: =G19*14780 -> 3990600 | J19: 930000 | O19: =H19+J19+K19+L19+M19+N19 -> 4920600 | P19: 3500000 | Q19: =P19-O19 -> -1420600
A20: 14 | B20: 43905 | C20: Đóng hàng phân sáng 15/03 | D20: TEMU5917528 | E20: Hoa Lư, Ninh Bình | J20: 680000 | O20: =H20+J20+K20+L20+M20+N20 -> 680000 | P20: 3200000 | Q20: =P20-O20 -> 2520000
A21: 15 | B21: 43906 | C21: Đóng hàng phân sáng 16/03 | D21: EITU0050751 | E21: Hoa Lư, Ninh Bình | J21: 680000 | O21: =H21+J21+K21+L21+M21+N21 -> 680000 | P21: 3200000 | Q21: =P21-O21 -> 2520000
A22: 16 | B22: 43907 | C22: Đóng hàng phân sáng 17/03 | D22: DFSU1345551 | E22: Hoa Lư, Ninh Bình | G22: 195 | H22: =G22*13030 -> 2540850 | J22: 680000 | O22: =H22+J22+K22+L22+M22+N22 -> 3220850 | P22: 3200000 | Q22: =P22-O22 -> -20850
A23: 17 | B23: 43908 | C23: Đóng hàng phân sáng 18/03 | D23: EISU2202459 | E23: Hoa Lư, Ninh Bình | H23: =G23*13030 -> 0 | J23: 680000 | O23: =H23+J23+K23+L23+M23+N23 -> 680000 | P23: 4000000 | Q23: =P23-O23 -> 3320000
A24: 18 | B24: 43911 | C24: Trả hàng NK sáng 21/03 | D24: BEAU2420421 | E24: Thạch Thất, Hà Nội | G24: 196 | H24: =G24*13030 -> 2553880 | J24: =870000+60000 -> 930000 | O24: =H24+J24+K24+L24+M24+N24 -> 3483880 | P24: 3700000 | Q24: =P24-O24 -> 216120
A25: 19 | B25: 43912 | C25: Đóng hàng phân sáng 22/03 | D25: HMCU3083441 | E25: Hoa Lư, Ninh Bình | H25: =G25*13030 -> 0 | J25: 680000 | O25: =H25+J25+K25+L25+M25+N25 -> 680000 | P25: 3200000 | Q25: =P25-O25 -> 2520000
A26: 20 | B26: 43913 | C26: Đóng hàng phân sáng 23/03 | D26: DRYU2261259 | E26: Hoa Lư, Ninh Bình | H26: =G26*13030 -> 0 | J26: 680000 | O26: =H26+J26+K26+L26+M26+N26 -> 680000 | P26: 3200000 | Q26: =P26-O26 -> 2520000
A27: 21 | B27: 43914 | C27: Đóng hàng phân sáng 24/03 | D27: MSKU7033275 | E27: Hoa Lư, Ninh Bình | G27: 296 | H27: =G27*13030 -> 3856880 | J27: 680000 | O27: =H27+J27+K27+L27+M27+N27 -> 4536880 | P27: 3200000 | Q27: =P27-O27 -> -1336880
A28: 22 | B28: 43915 | C28: Đóng hàng phân sáng 25/03 | D28: MSKU5686408 | E28: Hoa Lư, Ninh Bình | H28: =G28*13030 -> 0 | J28: 680000 | O28: =H28+J28+K28+L28+M28+N28 -> 680000 | P28: 3200000 | Q28: =P28-O28 -> 2520000
A29: 23 | B29: 43916 | C29: Trả hàng NK sáng 26/03 | D29: TEMU0334493 | E29: Thạch Thất, Hà Nội | G29: 285 | H29: =G29*13030 -> 3713550 | J29: 810000 | O29: =H29+J29+K29+L29+M29+N29 -> 4523550 | P29: 3700000 | Q29: =P29-O29 -> -823550
A30: 24 | B30: 43917 | C30: Trả hàng NK sáng 27/03 | D30: SGRU2042927 | E30: Lóng Luông, Vân Hồ, Sơn La | J30: 2470000 | O30: =H30+J30+K30+L30+M30+N30 -> 2470000 | P30: 13000000 | Q30: =P30-O30 -> 10530000
A31: 25 | B31: 43920 | C31: Trả hàng NK sáng 30/03 | D31: CSLU1564040 | E31: KCN VSIP Bắc Ninh | J31: 930000 | O31: =H31+J31+K31+L31+M31+N31 -> 930000 | P31: 3500000 | Q31: =P31-O31 -> 2570000
A32: 26 | B32: 43921 | C32: Trả hàng NK sáng 31/03 | D32: TRHU3876758 | E32: KCN VSIP Bắc Ninh | G32: =240+68 -> 308 | H32: =G32*11250 -> 3465000 | J32: 930000 | O32: =H32+J32+K32+L32+M32+N32 -> 4395000 | P32: 3300000 | Q32: =P32-O32 -> -1095000
O33: =H33+J33+K33+L33+M33+N33 -> 0 | Q33: =P33-O33 -> 0
C34: Phí gửi xe | L34: =1200000*1.1 -> 1320000 | O34: =H34+J34+K34+L34+M34+N34 -> 1320000 | Q34: =P34-O34 -> -1320000
C35: Nộp phí sử dụng đường bộ xe 15C-070.63 | L35: 8580000 | O35: =H35+J35+K35+L35+M35+N35 -> 8580000 | Q35: =P35-O35 -> -8580000
C36: Nộp phí kiểm định xe 15C-070.63 | L36: 610000 | O36: =H36+J36+K36+L36+M36+N36 -> 610000 | Q36: =P36-O36 -> -610000
C37: Phí dịch vụ đăng kiểm 15C-070.63 | L37: 300000 | O37: =H37+J37+K37+L37+M37+N37 -> 300000 | Q37: =P37-O37 -> -300000
C38: Thanh toán tiền sửa xe 15C-070.63 (thay bóng pha, thay đui pha nhỏ, thay đèn hậu đầu kéo, thay bóng xi nhan mỹ, kiểm tra sửa điện) ngày 5/3 | L38: 410000 | O38: =H38+J38+K38+L38+M38+N38 -> 410000 | Q38: =P38-O38 -> -410000
C39: Thanh toán tiền mua bát phanh xe 15C-070.63 | L39: 120000 | O39: =H39+J39+K39+L39+M39+N39 -> 120000 | Q39: =P39-O39 -> -120000
C40: Thanh toán tiền sửa xe 15C-070.63 (làm cap bô) ngày 9.3 | L40: 600000 | O40: =H40+J40+K40+L40+M40+N40 -> 600000 | Q40: =P40-O40 -> -600000
C41: Anh Phụng thanh toán tiền sửa xe 15C-070.63 ngày 14/3 (ống lạnh hàn co đầu áo ép, ga lạnh, công thợ) | L41: 1600000 | O41: =H41+J41+K41+L41+M41+N41 -> 1600000 | Q41: =P41-O41 -> -1600000
C42: Anh Phụng thanh toán tiền sửa xe 15C-070.63 ngày 5/3 (tán má phanh cầu sau, đầu kéo, công thợ, thay lò xo ) | L42: 740000 | O42: =H42+J42+K42+L42+M42+N42 -> 740000 | Q42: =P42-O42 -> -740000
C43: Mua dây 8PK 1470 cho xe 15C-070.63 ngày 14/3 | L43: 200000 | O43: =H43+J43+K43+L43+M43+N43 -> 200000 | Q43: =P43-O43 -> -200000
C44: Lương lái xe | K44: 9000000 | O44: =H44+J44+K44+L44+M44+N44 -> 9000000 | Q44: =P44-O44 -> -9000000
A45: TỔNG CỘNG | G45: =SUM(G6:G44) -> 2641 | H45: =SUM(H6:H44) -> 36245740 | I45: =SUM(I6:I44) -> 0 | J45: =SUM(J6:J44) -> 22040000 | K45: =SUM(K6:K44) -> 9000000 | L45: =SUM(L6:L44) -> 14480000 | M45: =SUM(M6:M44) -> 0 | N45: =SUM(N6:N44) -> 0 | O45: =SUM(O6:O44) -> 81765740 | P45: =SUM(P7:P44) -> 104581818 | Q45: =SUM(Q6:Q44) -> 22816078
P47: LK = | Q47: =Q45+'02.2020'!Q34 -> 74037338

Sheet 04.2020
A1: Bảng theo dõi doanh thu/ chi phí theo phương tiện vận chuyển
A2: Biển số xe: 15C - 070.63
B3: THÁNG 04.2020
A5: STT | B5: Ngày tháng | C5: Diễn giải | D5: Số cont | E5: Tuyến đường vận chuyển | F5: Khoảng cách (km) | G5: Chi phí | O5: Tổng chi phí | P5: Cước vận chuyển | Q5: Lợi nhuận gộp
G6: Dầu (l) | H6: Dầu (đồng) | I6: Mức TTBQ | J6: Đi đường | K6: Lương lx | L6: Sửa chữa | M6: Lốp | N6: Dầu máy
A8: 1 | B8: 43922 | C8: Đóng hàng chè sáng 01/04 | D8: WHSU2364939 | E8: Tân Lập, Mộc Châu, Sơn La | J8: 2470000 | O8: =H8+J8+K8+L8+M8+N8 -> 2470000 | P8: 12272727 | Q8: =P8-O8 -> 9802727
A9: 2 | B9: 43923 | C9: Đóng hàng sáng 02/04 | D9: HCVT0019 | E9: TP. Việt Trì, Phú Thọ | G9: 220 | H9: =G9*11250 -> 2475000 | J9: 1250000 | O9: =H9+J9+K9+L9+M9+N9 -> 3725000 | P9: 4900000 | Q9: =P9-O9 -> 1175000
A10: 3 | B10: 43924 | C10: Trả hàng NK sáng 03/04 | D10: OOLU2180871 | E10: KCN VSIP Bắc Ninh | H10: =G10*11250 -> 0 | J10: 930000 | O10: =H10+J10+K10+L10+M10+N10 -> 930000 | P10: 3200000 | Q10: =P10-O10 -> 2270000
A11: 4 | B11: 43925 | C11: Đóng hàng XK sáng 04/04 | D11: BSIU3248300 | E11: Nho Quan, Ninh Bình | G11: 206 | H11: =G11*11250 -> 2317500 | J11: 680000 | O11: =H11+J11+K11+L11+M11+N11 -> 2997500 | P11: 3400000 | Q11: =P11-O11 -> 402500
A12: 5 | B12: 43926 | C12: Đóng hàng phân sáng 05/04 | D12: EITU0391486 | E12: Hoa Lư, Ninh Bình | H12: =G12*11250 -> 0 | J12: 680000 | O12: =H12+J12+K12+L12+M12+N12 -> 680000 | P12: 3200000 | Q12: =P12-O12 -> 2520000
A13: 6 | B13: 43927 | C13: Đóng hàng phân sáng 06/04 | D13: EISU2060816 | E13: Hoa Lư, Ninh Bình | H13: =G13*11250 -> 0 | J13: 680000 | O13: =H13+J13+K13+L13+M13+N13 -> 680000 | P13: 3200000 | Q13: =P13-O13 -> 2520000
A14: 7 | B14: 43928 | C14: Đóng hàng phân chiều 07/04 | D14: TGHU1550159 | E14: Hoa Lư, Ninh Bình | G14: 290 | H14: =G14*11250 -> 3262500 | J14: 680000 | O14: =H14+J14+K14+L14+M14+N14 -> 3942500 | P14: 3200000 | Q14: =P14-O14 -> -742500
A15: 8 | B15: 43930 | C15: Đóng hàng chè sáng 09/04 | D15: WHSU2693322 | E15: Tân Lập, Mộc Châu, Sơn La | G15: 100 | H15: =G15*11250 -> 1125000 | J15: 2470000 | O15: =H15+J15+K15+L15+M15+N15 -> 3595000 | P15: 12272727 | Q15: =P15-O15 -> 8677727
A16: 9 | B16: 43931 | C16: Đóng hàng sáng 10/04 | D16: TTNU1908860 | E16: KCN Phố Nối A, Hưng Yên | G16: 265 | H16: =G16*11250 -> 2981250 | J16: 680000 | O16: =H16+J16+K16+L16+M16+N16 -> 3661250 | P16: 2600000 | Q16: =P16-O16 -> -1061250
A17: 10 | B17: 43933 | C17: Đóng hàng phân sáng 12/04 | D17: EITU0282269 | E17: Hoa Lư, Ninh Bình | J17: 680000 | O17: =H17+J17+K17+L17+M17+N17 -> 680000 | P17: 3200000 | Q17: =P17-O17 -> 2520000
A18: 11 | B18: 43934 | C18: Đóng hàng phân sáng 13/04 | D18: EGHU3644118 | E18: Hoa Lư, Ninh Bình | J18: 680000 | O18: =H18+J18+K18+L18+M18+N18 -> 680000 | P18: 3200000 | Q18: =P18-O18 -> 2520000
A19: 12 | B19: 43935 | C19: Đóng hàng phân sáng 14/04 | D19: MSKU3095474 | E19: Hoa Lư, Ninh Bình | J19: 680000 | O19: =H19+J19+K19+L19+M19+N19 -> 680000 | P19: 3200000 | Q19: =P19-O19 -> 2520000
A20: 13 | B20: 43936 | C20: Trả hàng NK sáng 15/04 | D20: CBHU4385160 | E20: KCN Phố Nối A, Văn Lâm, Hưng Yên | G20: 270 | H20: =G20*10820 -> 2921400 | J20: 680000 | O20: =H20+J20+K20+L20+M20+N20 -> 3601400 | P20: 2800000 | Q20: =P20-O20 -> -801400
A21: 14 | B21: 43937 | C21: Trả hàng NK sáng 16/04 | D21: TEMU5782422 | E21: KCN VSIP Bắc Ninh | H21: =G21*10820 -> 0 | J21: 930000 | O21: =H21+J21+K21+L21+M21+N21 -> 930000 | P21: 3200000 | Q21: =P21-O21 -> 2270000
A22: 15 | B22: 43938 | C22: Trả hàng NK sáng 17/04 | D22: UETU2661892 | E22: KCN Phố Nối A, Văn Lâm, Hưng Yên | H22: =G22*10820 -> 0 | J22: 680000 | O22: =H22+J22+K22+L22+M22+N22 -> 680000 | P22: 2800000 | Q22: =P22-O22 -> 2120000
A23: 16 | B23: 43940 | C23: Đóng hàng phân sáng 19/04 | D23: EGHU3523348 | E23: Hoa Lư, Ninh Bình | G23: 276 | H23: =G23*10820 -> 2986320 | J23: 680000 | O23: =H23+J23+K23+L23+M23+N23 -> 3666320 | P23: 3200000 | Q23: =P23-O23 -> -466320
A24: 17 | B24: 43941 | C24: Đóng hàng phân sáng 20/04 | D24: TRHU3928770 | E24: Hoa Lư, Ninh Bình | G24: 90 | H24: =G24*10820 -> 973800 | J24: 680000 | O24: =H24+J24+K24+L24+M24+N24 -> 1653800 | P24: 3200000 | Q24: =P24-O24 -> 1546200
A25: 18 | B25: 43942 | C25: Đóng hàng chè sáng 21/04 | D25: WHSU2088342 | E25: TT Trần Phú, Văn Chấn, Yên Bái | H25: =G25*10820 -> 0 | J25: 1720000 | O25: =H25+J25+K25+L25+M25+N25 -> 1720000 | P25: 8818182 | Q25: =P25-O25 -> 7098182
A26: 19 | B26: 43943 | C26: Đóng hàng phân sáng 22/04 | D26: PONU0981062 | E26: Hoa Lư, Ninh Bình | G26: 250 | H26: =G26*10820 -> 2705000 | J26: 680000 | O26: =H26+J26+K26+L26+M26+N26 -> 3385000 | P26: 3200000 | Q26: =P26-O26 -> -185000
A27: 20 | B27: 43944 | C27: Đóng hàng chè sáng 23/04 | D27: WHSU2052479 | E27: Tân Lập, Mộc Châu, Sơn La | G27: 216 | H27: =G27*10820 -> 2337120 | J27: 2470000 | O27: =H27+J27+K27+L27+M27+N27 -> 4807120 | P27: 12272727 | Q27: =P27-O27 -> 7465607
A28: 21 | B28: 43945 | C28: Trả hàng NK sáng 24/04 | D28: FCIU5273878 | E28: Yên Mỹ, Hưng Yên | J28: 680000 | O28: =H28+J28+K28+L28+M28+N28 -> 680000 | P28: 3700000 | Q28: =P28-O28 -> 3020000
A29: 22 | B29: 43949 | C29: Đóng hàng Vietsun chiều 28/04 | D29: TRHU3295389 | E29: Gia Minh, Thủy Nguyên, Hải Phòng | G29: 115 | H29: =G29*10820 -> 1244300 | J29: =200000+100000 -> 300000 | O29: =H29+J29+K29+L29+M29+N29 -> 1544300 | P29: =2040000/1.1 -> 1854545.5 | Q29: =P29-O29 -> 310245.45
A30: 23 | B30: 43950 | C30: Đóng hàng chè sáng 29/04 | D30: WHSU2716140 | E30: Tân Lập, Mộc Châu, Sơn La | G30: 230 | H30: =G30*10820 -> 2488600 | J30: 2470000 | O30: =H30+J30+K30+L30+M30+N30 -> 4958600 | P30: 12272727 | Q30: =P30-O30 -> 7314127
O31: =H31+J31+K31+L31+M31+N31 -> 0 | Q31: =P31-O31 -> 0
C32: Phí gửi xe | L32: =1200000*1.1 -> 1320000 | O32: =H32+J32+K32+L32+M32+N32 -> 1320000 | Q32: =P32-O32 -> -1320000
C33: Thanh toán tiền sửa xe 15C-070.63 (sửa 2 quả lốc kê đầu kéo, thay 1 đế van nhôm, 4 bát phanh, công thợ) | L33: 500000 | O33: =H33+J33+K33+L33+M33+N33 -> 500000 | Q33: =P33-O33 -> -500000
C34: Bơm mỡ | L34: 170000 | O34: =H34+J34+K34+L34+M34+N34 -> 170000 | Q34: =P34-O34 -> -170000
C35: Anh Phụng mua lọc diesel xe 15C-070.63 | L35: 150000 | O35: =H35+J35+K35+L35+M35+N35 -> 150000 | Q35: =P35-O35 -> -150000
C36: Anh Phụng mua nước lọc (pha nước làm mát) | L36: 150000 | O36: =H36+J36+K36+L36+M36+N36 -> 150000 | Q36: =P36-O36 -> -150000
C37: Lọc dầu nhớt P552100 | L37: 400000 | O37: =H37+J37+K37+L37+M37+N37 -> 400000 | Q37: =P37-O37 -> -400000
C38: Thanh toán tiền nước làm mát P502648 | L38: 550000 | O38: =H38+J38+K38+L38+M38+N38 -> 550000 | Q38: =P38-O38 -> -550000
C39: Lọc nước làm mát P552071 | L39: 140000 | O39: =H39+J39+K39+L39+M39+N39 -> 140000 | Q39: =P39-O39 -> -140000
C40: Thay dầu nhớt Total Rubia Tir 7400 15W-40 | N40: =11900000/4 -> 2975000 | O40: =H40+J40+K40+L40+M40+N40 -> 2975000 | Q40: =P40-O40 -> -2975000
C41: Lương lái xe | K41: 9346154 | O41: =H41+J41+K41+L41+M41+N41 -> 9346154 | Q41: =P41-O41 -> -9346154
A42: TỔNG CỘNG | G42: =SUM(G7:G41) -> 2528 | H42: =SUM(H7:H41) -> 27817790 | I42: =SUM(I7:I41) -> 0 | J42: =SUM(J7:J41) -> 24530000 | K42: =SUM(K7:K41) -> 9346154 | L42: =SUM(L7:L41) -> 3380000 | M42: =SUM(M7:M41) -> 0 | N42: =SUM(N7:N41) -> 2975000 | O42: =SUM(O7:O41) -> 68048944 | P42: =SUM(P8:P41) -> 1.1516364e+08 | Q42: =SUM(Q7:Q41) -> 47114691
P44: LK = | Q44: ='03.2020'!Q47+'04.2020'!Q42 -> 1.2115203e+08

Sheet 05.2020
A1: Bảng theo dõi doanh thu/ chi phí theo phương tiện vận chuyển
A2: Biển số xe: 15C - 070.63
B3: THÁNG 05.2020
A5: STT | B5: Ngày tháng | C5: Diễn giải | D5: Số cont | E5: Tuyến đường vận chuyển | F5: Khoảng cách (km) | G5: Chi phí | O5: Tổng chi phí | P5: Cước vận chuyển | Q5: Lợi nhuận gộp
G6: Dầu (l) | H6: Dầu (đồng) | I6: Mức TTBQ | J6: Đi đường | K6: Lương lx | L6: Sửa chữa | M6: Lốp | N6: Dầu máy
A8: 1 | B8: 43956 | C8: Trả hàng Vietsun sáng 05/05 | D8: GAOU2112090 | E8: Yên Mỹ, Hưng Yên | J8: 680000 | O8: =H8+J8+K8+L8+M8+N8 -> 680000 | P8: 1909091 | Q8: =P8-O8 -> 1229091
A9: 2 | B9: 43957 | C9: Trả hàng NK sáng 06/05 | D9: DFSU2813235 | E9: KCN Quế Võ, Bắc Ninh | G9: 110 | H9: =G9*9940 -> 1093400 | J9: 930000 | O9: =H9+J9+K9+L9+M9+N9 -> 2023400 | P9: 3200000 | Q9: =P9-O9 -> 1176600
A10: 3 | B10: 43958 | C10: Đóng hàng chè sáng 07/05 | D10: WHSU2311163 | E10: Tân Lập, Mộc Châu, Sơn La | J10: 2470000 | O10: =H10+J10+K10+L10+M10+N10 -> 2470000 | P10: 12272727 | Q10: =P10-O10 -> 9802727
A11: 4 | B11: 43959 | C11: Trả hàng NK sáng 08/05 | D11: KOCU2112367 | E11: Chí Linh, Hải Dương | G11: 260 | H11: =G11*9940 -> 2584400 | J11: 540000 | O11: =H11+J11+K11+L11+M11+N11 -> 3124400 | P11: 2800000 | Q11: =P11-O11 -> -324400
A12: 5 | B12: 43960 | C12: Trả hàng NK sáng 09/05 | D12: TSSU2019777 | E12: Dục Tú, Đông Anh, Hà Nội | J12: 930000 | O12: =H12+J12+K12+L12+M12+N12 -> 930000 | P12: 3400000 | Q12: =P12-O12 -> 2470000
A13: 6 | B13: 43961 | C13: Đóng hàng phân sáng 10/05 | D13: EISU2167281 | E13: Hoa Lư, Ninh Bình | J13: 680000 | O13: =H13+J13+K13+L13+M13+N13 -> 680000 | P13: 3200000 | Q13: =P13-O13 -> 2520000
A14: 7 | B14: 43962 | C14: Đóng hàng phân sáng 11/05 | D14: EISU2115544 | E14: Hoa Lư, Ninh Bình | J14: 680000 | O14: =H14+J14+K14+L14+M14+N14 -> 680000 | P14: 3200000 | Q14: =P14-O14 -> 2520000
A15: 8 | B15: 43963 | C15: Đóng hàng phân sáng 12/05 | D15: TRLU8930947 | E15: Hoa Lư, Ninh Bình | G15: 264 | H15: =G15*9940 -> 2624160 | J15: 680000 | O15: =H15+J15+K15+L15+M15+N15 -> 3304160 | P15: 3200000 | Q15: =P15-O15 -> -104160
A16: 9 | B16: 43964 | C16: Đóng hàng phân sáng 13/05 | D16: MRKU8506133 | E16: Hoa Lư, Ninh Bình | G16: 180 | H16: =G16*9850 -> 1773000 | J16: 680000 | O16: =H16+J16+K16+L16+M16+N16 -> 2453000 | P16: 3200000 | Q16: =P16-O16 -> 747000
A17: 10 | B17: 43965 | C17: Đóng hàng chè sáng 14/05 | D17: WHSU2493704 | E17: Tân Lập, Mộc Châu, Sơn La | J17: 2470000 | O17: =H17+J17+K17+L17+M17+N17 -> 2470000 | P17: 12272727 | Q17: =P17-O17 -> 9802727
A18: 11 | B18: 43966 | C18: Trả hàng NK sáng 15/05 | D18: CMAU0332231 | E18: Cẩm Phả, Quảng Ninh | G18: 270 | H18: =G18*9850 -> 2659500 | J18: 1110000 | O18: =H18+J18+K18+L18+M18+N18 -> 3769500 | P18: 3100000 | Q18: =P18-O18 -> -669500
A19: 12 | B19: 43967 | C19: Trả hàng NK sáng 16/05 | D19: CSNU1763584 | E19: Dương Liễu, Hoài Đức, Hà Nội | J19: 930000 | O19: =H19+J19+K19+L19+M19+N19 -> 930000 | P19: 3900000 | Q19: =P19-O19 -> 2970000
A20: 13 | B20: 43970 | C20: Đóng hàng phân sáng 19/05 | D20: MSKU5668370 | E20: Hoa Lư, Ninh Bình | J20: 680000 | O20: =H20+J20+K20+L20+M20+N20 -> 680000 | P20: 3200000 | Q20: =P20-O20 -> 2520000
A21: 14 | B21: 43971 | C21: Đóng hàng phân sáng 20/05 | D21: MSKU3987233 | E21: Hoa Lư, Ninh Bình | G21: 280 | H21: =G21*9850 -> 2758000 | J21: 680000 | O21: =H21+J21+K21+L21+M21+N21 -> 3438000 | P21: 3200000 | Q21: =P21-O21 -> -238000
A22: 15 | B22: 43972 | C22: Trả hàng NK sáng 21/05 | D22: WHSU2269968 | E22: Kiện Khê, Phủ Lý, Hà Nam | J22: 680000 | O22: =H22+J22+K22+L22+M22+N22 -> 680000 | P22: 3400000 | Q22: =P22-O22 -> 2720000
A23: 16 | B23: 43975 | C23: Đóng hàng phân sáng 24/05 | D23: EITU0430556 | E23: Hoa Lư, Ninh Bình | J23: 680000 | O23: =H23+J23+K23+L23+M23+N23 -> 680000 | P23: 3200000 | Q23: =P23-O23 -> 2520000
A24: 17 | B24: 43976 | C24: Đóng hàng phân sáng 25/05 | D24: DRYU2571399 | E24: Hoa Lư, Ninh Bình | J24: 680000 | O24: =H24+J24+K24+L24+M24+N24 -> 680000 | P24: 3200000 | Q24: =P24-O24 -> 2520000
A25: 18 | B25: 43977 | C25: Đóng hàng phân sáng 26/05 | D25: PONU2049540 | E25: Hoa Lư, Ninh Bình | G25: 290 | H25: =G25*9850 -> 2856500 | J25: 680000 | O25: =H25+J25+K25+L25+M25+N25 -> 3536500 | P25: 3200000 | Q25: =P25-O25 -> -336500
A26: 19 | B26: 43978 | C26: Đóng hàng phân sáng 27/05 | D26: MSKU2675884 | E26: Hoa Lư, Ninh Bình | G26: 180 | H26: =G26*9850 -> 1773000 | J26: 680000 | O26: =H26+J26+K26+L26+M26+N26 -> 2453000 | P26: 3200000 | Q26: =P26-O26 -> 747000
A27: 20 | B27: 43979 | C27: Trả hàng + đóng hàng KH 28/05 | D27: TRHU1521682 | E27: Đông Anh, Hà Nội - Văn Điển, Hà Nội | J27: =810000+300000 -> 1110000 | O27: =H27+J27+K27+L27+M27+N27 -> 1110000 | P27: 5500000 | Q27: =P27-O27 -> 4390000
A28: 21 | B28: 43980 | C28: Trả hàng NK sáng 29/05 | D28: NSSU0151290 | E28: Hải Dương | J28: 540000 | O28: =H28+J28+K28+L28+M28+N28 -> 540000 | P28: 2500000 | Q28: =P28-O28 -> 1960000
O31: =H31+J31+K31+L31+M31+N31 -> 0 | Q31: =P31-O31 -> 0
C32: Phí gửi xe | L32: 1200000 | O32: =H32+J32+K32+L32+M32+N32 -> 1200000 | Q32: =P32-O32 -> -1200000
C33: Thanh toán tiền sửa xe 15C-070.63 ngày 3/5 (Tháo lắp, thay lọc nước, hàn bịt đường sấy nóng, hàn chảy ống nước, xả nước) | L33: 300000 | O33: =H33+J33+K33+L33+M33+N33 -> 300000 | Q33: =P33-O33 -> -300000
C34: Anh Phụng thay lốc điều hòa, thay phin lọc gas, bơm gas lạnh, công thợ xe 15C-070.63 (CH Hùng Trung, BH 6 tháng) | L34: 4100000 | O34: =H34+J34+K34+L34+M34+N34 -> 4100000 | Q34: =P34-O34 -> -4100000
C35: Thanh toán tiền sửa xe 15C-070.63 ngày 3/5 (thay phớt đầu cầu sau) | L35: 550000 | O35: =H35+J35+K35+L35+M35+N35 -> 550000 | Q35: =P35-O35 -> -550000
C36: Lương lái xe | K36: 7961538 | O36: =H36+J36+K36+L36+M36+N36 -> 7961538 | Q36: =P36-O36 -> -7961538
A37: TỔNG CỘNG | G37: =SUM(G7:G36) -> 1834 | H37: =SUM(H7:H36) -> 18121960 | I37: =SUM(I7:I36) -> 0 | J37: =SUM(J7:J36) -> 19190000 | K37: =SUM(K7:K36) -> 7961538 | L37: =SUM(L7:L36) -> 6150000 | M37: =SUM(M7:M36) -> 0 | N37: =SUM(N7:N36) -> 0 | O37: =SUM(O7:O36) -> 51423498 | P37: =SUM(P8:P36) -> 86254545 | Q37: =SUM(Q7:Q36) -> 34831047
P39: LK = | Q39: ='[1]04.2020'!Q44+'[1]05.2020'!Q37 -> 1.5598308e+08

Sheet 06.2020
A1: Bảng theo dõi doanh thu/ chi phí theo phương tiện vận chuyển
A2: Biển số xe: 15C - 070.63
B3: THÁNG 06.2020
A5: STT | B5: Ngày tháng | C5: Diễn giải | D5: Số cont | E5: Tuyến đường vận chuyển | F5: Khoảng cách (km) | G5: Chi phí | O5: Tổng chi phí | P5: Cước vận chuyển | Q5: Lợi nhuận gộp
G6: Dầu (l) | H6: Dầu (đồng) | I6: Mức TTBQ | J6: Đi đường | K6: Lương lx | L6: Sửa chữa | M6: Lốp | N6: Dầu máy
A8: 1 | B8: 01/06/2020 | C8: Trả hàng NK sáng 01/06 | D8: CSNU1283564 | E8: KCN VSIP Bắc Ninh | J8: 930000 | O8: =H8+J8+K8+L8+M8+N8 -> 930000 | P8: 3200000 | Q8: =P8-O8 -> 2270000
A9: 2 | B9: 02/06/2020 | C9: Trả hàng NK chiều 02/06 | D9: VOSU1803970 | E9: Mỹ Đồng, Thủy Nguyên, Hải Phòng | J9: 300000 | O9: =H9+J9+K9+L9+M9+N9 -> 300000 | P9: 1700000 | Q9: =P9-O9 -> 1400000
A10: 3 | B10: 03/06/2020 | C10: Đóng hàng chè sáng 03/06 | D10: BMOU1216362 | E10: Tân Lập, Mộc Châu, Sơn La | G10: 255 | H10: =G10*10740 -> 2738700 | J10: 1036000 | O10: =H10+J10+K10+L10+M10+N10 -> 3774700 | P10: 12272727 | Q10: =P10-O10 -> 8498027
A11: 4 | B11: 04/06/2020 | C11: Trả hàng NK sáng 04/06 | D11: DFSU1921045 | E11: Đông Anh, Hà Nội | G11: 215 | H11: =G11*10740 -> 2309100 | J11: =810000+60000 -> 870000 | O11: =H11+J11+K11+L11+M11+N11 -> 3179100 | P11: 3400000 | Q11: =P11-O11 -> 220900
A12: 5 | B12: 05/06/2020 | C12: Trả hàng NK sáng 05/06 | D12: FCIU4793221 | E12: Dục Tú, Đông Anh, Hà Nội | J12: 870000 | O12: =H12+J12+K12+L12+M12+N12 -> 870000 | P12: 3400000 | Q12: =P12-O12 -> 2530000
A13: 6 | B13: 06/06/2020 | C13: Trả hàng NK sáng 06/06 | D13: BEAU2875159 | E13: Phú Xuyên, Hà Nội | J13: 870000 | O13: =H13+J13+K13+L13+M13+N13 -> 870000 | P13: 3500000 | Q13: =P13-O13 -> 2630000
A14: 7 | B14: 08/06/2020 | C14: Trả hàng NK sáng 08/06 | D14: CSNU1070321 | E14: Cẩm Giàng, Hải Dương | G14: 260 | H14: =G14*10740 -> 2792400 | J14: 540000 | O14: =H14+J14+K14+L14+M14+N14 -> 3332400 | P14: 2700000 | Q14: =P14-O14 -> -632400
A15: 8 | B15: 09/06/2020 | C15: Đóng hàng phân sáng 09/06 | D15: EISU3917734 | E15: Hoa Lư, Ninh Bình | G15: 223 | H15: =G15*10740 -> 2395020 | J15: 680000 | O15: =H15+J15+K15+L15+M15+N15 -> 3075020 | P15: 3200000 | Q15: =P15-O15 -> 124980
A16: 9 | B16: 10/06/2020 | C16: Đóng hàng phân chiều 10/06 | D16: TEMU0626582 | E16: Hoa Lư, Ninh Bình | J16: 680000 | O16: =H16+J16+K16+L16+M16+N16 -> 680000 | P16: 3200000 | Q16: =P16-O16 -> 2520000
A17: 10 | B17: 11/06/2020 | C17: Đóng hàng XK sáng 11/06 | D17: BMOU2770580 | E17: Xuân Mai, Chương Mỹ, Hà Nội | J17: =810000+60000 -> 870000 | O17: =H17+J17+K17+L17+M17+N17 -> 870000 | P17: 4727273 | Q17: =P17-O17 -> 3857273
A18: 11 | B18: 12/06/2020 | C18: Đóng hàng XK sáng 12/06 | D18: MEDU1060964 | E18: Xuân Mai, Chương Mỹ, Hà Nội | G18: 205 | H18: =G18*11510 -> 2359550 | J18: 870000 | O18: =H18+J18+K18+L18+M18+N18 -> 3229550 | P18: 4727273 | Q18: =P18-O18 -> 1497723
A19: 12 | B19: 14/06/2020 | C19: Đóng hàng XK sáng 14/06 | D19: MEDU1008605 | E19: Xuân Mai, Chương Mỹ, Hà Nội | J19: 870000 | O19: =H19+J19+K19+L19+M19+N19 -> 870000 | P19: 4727273 | Q19: =P19-O19 -> 3857273
A20: 13 | B20: 16/06/2020 | C20: Đóng hàng XK sáng 16/06 | D20: TCLU2558140 | E20: Xuân Mai, Chương Mỹ, Hà Nội | J20: 870000 | O20: =H20+J20+K20+L20+M20+N20 -> 870000 | P20: 4727273 | Q20: =P20-O20 -> 3857273
A21: 14 | B21: 16/06/2020 | C21: Trả hàng NK sáng 16/06 | D21: 62 Rolls | E21: Xuân Mai, Chương Mỹ, Hà Nội | G21: 210 | H21: =G21*11510 -> 2417100 | J21: 200000 | O21: =H21+J21+K21+L21+M21+N21 -> 2617100 | P21: 0 | Q21: =P21-O21 -> -2617100
A22: 15 | B22: 17/06/2020 | C22: Đóng hàng phân chiều 17/06 | D22: MSKU5206520 | E22: Hoa Lư, Ninh Bình | G22: 100 | H22: =G22*11510 -> 1151000 | J22: 680000 | O22: =H22+J22+K22+L22+M22+N22 -> 1831000 | P22: 3200000 | Q22: =P22-O22 -> 1369000
A23: 16 | B23: 18/06/2020 | C23: Đóng hàng chè sáng 18/06 | D23: WHSU2696023 | E23: Tân Lập, Mộc Châu, Sơn La | J23: 2470000 | O23: =H23+J23+K23+L23+M23+N23 -> 2470000 | P23: 12272727 | Q23: =P23-O23 -> 9802727
A24: 17 | B24: 20/06/2020 | C24: Trả hàng NK sáng 20/06 | D24: DFSU1840684 | E24: Yên Mỹ, Hưng Yên | G24: 295 | H24: =G24*11510 -> 3395450 | J24: 680000 | O24: =H24+J24+K24+L24+M24+N24 -> 4075450 | P24: 3700000 | Q24: =P24-O24 -> -375450
A25: 18 | B25: 21/06/2020 | C25: Đóng hàng XK sáng 21/06 | D25: MEDU2440146 | E25: Xuân Mai, Chương Mỹ, Hà Nội | J25: 870000 | O25: =H25+J25+K25+L25+M25+N25 -> 870000 | P25: 4727273 | Q25: =P25-O25 -> 3857273
A26: 19 | B26: 22/06/2020 | C26: Trả hàng NK sáng 22/06 | D26: GAOU2063626 | E26: KCN Yên Phong, Bắc Ninh | J26: =930000+300000 -> 1230000 | O26: =H26+J26+K26+L26+M26+N26 -> 1230000 | P26: 3000000 | Q26: =P26-O26 -> 1770000
A27: 20 | B27: 23/06/2020 | C27: Đóng hàng KH sáng 23/06 | D27: GAOU2063626 | E27: Như Quỳnh, Hưng Yên | G27: 195 | H27: =G27*11510 -> 2244450 | O27: =H27+J27+K27+L27+M27+N27 -> 2244450 | P27: 2400000 | Q27: =P27-O27 -> 155550
A28: 21 | B28: 24/06/2020 | C28: Trả hàng NK sáng 24/06 | D28: SKLU1631810 | E28: Cẩm Phả, Quảng Ninh | J28: 1060000 | O28: =H28+J28+K28+L28+M28+N28 -> 1060000 | P28: 3100000 | Q28: =P28-O28 -> 2040000
A29: 22 | B29: 25/06/2020 | C29: Đóng hàng phân chiều 25/06 | D29: PONU0144493 | E29: Hoa Lư, Ninh Bình | J29: 680000 | O29: =H29+J29+K29+L29+M29+N29 -> 680000 | P29: 3200000 | Q29: =P29-O29 -> 2520000
A30: 23 | B30: 26/06/2020 | C30: Đóng hàng phân sáng 26/06 | D30: HASU1066610 | E30: Hoa Lư, Ninh Bình | G30: 255 | H30: =G30*11510 -> 2935050 | J30: 680000 | O30: =H30+J30+K30+L30+M30+N30 -> 3615050 | P30: 3200000 | Q30: =P30-O30 -> -415050
A31: 24 | B31: 27/06/2020 | C31: Trả hàng NK sáng 27/06 | D31: VSCU2000263 | E31: An Dương, Hải Phòng | J31: 300000 | O31: =H31+J31+K31+L31+M31+N31 -> 300000 | P31: 1500000 | Q31: =P31-O31 -> 1200000
O32: =H32+J32+K32+L32+M32+N32 -> 0 | Q32: =P32-O32 -> 0
C33: Phí gửi xe | L33: 1200000 | O33: =H33+J33+K33+L33+M33+N33 -> 1200000
C34: Thanh toán tiền sửa xe 15C-070.63 ngày 2/6 (thay 3 đèn su lét hậu mooc, thay 1 đèn pha bé, thay 1 bộ rơ le pha bé, thay 1 rơ le đèn vàng, công làm) | L34: 650000 | O34: =H34+J34+K34+L34+M34+N34 -> 650000
C35: Thanh toán tiền sửa xe 15C-070.63 ngày 06/06( Cắm + chạy điện cánh quạt) | L35: 400000 | O35: =H35+J35+K35+L35+M35+N35 -> 400000
C36: Thanh toán tiền sửa xe 15C-070.63 ngày 24/06 (tháo lắp thông két nước, két gió, két nước cắt, nhân, hàn, hàn chống 1 góc két nước) | L36: 1400000 | O36: =H36+J36+K36+L36+M36+N36 -> 1400000
C37: Lương lái xe | K37: 8653846.2 | O37: =H37+J37+K37+L37+M37+N37 -> 8653846.2
A38: TỔNG CỘNG | G38: =SUM(G7:G37) -> 2213 | H38: =SUM(H7:H37) -> 24737820 | I38: =SUM(I7:I37) -> 0 | J38: =SUM(J7:J37) -> 19106000 | K38: =SUM(K7:K37) -> 8653846.2 | L38: =SUM(L7:L37) -> 3650000 | M38: =SUM(M7:M37) -> 0 | N38: =SUM(N7:N37) -> 0 | O38: =SUM(O7:O37) -> 56147666 | P38: =SUM(P8:P37) -> 95781819 | Q38: =P38-O38 -> 39634153
P40: LK = | Q40: ='05.2020'!Q39+'06.2020'!Q38 -> 1.9561723e+08

Sheet 07.2020
A1: Bảng theo dõi doanh thu/ chi phí theo phương tiện vận chuyển
A2: Biển số xe: 15C - 070.63
B3: THÁNG 07.2020
A5: STT | B5: Ngày tháng | C5: Diễn giải | D5: Số cont | E5: Tuyến đường vận chuyển | F5: Khoảng cách (km) | G5: Chi phí | O5: Tổng chi phí | P5: Cước vận chuyển | Q5: Lợi nhuận gộp
G6: Dầu (l) | H6: Dầu (đồng) | I6: Mức TTBQ | J6: Đi đường | K6: Lương lx | L6: Sửa chữa | M6: Lốp | N6: Dầu máy
A8: 1 | B8: 44012 | C8: Đóng hàng phân sáng 01/07 | D8: EISU3948838 | E8: Hoa Lư, Ninh Bình | G8: 120 | H8: =G8*12110 -> 1453200 | J8: 680000 | O8: =H8+J8+K8+L8+M8+N8 -> 2133200 | P8: 3200000 | Q8: =P8-O8 -> 1066800
A9: 2 | B9: 44013 | C9: Đóng hàng chè sáng 02/07 | D9: WHSU2361035 | E9: Tân Lập, Mộc Châu, Sơn La | G9: 218 | H9: =G9*12110 -> 2639980 | J9: 2470000 | O9: =H9+J9+K9+L9+M9+N9 -> 5109980 | P9: 12272727 | Q9: =P9-O9 -> 7162747
A10: 3 | B10: 44014 | C10: Trả hàng NK sáng 03/07 | D10: EITU0476114 | E10: Thạch Thất, Hà Nội | J10: 870000 | O10: =H10+J10+K10+L10+M10+N10 -> 870000 | P10: 3600000 | Q10: =P10-O10 -> 2730000
A11: 4 | B11: 44016 | C11: Trả hàng NK sáng 04/07 | D11: BEAU2674344 | E11: Cẩm Thạch, Cẩm Phả, Quảng Ninh | J11: 1060000 | O11: =H11+J11+K11+L11+M11+N11 -> 1060000 | P11: 3100000 | Q11: =P11-O11 -> 2040000
A12: 5 | B12: 43989 | C12: Trả hàng bình khí chiều 06/07 | D12: DRYU3052865 | E12: Nhật Tân, Hà Nội | J12: =930000+500000 -> 1430000 | O12: =H12+J12+K12+L12+M12+N12 -> 1430000 | P12: 3022727 | Q12: =P12-O12 -> 1592727
A13: 6 | B13: 43989 | C13: Đóng hàng vỏ bình khí sáng 07/07 | D13: DRYU3052865 | E13: Kho DDC, Hải Phòng - HCM | O13: =H13+J13+K13+L13+M13+N13 -> 0 | P13: 4318182 | Q13: =P13-O13 -> 4318182
A14: 7 | B14: 44019 | C14: Trả hàng NK sáng 08/07 | D14: YMLU3437512 | E14: Xuân Mai, Chương Mỹ, Hà Nội | G14: 215 | H14: =G14*12110 -> 2603650 | J14: 870000 | O14: =H14+J14+K14+L14+M14+N14 -> 3473650 | P14: 4363636 | Q14: =P14-O14 -> 889986
A15: 8 | B15: 44020 | C15: Đóng hàng chè sáng 09/07 | D15: WHSU2491342 | E15: Tân Lập, Mộc Châu, Sơn La | G15: 95 | H15: =G15*12110 -> 1150450 | J15: 2470000 | O15: =H15+J15+K15+L15+M15+N15 -> 3620450 | P15: 12272727 | Q15: =P15-O15 -> 8652277
A16: 9 | B16: 44021 | C16: Đóng hàng phân sáng 10/07 | D16: EITU0151952 | E16: Hoa Lư, Ninh Bình | G16: 204 | H16: =G16*12110 -> 2470440 | J16: 680000 | O16: =H16+J16+K16+L16+M16+N16 -> 3150440 | P16: 3200000 | Q16: =P16-O16 -> 49560
A17: 10 | B17: 44025 | C17: Đóng hàng XK chiều 13/07 | D17: FCIU6505495 | E17: Thanh Liêm, Hà Nam | J17: 680000 | O17: =H17+J17+K17+L17+M17+N17 -> 680000 | P17: 3500000 | Q17: =P17-O17 -> 2820000
A18: 11 | B18: 44025 | C18: Trả hàng Vietsun sáng 14/07 | D18: HACU2161246 | E18: Song Khê, Yên Dũng, Bắc Giang | G18: 168 | H18: =G18*12110 -> 2034480 | J18: 930000 | O18: =H18+J18+K18+L18+M18+N18 -> 2964480 | P18: 3312727 | Q18: =P18-O18 -> 348247
A19: 12 | B19: 44026 | C19: Trả hàng NK sáng 15/07 | D19: FCIU5389282 | E19: Cự Khê, Thanh Oai, Hà Nội | J19: 870000 | O19: =H19+J19+K19+L19+M19+N19 -> 870000 | P19: 3400000 | Q19: =P19-O19 -> 2530000
A20: 13 | B20: 44027 | C20: Đóng hàng bình khí sáng 16/07 | D20: SEGU2804521 | E20: Nhật Tân, Hà Nội | G20: 220 | H20: =G20*12110 -> 2664200 | J20: 870000 | O20: =H20+J20+K20+L20+M20+N20 -> 3534200 | P20: 4318182 | Q20: =P20-O20 -> 783982
A21: 14 | B21: 44029 | C21: Trả hàng Vietsun sáng 18/07 | D21: DRYU3093484 | E21: Tam Giang, Yên Phong, Bắc Ninh | J21: 930000 | O21: =H21+J21+K21+L21+M21+N21 -> 930000 | P21: 3218182 | Q21: =P21-O21 -> 2288182
A22: 15 | B22: 44030 | C22: Trả hàng NK sáng 19/07 | D22: SUDU7918527 | E22: Thường Tín, Hà Nội | J22: 870000 | O22: =H22+J22+K22+L22+M22+N22 -> 870000 | P22: 3500000 | Q22: =P22-O22 -> 2630000
A23: 16 | B23: 44030 | C23: Đóng hàng XK sáng 20/07 | D23: CAXU6700324 | E23: Xuân Mai, Chương Mỹ, Hà Nội | J23: 870000 | O23: =H23+J23+K23+L23+M23+N23 -> 870000 | P23: 4727273 | Q23: =P23-O23 -> 3857273
A24: 17 | B24: 44032 | C24: Đóng hàng chè sáng 21/07 | D24: WHSU2359402 | E24: Tân Lập, Mộc Châu, Sơn La | G24: 270 | H24: =G24*12110 -> 3269700 | J24: 2470000 | O24: =H24+J24+K24+L24+M24+N24 -> 5739700 | P24: 12272727 | Q24: =P24-O24 -> 6533027
A25: 18 | B25: 44033 | C25: Trả hàng NK sáng 22/07 | D25: TEMU0545048 | E25: Châu Sơn, Phủ Lý, Hà Nam | J25: 680000 | O25: =H25+J25+K25+L25+M25+N25 -> 680000 | P25: 3400000 | Q25: =P25-O25 -> 2720000
A26: 19 | B26: 44034 | C26: Trả hàng NK sáng 23/07 | D26: MRKU8817351 | E26: Thường Tín, Hà Nội | G26: 216 | H26: =G26*12110 -> 2615760 | J26: 870000 | O26: =H26+J26+K26+L26+M26+N26 -> 3485760 | P26: 3500000 | Q26: =P26-O26 -> 14240
A27: 20 | B27: 44035 | C27: Trả hàng Vietsun sáng 24/07 | D27: DRYU3094916 | E27: Lê Lai, Hải Phòng + Tân Quang, Văn Lâm, HY | J27: 880000 | O27: =H27+J27+K27+L27+M27+N27 -> 880000 | P27: 3063636 | Q27: =P27-O27 -> 2183636
A28: 21 | B28: 44036 | C28: Đóng hàng phân chiều 25/07 | D28: MSKU7851374 | E28: Hoa Lư, Ninh Bình | H28: =G28*12110 -> 0 | J28: 680000 | O28: =H28+J28+K28+L28+M28+N28 -> 680000 | P28: 3200000 | Q28: =P28-O28 -> 2520000
A29: 22 | B29: 44038 | C29: Trả hàng Vietsun sáng 27/07 | D29: CAIU6871074 | E29: Minh Hải, Văn Lâm, Hưng Yên | G29: 256 | H29: =G29*12110 -> 3100160 | J29: 680000 | O29: =H29+J29+K29+L29+M29+N29 -> 3780160 | P29: 2663636 | Q29: =P29-O29 -> -1116524
A30: 23 | B30: 44039 | C30: Trả hàng NK sáng 28/07 | D30: EITU0330583 | E30: Thạch Thất, Hà Nội | J30: 870000 | O30: =H30+J30+K30+L30+M30+N30 -> 870000 | P30: 3400000 | Q30: =P30-O30 -> 2530000
A31: 24 | B31: 44041 | C31: Đóng hàng XK sáng 30/07 | D31: YMLU3641510 | E31: Quỳ Hợp, Nghệ An | G31: 247 | H31: =G31*12390 -> 3060330 | J31: 1610000 | O31: =H31+J31+K31+L31+M31+N31 -> 4670330 | P31: 7800000 | Q31: =P31-O31 -> 3129670
A32: 25 | B32: 44042 | C32: Trả hàng NK sáng 31/07 - 01/08 | D32: PASU2017012 | E32: KCN VSIP, Bắc Ninh | G32: 288 | H32: =G32*12390 -> 3568320 | J32: 930000 | O32: =H32+J32+K32+L32+M32+N32 -> 4498320 | P32: 5500000 | Q32: =P32-O32 -> 1001680
O33: =H33+J33+K33+L33+M33+N33 -> 0 | Q33: =P33-O33 -> 0
C34: Phí gửi xe | L34: 1200000 | O34: =H34+J34+K34+L34+M34+N34 -> 1200000
C35: TT tiền mua bóng đế nhôm GY cho xe 15C-070.63 | L35: 2350000 | O35: =H35+J35+K35+L35+M35+N35 -> 2350000
C36: TT tiền bên bảo hiểm TNDS xe 15C-070.63 ngày 22/06 | L36: 5340000 | O36: =H36+J36+K36+L36+M36+N36 -> 5340000
C37: Thanh toán tiền mua BH vật chất xe 15C-070.63 ngày 23/07 | L37: 11550000 | O37: =H37+J37+K37+L37+M37+N37 -> 11550000
C38: Lương lái xe | K38: 10038462 | O38: =H38+J38+K38+L38+M38+N38 -> 10038462
A39: TỔNG CỘNG | G39: =SUM(G7:G38) -> 2517 | H39: =SUM(H7:H38) -> 30630670 | I39: =SUM(I7:I38) -> 0 | J39: =SUM(J7:J38) -> 26220000 | K39: =SUM(K7:K38) -> 10038462 | L39: =SUM(L7:L38) -> 20440000 | M39: =SUM(M7:M38) -> 0 | N39: =SUM(N7:N38) -> 0 | O39: =SUM(O7:O38) -> 87329132 | P39: =SUM(P8:P38) -> 120126362 | Q39: =P39-O39 -> 32797230
P41: LK = | Q41: ='06.2020'!Q40+'07.2020'!Q39 -> 2.2841446e+08

Sheet 08.2020
A1: Bảng theo dõi doanh thu/ chi phí theo phương tiện vận chuyển
A2: Biển số xe: 15C - 070.63
B3: THÁNG 08.2020
A5: STT | B5: Ngày tháng | C5: Diễn giải | D5: Số cont | E5: Tuyến đường vận chuyển | F5: Khoảng cách (km) | G5: Chi phí | O5: Tổng chi phí | P5: Cước vận chuyển | Q5: Lợi nhuận gộp
G6: Dầu (l) | H6: Dầu (đồng) | I6: Mức TTBQ | J6: Đi đường | K6: Lương lx | L6: Sửa chữa | M6: Lốp | N6: Dầu máy
A8: 1 | B8: 44046 | C8: Trả hàng NK sáng 04/08 | D8: TCKU1263661 | E8: Yên Mỹ, Hưng Yên | J8: 680000 | O8: =H8+J8+K8+L8+M8+N8 -> 680000 | P8: 3300000 | Q8: =P8-O8 -> 2620000
A9: 2 | B9: 44047 | C9: Trả hàng NK sáng 05/08 | D9: TCKU1257057 | E9: Yên Mỹ, Hưng Yên | J9: 680000 | O9: =H9+J9+K9+L9+M9+N9 -> 680000 | P9: 3300000 | Q9: =P9-O9 -> 2620000
A10: 3 | B10: 44048 | C10: Đóng hàng phân sáng 06/08 | D10: EITU0056662 | E10: Hoa Lư, Ninh Bình | J10: 680000 | O10: =H10+J10+K10+L10+M10+N10 -> 680000 | P10: 3200000 | Q10: =P10-O10 -> 2520000
A11: 4 | B11: 44049 | C11: Trả hàng NK sáng 07/08 | D11: VOSU1808122 | E11: Đa Hội, Bắc Ninh | G11: 236 | H11: =G11*12390 -> 2924040 | J11: 930000 | O11: =H11+J11+K11+L11+M11+N11 -> 3854040 | P11: 3300000 | Q11: =P11-O11 -> -554040
A12: 5 | B12: 44053 | C12: Trả hàng Vietsun sáng 11/08 | D12: GLDU5224302 | E12: Tĩnh Gia, Thanh Hóa | J12: 890000 | O12: =H12+J12+K12+L12+M12+N12 -> 890000 | P12: 5963636 | Q12: =P12-O12 -> 5073636
A13: 6 | B13: 44054 | C13: Trả hàng NK sáng 12/08 | D13: FSCU7597622 | E13: KCN Quang Minh, Hà Nội | J13: 870000 | O13: =H13+J13+K13+L13+M13+N13 -> 870000 | P13: 3700000 | Q13: =P13-O13 -> 2830000
A14: 7 | B14: 44055 | C14: Trả hàng Vietsun sáng 13/08 | D14: GAOU2112628 | E14: 670, Trần Nhân Tông, Kiến An, Hải Phòng | G14: 240 | H14: =G14*12390 -> 2973600 | J14: 300000 | O14: =H14+J14+K14+L14+M14+N14 -> 3273600 | P14: 1190909 | Q14: =P14-O14 -> -2082691
A15: 8 | B15: 44056 | C15: Trả hàng Vietsun chiều 13/08 | D15: TRHU3295835 | E15: Cổ Loa, Đông Anh, Hà Nội | J15: 870000 | O15: =H15+J15+K15+L15+M15+N15 -> 870000 | P15: 3400000 | Q15: =P15-O15 -> 2530000
A16: 9 | B16: 44057 | C16: Trả hàng Vietsun tối 14/08 | D16: GAOU2109645 | E16: Thạch Cầu, Long Biên, Hà Nội | J16: =870000+390000 -> 1260000 | O16: =H16+J16+K16+L16+M16+N16 -> 1260000 | P16: 2754545 | Q16: =P16-O16 -> 1494545
A17: 10 | B17: 44058 | C17: Đóng hàng KH sáng 15/08 | D17: GAOU2109645 | E17: KCN Đồng Văn, Hà Nam | O17: =H17+J17+K17+L17+M17+N17 -> 0 | P17: 3363636 | Q17: =P17-O17 -> 3363636
A18: 11 | B18: 44059 | C18: Trả hàng sáng 17/08 | D18: TRHU1698410 | E18: Mộc Châu, Sơn La | G18: 276 | H18: =G18*12200 -> 3367200 | J18: =2470000+360000 -> 2830000 | O18: =H18+J18+K18+L18+M18+N18 -> 6197200 | P18: 11000000 | Q18: =P18-O18 -> 4802800
A19: 12 | B19: 44060 | C19: Đóng hàng KH tối 17/08 | D19: TRHU1698410 | E19: ???, Thái Nguyên | O19: =H19+J19+K19+L19+M19+N19 -> 0 | P19: 2000000 | Q19: =P19-O19 -> 2000000
A20: 13 | B20: 44060 | C20: Đóng hàng phân sáng 18/08 | D20: MSKU7264865 | E20: Hoa Lư, Ninh Bình | G20: 245 | H20: =G20*12200 -> 2989000 | J20: 680000 | O20: =H20+J20+K20+L20+M20+N20 -> 3669000 | P20: 3200000 | Q20: =P20-O20 -> -469000
A21: 14 | B21: 44060 | C21: Đóng hàng phân sáng 19/08 | D21: MRKU7546390 | E21: Hoa Lư, Ninh Bình | G21: 174 | H21: =G21*12200 -> 2122800 | J21: 680000 | O21: =H21+J21+K21+L21+M21+N21 -> 2802800 | P21: 3200000 | Q21: =P21-O21 -> 397200
A22: 15 | B22: 44060 | C22: Đóng hàng chè sáng 20/08 | D22: WHSU2405869 | E22: Tân Lập, Mộc Châu, Sơn La | J22: 2470000 | O22: =H22+J22+K22+L22+M22+N22 -> 2470000 | P22: 12272727 | Q22: =P22-O22 -> 9802727
A23: 16 | B23: 44063 | C23: Trả hàng NK chiều 21/08 - 22/08 | D23: DFSU1547001 | E23: TT Đông Anh, Hà Nội | G23: 217 | H23: =G23*12200 -> 2647400 | J23: 870000 | O23: =H23+J23+K23+L23+M23+N23 -> 3517400 | P23: 3500000 | Q23: =P23-O23 -> -17400
A24: 17 | B24: 44066 | C24: Trả hàng NK sáng 24/08 | D24: DRYU3052994 | E24: Minh Trí, Sóc Sơn, Hà Nội | J24: 870000 | O24: =H24+J24+K24+L24+M24+N24 -> 870000 | P24: 3600000 | Q24: =P24-O24 -> 2730000
A25: 18 | B25: 44067 | C25: Trả hàng NK sáng 25/08 | D25: CSNU1792469 | E25: CCN Từ Liêm, Hà Nội | J25: 930000 | O25: =H25+J25+K25+L25+M25+N25 -> 930000 | P25: 3400000 | Q25: =P25-O25 -> 2470000
A26: 19 | B26: 44068 | C26: Trả hàng Vietsun sáng 26/08 | D26: DRYU3095770 | E26: Văn Giang, Hưng Yên + KCN Phố Nối A, HY | J26: 1130000 | O26: =H26+J26+K26+L26+M26+N26 -> 1130000 | P26: 2627273 | Q26: =P26-O26 -> 1497273
A27: 20 | B27: 44069 | C27: Đóng hàng KH chiều 26/08 | D27: DRYU3095770 | E27: Phủ Lý, Hà Nam | G27: 250 | H27: =G27*12200 -> 3050000 | O27: =H27+J27+K27+L27+M27+N27 -> 3050000 | P27: 2792727 | Q27: =P27-O27 -> -257273
A28: 21 | B28: 44069 | C28: Trả hàng NK sáng 27/08 | D28: TRHU3460992 | E28: KCN VSIP, Bắc Ninh | J28: 930000 | O28: =H28+J28+K28+L28+M28+N28 -> 930000 | P28: 3200000 | Q28: =P28-O28 -> 2270000
A29: 22 | B29: 44070 | C29: Trả hàng sáng 28/08 | D29: VOSU1807960 | E29: Đa Hội, Bắc Ninh | J29: 1230000 | O29: =H29+J29+K29+L29+M29+N29 -> 1230000 | P29: 3300000 | Q29: =P29-O29 -> 2070000
A30: 23 | B30: 44071 | C30: Đóng hàng KH chiều 28/08 | D30: VOSU1807960 | E30: KCN Khai Quang, Vĩnh Yên, Vĩnh Phúc | G30: 300 | H30: =G30*11960 -> 3588000 | O30: =H30+J30+K30+L30+M30+N30 -> 3588000 | P30: 2000000 | Q30: =P30-O30 -> -1588000
A31: 24 | B31: 44071 | C31: Đóng hàng XK sáng 29/08 | D31: CAIU2997948 | E31: Xuân Mai, Chương Mỹ, Hà Nội | G31: 112 | H31: =G31*11960 -> 1339520 | J31: 870000 | O31: =H31+J31+K31+L31+M31+N31 -> 2209520 | P31: 4727273 | Q31: =P31-O31 -> 2517753
A32: 25 | B32: 44072 | C32: Đóng hàng XK sáng 31/08 | D32: MEDU2931520 | E32: Xuân Mai, Chương Mỹ, Hà Nội | J32: 810000 | O32: =H32+J32+K32+L32+M32+N32 -> 810000 | P32: 4727273 | Q32: =P32-O32 -> 3917273
O33: =H33+J33+K33+L33+M33+N33 -> 0 | Q33: =P33-O33 -> 0
C34: Phí gửi xe | L34: 1200000 | O34: =H34+J34+K34+L34+M34+N34 -> 1200000
C35: Thanh toán tiền bơm mỡ xe 15C-070.63 ngày 08/08 | L35: 170000 | O35: =H35+J35+K35+L35+M35+N35 -> 170000
C36: Thay dầu nhớt Total 20w-50CI-4 | L36: 2975000 | O36: =H36+J36+K36+L36+M36+N36 -> 2975000
C37: Thanh toán tiền thay lọc dầu P552100, lọc thả xe 15C-070.63 ngày 10/08 | L37: 570000 | O37: =H37+J37+K37+L37+M37+N37 -> 570000
C38: Thanh toán tiền sửa xe 15C-070.63 ngày 12/8 ( Dây điện, dây hơi mooc nguyên bộ, ổ điện mooc) | L38: 2240000 | O38: =H38+J38+K38+L38+M38+N38 -> 2240000
C39: Thanh toán tiền sửa xe 15C-070.63 ngày 12/8 (02 c ngáo hơi, 04 c gioăng ngáo hơi) | L39: 90000 | O39: =H39+J39+K39+L39+M39+N39 -> 90000
C40: Thanh toán tiền sửa xe 15C-070.63 ngày 12/08 (Tháo lắp dây hơi mooc) | L40: 100000 | O40: =H40+J40+K40+L40+M40+N40 -> 100000
C41: Lương lái xe | K41: 7961539 | O41: =H41+J41+K41+L41+M41+N41 -> 7961539
A42: TỔNG CỘNG | G42: =SUM(G7:G41) -> 2050 | H42: =SUM(H7:H41) -> 25001560 | I42: =SUM(I7:I41) -> 0 | J42: =SUM(J7:J41) -> 21460000 | K42: =SUM(K7:K41) -> 7961539 | L42: =SUM(L7:L41) -> 7345000 | M42: =SUM(M7:M41) -> 0 | N42: =SUM(N7:N41) -> 0 | O42: =SUM(O7:O41) -> 61768099 | P42: =SUM(P8:P41) -> 99019999 | Q42: =P42-O42 -> 37251900
P44: LK = | Q44: ='07.2020'!Q41+'08.2020'!Q42 -> 2.6566636e+08

Sheet 09.2020
A1: Bảng theo dõi doanh thu/ chi phí theo phương tiện vận chuyển
A2: Biển số xe: 15C - 070.63
B3: THÁNG 09.2020
A5: STT | B5: Ngày tháng | C5: Diễn giải | D5: Số cont | E5: Tuyến đường vận chuyển | F5: Khoảng cách (km) | G5: Chi phí | O5: Tổng chi phí | P5: Cước vận chuyển | Q5: Lợi nhuận gộp
G6: Dầu (l) | H6: Dầu (đồng) | I6: Mức TTBQ | J6: Đi đường | K6: Lương lx | L6: Sửa chữa | M6: Lốp | N6: Dầu máy
A8: 1 | B8: 44074 | C8: Đóng hàng XK sáng 01/09 | D8: MEDU2060758 | E8: Xuân Mai, Chương Mỹ, Hà Nội | G8: 225 | H8: =G8*11960 -> 2691000 | J8: 810000 | O8: =H8+J8+K8+L8+M8+N8 -> 3501000 | P8: 4727273 | Q8: =P8-O8 -> 1226273
A9: 2 | B9: 44075 | C9: Đóng hàng chè sáng 03/09 | D9: BSIU3183999 | E9: Tân Lập, Mộc Châu, Sơn La | J9: 2470000 | O9: =H9+J9+K9+L9+M9+N9 -> 2470000 | P9: 12272727 | Q9: =P9-O9 -> 9802727
A10: 3 | B10: 44077 | C10: Đóng hàng XK sáng 04/09 | D10: VHPU170305 | E10: Từ Sơn, Bắc Ninh | G10: 210 | H10: =G10*11960 -> 2511600 | J10: 930000 | O10: =H10+J10+K10+L10+M10+N10 -> 3441600 | P10: 3300000 | Q10: =P10-O10 -> -141600
A11: 4 | B11: 44082 | C11: Trả hàng NK sáng 08/09 | D11: DFSU2481676 | E11: Yên Viên, Gia Lâm, Hà Nội | J11: 810000 | O11: =H11+J11+K11+L11+M11+N11 -> 810000 | P11: 3400000 | Q11: =P11-O11 -> 2590000
A12: 5 | B12: 44082 | C12: Trả hàng NK sáng 09/09 | D12: FCIU5791136 | E12: KCN Bá Thiện 2, Bình Xuyên, Vĩnh Phúc | G12: 185 | H12: =G12*11960 -> 2212600 | J12: 870000 | O12: =H12+J12+K12+L12+M12+N12 -> 3082600 | P12: 3600000 | Q12: =P12-O12 -> 517400
A13: 6 | B13: 44083 | C13: Trả hàng Vietsun sáng 10/09 | D13: DRYU2923144 | E13: KCN Đại Đồng, Bắc Ninh | J13: 930000 | O13: =H13+J13+K13+L13+M13+N13 -> 930000 | P13: 3063636 | Q13: =P13-O13 -> 2133636
A14: 7 | B14: 44084 | C14: Trả hàng NK sáng 11 + 12/09 | D14: PASU0000258 | E14: KCN VSIP, Bắc Ninh | G14: 190 | H14: =G14*11960 -> 2272400 | J14: 930000 | O14: =H14+J14+K14+L14+M14+N14 -> 3202400 | P14: 5500000 | Q14: =P14-O14 -> 2297600
A15: 8 | B15: 44086 | C15: Đóng hàng XK sáng 14/09 | D15: MEDU3079470 | E15: Xuân Mai, Chương Mỹ, Hà Nội | J15: 980000 | O15: =H15+J15+K15+L15+M15+N15 -> 980000 | P15: 4727273 | Q15: =P15-O15 -> 3747273
A16: 9 | B16: 44088 | C16: Đóng hàng XK chiều 15/09 | D16: MEDU2011310 | E16: Xuân Mai, Chương Mỹ, Hà Nội | J16: 1250000 | O16: =H16+J16+K16+L16+M16+N16 -> 1250000 | P16: 4727273 | Q16: =P16-O16 -> 3477273
A17: 10 | B17: 44090 | C17: Đóng hàng chè sáng 17/09 | D17: WHSU2225358 | E17: Tân Lập, Mộc Châu, Sơn La | G17: 225 | H17: =G17*11510 -> 2589750 | J17: 2470000 | O17: =H17+J17+K17+L17+M17+N17 -> 5059750 | P17: 12272727 | Q17: =P17-O17 -> 7212977
A18: 11 | B18: 44093 | C18: Trả hàng NK sáng 19/09 | D18: FCIU6259278 | E18: Đức Giang, Long Biên, Hà Nội | G18: 120 | H18: =G18*11510 -> 1381200 | J18: 810000 | O18: =H18+J18+K18+L18+M18+N18 -> 2191200 | P18: 3800000 | Q18: =P18-O18 -> 1608800
A19: 12 | B19: 44095 | C19: Đóng hàng chè chiều 21/09 | D19: FFAU1878457 | E19: Thanh Sơn, Phú Thọ | G19: 210 | H19: =G19*11510 -> 2417100 | J19: 1400000 | O19: =H19+J19+K19+L19+M19+N19 -> 3817100 | P19: 5454545 | Q19: =P19-O19 -> 1637445
A20: 13 | B20: 44095 | C20: Trả hàng NK sáng 22/09 | D20: CRSU1112758 | E20: KCN VSIP, Bắc Ninh | J20: 930000 | O20: =H20+J20+K20+L20+M20+N20 -> 930000 | P20: 3300000 | Q20: =P20-O20 -> 2370000
A21: 14 | B21: 44096 | C21: Đóng hàng + trả hàng KH 22 - 23/09 | D21: CRSU1112758 | E21: KCN Phố Nối A, Văn Lâm, Hưng Yên | G21: 246 | H21: =G21*11510 -> 2831460 | J21: 300000 | O21: =H21+J21+K21+L21+M21+N21 -> 3131460 | P21: 2400000 | Q21: =P21-O21 -> -731460
A22: 15 | B22: 44097 | C22: Đóng hàng chè sáng 24/09 | D22: DFSU3026086 | E22: Tân Lập, Mộc Châu, Sơn La | G22: 125 | H22: =G22*11510 -> 1438750 | J22: 2470000 | O22: =H22+J22+K22+L22+M22+N22 -> 3908750 | P22: 12272727 | Q22: =P22-O22 -> 8363977
A23: 16 | B23: 44097 | C23: Đóng hàng phân chiều 25/09 | D23: WHLU0595609 | E23: Hoa Lư, Ninh Bình | G23: 210 | H23: =G23*11510 -> 2417100 | J23: 680000 | O23: =H23+J23+K23+L23+M23+N23 -> 3097100 | P23: 3200000 | Q23: =P23-O23 -> 102900
A24: 17 | B24: 44099 | C24: Trả hàng Vietsun sáng 26/09 | D24: CRXU3356375 | E24: Sơn Cẩm, Phú Lương, Thái Nguyên | G24: 220 | H24: =G24*11510 -> 2532200 | J24: 900000 | O24: =H24+J24+K24+L24+M24+N24 -> 3432200 | P24: 4709091 | Q24: =P24-O24 -> 1276891
A25: 18 | B25: 44100 | C25: Đóng hàng vỏ bình chứa khí 28/09 | D25: TRHU2915757 | E25: Nhật Tân, Hà Nội - Củ Chi, HCM | J25: 810000 | O25: =H25+J25+K25+L25+M25+N25 -> 810000 | P25: 3800000 | Q25: =P25-O25 -> 2990000
A26: 19 | B26: 44101 | C26: Trả hàng NK sáng 29/09 | D26: TCLU3496417 | E26: Cẩm Giàng, Hải Dương | J26: 540000 | O26: =H26+J26+K26+L26+M26+N26 -> 540000 | P26: 2650000 | Q26: =P26-O26 -> 2110000
A27: 20 | B27: 44103 | C27: Trả hàng NK sáng 30/09 | D27: SITU2774106 | E27: KCN Đại Đồng, Bắc Ninh | G27: 210 | H27: =G27*11120 -> 2335200 | J27: 930000 | O27: =H27+J27+K27+L27+M27+N27 -> 3265200 | P27: 3300000 | Q27: =P27-O27 -> 34800
C29: Phí gửi xe | L29: 1200000 | O29: =H29+J29+K29+L29+M29+N29 -> 1200000
C30: Thanh toán tiền sửa xe 15C-070.63 ngày 01/9 ( 3 đèn sườn, 1 đui-bóng 2 tóc, công, bóng xinnhan cắm, cân lốp) | L30: 320000 | O30: =H30+J30+K30+L30+M30+N30 -> 320000
C31: Thanh toán tiền sửa xe 15C-070.63 ngày 04/09 (Fa oto) | L31: 90000 | O31: =H31+J31+K31+L31+M31+N31 -> 90000
C32: Nộp phí dịch vụ kiểm định xe 15C-070.63 | L32: 840000 | O32: =H32+J32+K32+L32+M32+N32 -> 840000
C33: Thanh toán phí sử dụng đường bộ xe 15C-070.63 | L33: 7894000 | O33: =H33+J33+K33+L33+M33+N33 -> 7894000
C34: Chi tiền cho nhân viên đăng kiểm | L34: 500000 | O34: =H34+J34+K34+L34+M34+N34 -> 500000
C35: Thanh toán tiền chỉnh phanh xe 15C-070.63 | L35: 50000 | O35: =H35+J35+K35+L35+M35+N35 -> 50000
C36: Thanh toán tiền sửa xe 15C-070.63 ngày 05/9 ( Bơm mỡ) | L36: 170000 | O36: =H36+J36+K36+L36+M36+N36 -> 170000
C37: Thanh toán tiền cho xe 15C-070.63 ngày 11/09 ( Áo phản quang, cục chèn xe) | L37: 100000 | O37: =H37+J37+K37+L37+M37+N37 -> 100000
C38: Thanh toán tiền sửa xe 15C-070.63 ngày 22/09 ( thay săm ) | L38: 150000 | O38: =H38+J38+K38+L38+M38+N38 -> 150000
C39: Thanh toán tiền mua lốp Good Ride 11.00-20 cho xe 15C-070.63 ngày 25/09 | L39: 11200000 | O39: =H39+J39+K39+L39+M39+N39 -> 11200000
C40: Thanh toán tiền sửa xe 15C-070.63 ngày 05/09 ( thay bán phanh đầu, xăng đích thay và sửa mayơ chảy dầu) | L40: 2150000 | O40: =H40+J40+K40+L40+M40+N40 -> 2150000
... C43: Thanh toán tiền sửa xe 15C-070.63 ngày 30/08 (Hàn chắn bùn + đinh mooc của mooc 15R-128.07) | L43: 200000 | O43: =H43+J43+K43+L43+M43+N43 -> 200000
C44: Chi tiền thưởng mùng 2/9 | K44: 500000 | O44: =H44+J44+K44+L44+M44+N44 -> 500000
C45: Lương lái xe | K45: ='[2]09.2020'!$K$12 -> 8307692.3 | O45: =H45+J45+K45+L45+M45+N45 -> 8307692.3
A46: TỔNG CỘNG | G46: =SUM(G7:G45) -> 2376 | H46: =SUM(H7:H45) -> 27630360 | I46: =SUM(I7:I45) -> 0 | J46: =SUM(J7:J45) -> 22220000 | K46: =SUM(K7:K45) -> 8807692.3 | L46: =SUM(L7:L45) -> 26564000 | M46: =SUM(M7:M45) -> 0 | N46: =SUM(N7:N45) -> 0 | O46: =SUM(O7:O45) -> 85222052 | P46: =SUM(P8:P45) -> 102477272 | Q46: =P46-O46 -> 17255220
P48: LK = | Q48: ='08.2020'!Q44+'09.2020'!Q46 -> 2.8292158e+08

Sheet 10.2020
A1: Bảng theo dõi doanh thu/ chi phí theo phương tiện vận chuyển
A2: Biển số xe: 15C - 070.63
B3: THÁNG 10.2020
A5: STT | B5: Ngày tháng | C5: Diễn giải | D5: Số cont | E5: Tuyến đường vận chuyển | F5: Khoảng cách (km) | G5: Chi phí | O5: Tổng chi phí | P5: Cước vận chuyển | Q5: Lợi nhuận gộp
G6: Dầu (l) | H6: Dầu (đồng) | I6: Mức TTBQ | J6: Đi đường | K6: Lương lx | L6: Sửa chữa | M6: Lốp | N6: Dầu máy
A8: 1 | B8: 44104 | C8: Trả hàng NK sáng 01/10 - 02/10 | D8: PASU2017054 | E8: KCN VSIP, Bắc Ninh | J8: 1080000 | O8: =H8+J8+K8+L8+M8+N8 -> 1080000 | P8: 5500000 | Q8: =P8-O8 -> 4420000
A9: 2 | B9: 44109 | C9: Trả hàng Vietsun sáng 05/10 | D9: DRYU3094460 | E9: Văn Môn, Yên Phong, Bắc Ninh | G9: 197 | H9: =G9*11120 -> 2190640 | J9: 930000 | O9: =H9+J9+K9+L9+M9+N9 -> 3120640 | P9: 3309091 | Q9: =P9-O9 -> 188451
A10: 3 | B10: 44110 | C10: Đóng hàng phân sáng 06/10 | D10: EITU0405759 | E10: Hoa Lư, Ninh Bình | J10: 680000 | O10: =H10+J10+K10+L10+M10+N10 -> 680000 | P10: 3200000 | Q10: =P10-O10 -> 2520000
A11: 4 | B11: 44110 | C11: Đóng hàng phân sáng 07/10 | D11: EGHU3361289 | E11: Hoa Lư, Ninh Bình | G11: 192 | H11: =G11*11120 -> 2135040 | J11: 680000 | O11: =H11+J11+K11+L11+M11+N11 -> 2815040 | P11: 3200000 | Q11: =P11-O11 -> 384960
A12: 5 | B12: 44111 | C12: Đóng hàng chè sáng 08/10 | D12: MRKU3058247 | E12: Mỹ Bằng, Yên Sơn, Tuyên Quang | G12: 182 | H12: =G12*11120 -> 2023840 | J12: 1890000 | O12: =H12+J12+K12+L12+M12+N12 -> 3913840 | P12: 7209091 | Q12: =P12-O12 -> 3295251
A13: 6 | B13: 44112 | C13: Đóng hàng XK sáng 09/10 | D13: YMMU1057435 | E13: KCN Nam Cấm, Nghệ An | G13: 182 | H13: =G13*11120 -> 2023840 | J13: =1610000+300000 -> 1910000 | O13: =H13+J13+K13+L13+M13+N13 -> 3933840 | P13: 7250000 | Q13: =P13-O13 -> 3316160
A14: 7 | B14: 44116 | C14: Trả hàng NK chiều 12/10 | D14: MRKU7538373 | E14: Phổ Yên, Thái Nguyên | J14: 900000 | O14: =H14+J14+K14+L14+M14+N14 -> 900000 | P14: 4000000 | Q14: =P14-O14 -> 3100000
A15: 8 | B15: 44116 | C15: Đóng hàng chè sáng 13/10 | D15: WHSU2596301 | E15: Mộc Châu, Sơn La | G15: 110 | H15: =G15*11120 -> 1223200 | J15: 2470000 | O15: =H15+J15+K15+L15+M15+N15 -> 3693200 | P15: 12181818 | Q15: =P15-O15 -> 8488618
A16: 9 | B16: 44117 | C16: Trả hàng NK sáng 14/10 - 15/10 | D16: PASU2017115 | E16: KCN VSIP, Bắc Ninh | G16: 200 | H16: =G16*11120 -> 2224000 | J16: 1080000 | O16: =H16+J16+K16+L16+M16+N16 -> 3304000 | P16: 5500000 | Q16: =P16-O16 -> 2196000
A17: 10 | B17: 44119 | C17: Trả hàng Vietsun sáng 16/10 | D17: GAOU2114805 | E17: Kim Động, Hưng Yên | J17: 680000 | O17: =H17+J17+K17+L17+M17+N17 -> 680000 | P17: 2763636 | Q17: =P17-O17 -> 2083636
A18: 11 | B18: 44120 | C18: Trả hàng NK sáng 17/10 | D18: WHSU2035804 | E18: Yên Mỹ, Hưng Yên | G18: 178 | H18: =G18*11120 -> 1979360 | J18: 680000 | O18: =H18+J18+K18+L18+M18+N18 -> 2659360 | P18: 3300000 | Q18: =P18-O18 -> 640640
A19: 12 | B19: 44121 | C19: Trả hàng NK sáng 18/10 | D19: WHSU2525890 | E19: Yên Mỹ, Hưng Yên | J19: 680000 | O19: =H19+J19+K19+L19+M19+N19 -> 680000 | P19: 3300000 | Q19: =P19-O19 -> 2620000
A20: 13 | B20: 44123 | C20: Trả hàng NK sáng 19/10 | D20: TLLU2604773 | E20: tt. Đông Anh, Hà Nội | J20: 810000 | O20: =H20+J20+K20+L20+M20+N20 -> 810000 | P20: 3500000 | Q20: =P20-O20 -> 2690000
A21: 14 | B21: 44123 | C21: Trả hàng NK sáng 20/10 | D21: OOLU0441277 | E21: KCN Đại An, Hải Dương | G21: 255 | H21: =G21*11120 -> 2835600 | J21: 540000 | O21: =H21+J21+K21+L21+M21+N21 -> 3375600 | P21: 2500000 | Q21: =P21-O21 -> -875600
A22: 15 | B22: 44124 | C22: Trả hàng NK sáng 21/10 - 22/10 | D22: PASU0000242 | E22: KCN VSIP, Bắc Ninh | J22: 1080000 | O22: =H22+J22+K22+L22+M22+N22 -> 1080000 | P22: 5500000 | Q22: =P22-O22 -> 4420000
A23: 16 | B23: 44126 | C23: Đóng hàng chè sáng 23/10 | D23: WHSU2807256 | E23: Mỹ Hào, Hưng Yên | J23: 680000 | O23: =H23+J23+K23+L23+M23+N23 -> 680000 | P23: 3272727 | Q23: =P23-O23 -> 2592727
A24: 17 | B24: 44127 | C24: Trả hàng về kho DDC chiều 24/10 | D24: FSCU3988085 | E24: Kho DDC, Hải Phòng | G24: 210 | H24: =G24*11120 -> 2335200 | J24: 200000 | O24: =H24+J24+K24+L24+M24+N24 -> 2535200 | P24: 1500000 | Q24: =P24-O24 -> -1035200
A25: 18 | B25: 44130 | C25: Đóng hàng XK sáng 26/10 | D25: MEDU6175713 | E25: Xuân Mai, Chương Mỹ, Hà Nội | J25: 810000 | O25: =H25+J25+K25+L25+M25+N25 -> 810000 | P25: 4727273 | Q25: =P25-O25 -> 3917273
A26: 19 | B26: 44130 | C26: Đóng hàng XK sáng 27/10 | D26: CLHU3954787 | E26: Xuân Mai, Chương Mỹ, Hà Nội | J26: 810000 | O26: =H26+J26+K26+L26+M26+N26 -> 810000 | P26: 4727273 | Q26: =P26-O26 -> 3917273
A27: 20 | B27: 44131 | C27: Đóng hàng bentonite sáng 28/10 | D27: TCKU3198436 | E27: Triệu Sơn, Thanh Hóa - Trảng Bom, Đồng Nai | G27: 235 | H27: =G27*11210 -> 2634350 | J27: 940000 | O27: =H27+J27+K27+L27+M27+N27 -> 3574350 | P27: 5454545 | Q27: =P27-O27 -> 1880195
A28: 21 | B28: 44132 | C28: Trả hàng Vietsun sáng 29/10 | D28: DRYU3094270 | E28: KCN Đại Đồng, Bắc Ninh | J28: 930000 | O28: =H28+J28+K28+L28+M28+N28 -> 930000 | P28: 2863636 | Q28: =P28-O28 -> 1933636
A29: 22 | B29: 44133 | C29: Đóng hàng KH chiều 29/10 | D29: DRYU3094270 | E29: Tứ Kỳ, Hải Dương | J29: 350000 | O29: =H29+J29+K29+L29+M29+N29 -> 350000 | P29: 1610000 | Q29: =P29-O29 -> 1260000
A30: 23 | B30: 44133 | C30: Trả hàng đường ngắn đêm 29/10 | D30: POLU2011337 | E30: BV Phụ sản Hải Phòng | J30: 200000 | O30: =H30+J30+K30+L30+M30+N30 -> 200000 | P30: 1500000 | Q30: =P30-O30 -> 1300000
A31: 24 | B31: 44133 | C31: Trả hàng Vietsun sáng 30/10 | D31: DRYU2852251 | E31: KCN Đại Đồng, Bắc Ninh | G31: 235 | H31: =G31*11210 -> 2634350 | J31: 930000 | O31: =H31+J31+K31+L31+M31+N31 -> 3564350 | P31: 2863636 | Q31: =P31-O31 -> -700714
A32: 25 | B32: 44134 | C32: Đóng hàng KH chiều 30/10 | D32: DRYU2852251 | E32: Tứ Kỳ, Hải Dương | J32: 350000 | O32: =H32+J32+K32+L32+M32+N32 -> 350000 | P32: 1610000 | Q32: =P32-O32 -> 1260000
A33: 26 | B33: 44134 | C33: Trả hàng Vietsun sáng 31/10 | D33: GAOU2114512 | E33: KCN Đông La, Đông Hưng + Kiến Xương, Thái Bình | J33: 680000 | O33: =H33+J33+K33+L33+M33+N33 -> 680000 | P33: 3145455 | Q33: =P33-O33 -> 2465455
C35: Phí gửi xe | L35: 1200000 | O35: =H35+J35+K35+L35+M35+N35 -> 1200000
C36: Thanh toán tiền mua bóng tải goodyear ( casca) cho xe 15C-070.63 - 1 quả | L36: 2350000 | O36: =H36+J36+K36+L36+M36+N36 -> 2350000
C37: Thanh toán vé cầu đường đi cứu hộ xe 15C-070.63 ngày 03/10 | L37: 420000 | O37: =H37+J37+K37+L37+M37+N37 -> 420000
C38: Thanh toán tiền công cứu hộ trả cho thợ xe 15C-070.63 ngày 03/10 | L38: 500000 | O38: =H38+J38+K38+L38+M38+N38 -> 500000
C39: Thanh toán tiền sửa xe 15C-070.63 ngày 07/10 ( Công tắc Facos, Fa O bé , công lắp) | L39: 1060000 | O39: =H39+J39+K39+L39+M39+N39 -> 1060000
C40: Thanh toán tiền sửa xe 15C-070.63 ngày 06/10 ( Vệ sinh điện đề) | L40: 150000 | O40: =H40+J40+K40+L40+M40+N40 -> 150000
C41: Thanh toán tiền sửa xe 15C-070.63 (Thay block điều hòa và vỉ mạch điều khiển đóng mở cánh quạt) - Bh 6 tháng | L41: 4800000 | O41: =H41+J41+K41+L41+M41+N41 -> 4800000
C42: Thanh toán tiển sửa xe 15C-070.63 (mua vỉ điện đóng mở cánh quạt) | L42: 1300000 | O42: =H42+J42+K42+L42+M42+N42 -> 1300000
C43: Thanh toán tiền sửa xe 15C-070.63 ngày 03/10 ( Đắp dáu về dầu P, Hàu táp đai, nắn hàu bắt xương, thay kính chắn gió) | L43: 2100000 | O43: =H43+J43+K43+L43+M43+N43 -> 2100000
C44: TT tiền sửa xe 15C-070.63 ngày 03/10 ( Thay phớt pitong nhanh, phớt mayơ bên lái, dầu mỗi mayơ, công ) | L44: 2000000 | O44: =H44+J44+K44+L44+M44+N44 -> 2000000
C45: Thanh toán tiền sửa xe 15C-070.63 ngày 18/10 ( Công thợ tháo cánh quạt , thay phớt) | L45: 900000 | O45: =H45+J45+K45+L45+M45+N45 -> 900000
C46: Thanh toán tiền sửa xe 15C-070.63 ngày 19/10 ( Sửa tổng dật lốc kê, thay 2 cối ôm, zoăng phớt, công thợ) | L46: 400000 | O46: =H46+J46+K46+L46+M46+N46 -> 400000
C47: Lương lái xe | K47: ='[2]10.2020'!$K$12 -> 9692307.7 | O47: =H47+J47+K47+L47+M47+N47 -> 9692307.7
A48: TỔNG CỘNG | G48: =SUM(G7:G47) -> 2176 | H48: =SUM(H7:H47) -> 24239420 | I48: =SUM(I7:I47) -> 0 | J48: =SUM(J7:J47) -> 22970000 | K48: =SUM(K7:K47) -> 9692307.7 | L48: =SUM(L7:L47) -> 17180000 | M48: =SUM(M7:M47) -> 0 | N48: =SUM(N7:N47) -> 0 | O48: =SUM(O7:O47) -> 74081728 | P48: =SUM(P8:P47) -> 105488181 | Q48: =P48-O48 -> 31406453
P50: LK = | Q50: ='09.2020'!Q48+'10.2020'!Q48 -> 3.1432803e+08

Sheet 11.2020
A1: Bảng theo dõi doanh thu/ chi phí theo phương tiện vận chuyển
A2: Biển số xe: 15C - 070.63
B3: THÁNG 11.2020
A5: STT | B5: Ngày tháng | C5: Diễn giải | D5: Số cont | E5: Tuyến đường vận chuyển | F5: Khoảng cách (km) | G5: Chi phí | O5: Tổng chi phí | P5: Cước vận chuyển | Q5: Lợi nhuận gộp
G6: Dầu (l) | H6: Dầu (đồng) | I6: Mức TTBQ | J6: Đi đường | K6: Lương lx | L6: Sửa chữa | M6: Lốp | N6: Dầu máy
A8: 1 | B8: 44137 | C8: Trả hàng NK sáng 02/11 - 03/11 | D8: PASU2017012 | E8: KCN VSIP, Bắc Ninh | G8: 238 | H8: =G8*11210 -> 2667980 | J8: 1080000 | O8: =H8+J8+K8+L8+M8+N8 -> 3747980 | P8: 5500000 | Q8: =P8-O8 -> 1752020
A9: 2 | B9: 44139 | C9: Trả hàng NK sáng 04/11 - 05/11 | D9: PASU2017007 | E9: KCN VSIP, Bắc Ninh | J9: 1080000 | O9: =H9+J9+K9+L9+M9+N9 -> 1080000 | P9: 5500000 | Q9: =P9-O9 -> 4420000
A10: 3 | B10: 44140 | C10: Trả hàng NK sáng 06/11 - 07/11 | D10: PASU2017162 | E10: KCN VSIP, Bắc Ninh | J10: 1080000 | O10: =H10+J10+K10+L10+M10+N10 -> 1080000 | P10: 5500000 | Q10: =P10-O10 -> 4420000
A11: 4 | B11: 44144 | C11: Trả hàng Vietsun sáng 09/11 | D11: GLDU5295918 | E11: TT Đông Anh, Hà Nội + Lạng Giang, Bắc Giang | J11: 1010000 | O11: =H11+J11+K11+L11+M11+N11 -> 1010000 | P11: 4354545 | Q11: =P11-O11 -> 3344545
A12: 5 | B12: 44144 | C12: Đóng hàng chè sáng 10/11 | D12: WHSU5189423 | E12: Mỹ Bằng, Yên Sơn, Tuyên Quang | G12: 285 | H12: =G12*11210 -> 3194850 | J12: 1890000 | O12: =H12+J12+K12+L12+M12+N12 -> 5084850 | P12: 7209091 | Q12: =P12-O12 -> 2124241
A13: 6 | B13: 44145 | C13: Đóng hàng Vietsun sáng 11/11 | D13: TLLU2921588 | E13: Quốc Oai, Hà Nội | J13: 810000 | O13: =H13+J13+K13+L13+M13+N13 -> 810000 | P13: 3363636 | Q13: =P13-O13 -> 2553636
A14: 7 | B14: 44146 | C14: Đóng hàng chè sáng 12/11 | D14: WHSU2636148 | E14: Tân Lập, Mộc Châu, Sơn La | G14: 180 | H14: =G14*11210 -> 2017800 | J14: 2470000 | O14: =H14+J14+K14+L14+M14+N14 -> 4487800 | P14: 12272727 | Q14: =P14-O14 -> 7784927
A15: 8 | B15: 44147 | C15: Trả hàng Vietsun sáng 13/11 | D15: DRYU3094393 | E15: Bình Đà, Thanh Oai, Hà Nội | G15: 107 | H15: =G15*10830 -> 1158810 | J15: 1320000 | O15: =H15+J15+K15+L15+M15+N15 -> 2478810 | P15: 3327273 | Q15: =P15-O15 -> 848463
A16: 9 | B16: 44148 | C16: Đóng hàng KH chiều 13/11 | D16: DRYU3094393 | E16: Phủ Lý, Hà Nam | G16: 210 | H16: =G16*10830 -> 2274300 | O16: =H16+J16+K16+L16+M16+N16 -> 2274300 | P16: 2390909 | Q16: =P16-O16 -> 116609
A17: 10 | B17: 44148 | C17: Trả hàng Vietsun sáng 14/11 | D17: FCIU6337473 | E17: Yên Sở, Hoàng Mai, Hà Nội | J17: =810000+480000 -> 1290000 | O17: =H17+J17+K17+L17+M17+N17 -> 1290000 | P17: 3300000 | Q17: =P17-O17 -> 2010000
A18: 11 | B18: 44151 | C18: Trả hàng Vietsun sáng 17/11 | D18: TRHU3295917 | E18: KCN Đại Đồng, Bắc Ninh | J18: 930000 | O18: =H18+J18+K18+L18+M18+N18 -> 930000 | P18: 3063636 | Q18: =P18-O18 -> 2133636
A19: 12 | B19: 44152 | C19: Trả hàng Vietsun sáng 18/11 | D19: DRYU2902347 | E19: CCN Liên Phương-Quất Động, Thường Tín,HN | G19: 218 | H19: =G19*10830 -> 2360940 | J19: 810000 | O19: =H19+J19+K19+L19+M19+N19 -> 3170940 | P19: 3018182 | Q19: =P19-O19 -> -152758
