Workbook

Sheet T12.2015
A1: Bảng theo dõi doanh thu/ chi phí theo phương tiện vận chuyển
A2: Biển số xe: 15C - 139.82
H3: THÁNG 12/2015
A5: STT | B5: Ngày tháng | C5: Diễn giải | D5: Số cont | E5: Tuyến đường vận chuyển | F5: Khoảng cách (km) | G5: Chi phí | O5: Tổng chi phí | P5: Cước vận chuyển | Q5: Lợi nhuận gộp
G6: Dầu (l) | H6: Dầu (đồng) | I6: Mức TTBQ | J6: Đi đường | K6: Lương lx | L6: Sửa chữa | M6: Lốp | N6: Dầu máy
O7: =H7+J7+K7+L7+M7+N7 -> 0 | Q7: =P7-O7 -> 0
A8: 1 | B8: 42705 | C8: Đóng hàng chè sáng 01/12 | D8: WHLU0542640 | E8: Mỹ Bằng, Yên Sơn, Tuyên Quang | G8: 0 | H8: =G8*13510 -> 0 | J8: 2320000 | O8: =H8+J8+K8+L8+M8+N8 -> 2320000 | P8: =S8 -> 9545455 | Q8: =P8-O8 -> 7225455 | S8: 9545455
A9: 2 | B9: 42339 | C9: Trả hàng + đóng hàng 02/12 | D9: VSLU4026224 | E9: Long Biên, Hà Nội - Hà Nam | G9: 260 | H9: =G9*13510 -> 3512600 | J9: 1750000 | O9: =H9+J9+K9+L9+M9+N9 -> 5262600 | P9: =S9 -> 5960000 | Q9: =P9-O9 -> 697400 | S9: 5960000
A10: 3 | B10: 42340 | C10: Trả hàng NK sáng 03/12 | D10: KKTU7978160 | E10: Kim Bảng, Hà Nam | H10: =G10*13510 -> 0 | J10: 1430000 | O10: =H10+J10+K10+L10+M10+N10 -> 1430000 | P10: =S10 -> 3800000 | Q10: =P10-O10 -> 2370000 | S10: 3800000
A11: 4 | B11: 42340 | C11: Đóng hàng bột đá chiều 03/12 | D11: DRYU3022433 | E11: Phủ Lý, Hà Nam | H11: =G11*13510 -> 0 | J11: 0 | O11: =H11+J11+K11+L11+M11+N11 -> 0 | P11: =S11 -> 3000000 | Q11: =P11-O11 -> 3000000 | S11: 3000000
A12: 5 | B12: 42341 | C12: Trả hàng + đóng hàng 04/12 | D12: CAXU6113950 | E12: Văn Lâm, Hưng Yên - Hà Nam | H12: =G12*13510 -> 0 | J12: 1510000 | O12: =H12+J12+K12+L12+M12+N12 -> 1510000 | P12: =S12 -> 5580000 | Q12: =P12-O12 -> 4070000 | S12: 5580000
A13: 6 | B13: 42342 | C13: Trả hàng + đóng hàng 05/12 | D13: GMDU2409583 | E13: Bắc Ninh - Hà Nam | G13: 340 | H13: =G13*13230 -> 4498200 | J13: 1740000 | O13: =H13+J13+K13+L13+M13+N13 -> 6238200 | P13: =S13 -> 6060000 | Q13: =P13-O13 -> -178200 | S13: 6060000
A14: 7 | B14: 42343 | C14: Trả hàng sáng 07/12 | D14: TCKU2640820 | E14: KCN Đại Đồng, Bắc Ninh | G14: 0 | H14: =G14*13230 -> 0 | J14: 1750000 | O14: =H14+J14+K14+L14+M14+N14 -> 1750000 | P14: =S14 -> 3360000 | Q14: =P14-O14 -> 1610000 | S14: 3360000
A15: 8 | B15: 42343 | C15: Đóng hàng XK 07/12 | D15: RFCU2241173 | E15: Hoa Lư, Ninh Bình | G15: 0 | H15: =G15*13230 -> 0 | J15: 0 | O15: =H15+J15+K15+L15+M15+N15 -> 0 | P15: =S15 -> 4200000 | Q15: =P15-O15 -> 4200000 | S15: 4200000
A16: 9 | B16: 42345 | C16: Trả hàng sáng 08/12 | D16: VSLU3031904 | E16: Phú Thị, Gia Lâm, Hà Nội | G16: 0 | H16: =G16*13230 -> 0 | J16: 1740000 | O16: =H16+J16+K16+L16+M16+N16 -> 1740000 | P16: =S16 -> 3240000 | Q16: =P16-O16 -> 1500000 | S16: 3240000
A17: 10 | B17: 42345 | C17: Đóng hàng XK 08/12 | D17: TCKU3592563 | E17: Hoa Lư, Ninh Bình | G17: 248 | H17: =G17*13230 -> 3281040 | J17: 0 | O17: =H17+J17+K17+L17+M17+N17 -> 3281040 | P17: =S17 -> 4200000 | Q17: =P17-O17 -> 918960 | S17: 4200000
A18: 11 | B18: 42347 | C18: Đóng hàng chè sáng 11/12 | D18: TCLU9112550 | E18: TX Nghĩa Lộ, Yên Bái | G18: 0 | H18: =G18*13230 -> 0 | J18: 2320000 | O18: =H18+J18+K18+L18+M18+N18 -> 2320000 | P18: =S18 -> 11363636 | Q18: =P18-O18 -> 9043636 | S18: 11363636
A19: 12 | B19: 42349 | C19: Đóng hàng chè sáng 14/12 | D19: TCNU8139960 | E19: Mỹ Bằng, Yên Sơn, Tuyên Quang | G19: 371 | H19: =G19*13230 -> 4908330 | J19: 2320000 | O19: =H19+J19+K19+L19+M19+N19 -> 7228330 | P19: =S19 -> 10000000 | Q19: =P19-O19 -> 2771670 | S19: 10000000
A20: 13 | B20: 42352 | C20: Trả hàng sáng 15/12 | D20: DRYU2924032 | E20: KCN Đại Đồng, Bắc Ninh | H20: =G20*13230 -> 0 | J20: 1520000 | O20: =H20+J20+K20+L20+M20+N20 -> 1520000 | P20: =S20 -> 6100000 | Q20: =P20-O20 -> 4580000 | S20: 6100000
A21: 14 | B21: 42352 | C21: Đóng hàng XK 15/12 | D21: AKLU6029108 | E21: Hoà Lạc, Hà Nội | H21: =G21*13230 -> 0 | J21: 0 | O21: =H21+J21+K21+L21+M21+N21 -> 0 | P21: =S21 -> 0 | Q21: =P21-O21 -> 0 | S21: 0
A22: 15 | B22: 42353 | C22: Trả hàng sáng 16/12 | D22: DRYU2923273 | E22: KCN Đại Đồng, Bắc Ninh | H22: =G22*13230 -> 0 | J22: 1520000 | O22: =H22+J22+K22+L22+M22+N22 -> 1520000 | P22: =S22 -> 3360000 | Q22: =P22-O22 -> 1840000 | S22: 3360000
A23: 16 | B23: 42353 | C23: Đóng hàng bình khí 16/12 | D23: PCIU3151530 | E23: Từ Liêm, Hà Nội | H23: =G23*13230 -> 0 | J23: 0 | O23: =H23+J23+K23+L23+M23+N23 -> 0 | P23: =S23 -> 4500000 | Q23: =P23-O23 -> 4500000 | S23: 4500000
A24: 17 | B24: 42354 | C24: Trả hàng sáng 17/12 | D24: VNLU3016277 | E24: Văn Điển, Hà Nội | H24: =G24*13230 -> 0 | J24: 1520000 | O24: =H24+J24+K24+L24+M24+N24 -> 1520000 | P24: =S24 -> 3000000 | Q24: =P24-O24 -> 1480000 | S24: 3000000
A25: 18 | B25: 42354 | C25: Đóng hàng XK sáng 18/12 | D25: WHLU0499246 | E25: Mỹ Hào, Hưng Yên | G25: 285 | H25: =G25*13230 -> 3770550 | J25: 200000 | O25: =H25+J25+K25+L25+M25+N25 -> 3970550 | P25: =S25 -> 3090909 | Q25: =P25-O25 -> -879641 | S25: 3090909
A26: 19 | B26: 42355 | C26: Trả hàng 18/12 | D26: WFHU1362683 | E26: Mỹ Hào, Hưng Yên | H26: =G26*13510 -> 0 | J26: 1110000 | O26: =H26+J26+K26+L26+M26+N26 -> 1110000 | P26: =S26 -> 2890000 | Q26: =P26-O26 -> 1780000 | S26: 2890000
A27: 20 | B27: 42357 | C27: Trả hàng NK sáng 20/12 | D27: DRYU3094515 | E27: Mỹ Hào, Hưng Yên | H27: =G27*13510 -> 0 | J27: 1480000 | O27: =H27+J27+K27+L27+M27+N27 -> 1480000 | P27: =S27 -> 5780000 | Q27: =P27-O27 -> 4300000 | S27: 5780000
A28: 21 | B28: 42357 | C28: Đóng hàng XK 20/12 | D28: MAGU2327532 | E28: Tam Điệp, Ninh Bình | H28: =G28*13510 -> 0 | J28: 0 | O28: =H28+J28+K28+L28+M28+N28 -> 0 | P28: =S28 -> 0 | Q28: =P28-O28 -> 0 | S28: 0
A29: 22 | B29: 42358 | C29: Trả hàng sáng 21/12 | D29: DRYU3095804 | E29: KCN Đại Đồng, Bắc Ninh | H29: =G29*13510 -> 0 | J29: 1740000 | O29: =H29+J29+K29+L29+M29+N29 -> 1740000 | P29: =S29 -> 3360000 | Q29: =P29-O29 -> 1620000 | S29: 3360000
A30: 23 | B30: 42358 | C30: Đóng hàng XK 21/12 | D30: MRKU8758048 | E30: Hoa Lư, Ninh Bình | G30: 176 | H30: =G30*11980 -> 2108480 | J30: 0 | O30: =H30+J30+K30+L30+M30+N30 -> 2108480 | P30: =S30 -> 4200000 | Q30: =P30-O30 -> 2091520 | S30: 4200000
A31: 24 | B31: 42359 | C31: Trả hàng + đóng hàng 22/12 | D31: DRYU2852729 | E31: Bắc Ninh - Hà Nam | H31: =G31*11980 -> 0 | J31: 1750000 | O31: =H31+J31+K31+L31+M31+N31 -> 1750000 | P31: =S31 -> 6060000 | Q31: =P31-O31 -> 4310000 | S31: 6060000
A32: 25 | B32: 42360 | C32: Đóng hàng chè sáng 23/12 | D32: BMOU5260477 | E32: Mỹ Bằng, Yên Sơn, Tuyên Quang | G32: 420 | H32: =G32*11980 -> 5031600 | J32: 2320000 | O32: =H32+J32+K32+L32+M32+N32 -> 7351600 | P32: =S32 -> 10000000 | Q32: =P32-O32 -> 2648400 | S32: 10000000
A33: 26 | B33: 42361 | C33: Trả hàng NK sáng 24/12 | D33: WHLU5451100 | E33: Mộc Châu, Sơn La | H33: =G33*11980 -> 0 | J33: 3100000 | O33: =H33+J33+K33+L33+M33+N33 -> 3100000 | P33: =S33 -> 13636364 | Q33: =P33-O33 -> 10536364 | S33: 13636364
A34: 27 | B34: 42363 | C34: Trả hàng NK 27/12 | D34: TEMU9037789 | E34: Mường Chài, Điện Biên | G34: 567 | H34: =G34*11980 -> 6792660 | J34: =8000000+8000000 -> 16000000 | O34: =H34+J34+K34+L34+M34+N34 -> 22792660 | P34: =S34 -> 45000000 | Q34: =P34-O34 -> 22207340 | S34: 45000000
A35: 28 | B35: 42735 | C35: Thu tiền bồi thường tai nạn xe 08/12 | O35: =H35+J35+K35+L35+M35+N35 -> 0 | P35: 19000000 | Q35: =P35-O35 -> 19000000
B36: 42714 | C36: gửi xe: 150.000, cắt hàn đinh mooc: 300.000, mỡ bò: 40.000, sửa hơi: 50.000 | L36: 540000 | O36: =H36+J36+K36+L36+M36+N36 -> 540000 | P36: =S36 -> 0 | Q36: =P36-O36 -> -540000
B37: 42714 | C37: Anh Phụng thanh toán tiền sửa xe 15C-139.82 | L37: 5000000 | O37: =H37+J37+K37+L37+M37+N37 -> 5000000 | P37: =S37 -> 0 | Q37: =P37-O37 -> -5000000
B38: 42716 | C38: A. Huấn bơm mỡ xe 15C-139.82 | L38: 170000 | O38: =H38+J38+K38+L38+M38+N38 -> 170000 | P38: =S38 -> 0 | Q38: =P38-O38 -> -170000
B39: 42719 | C39: Anh Phụng thanh toán sửa xe 15C-139.382 | L39: 3900000 | O39: =H39+J39+K39+L39+M39+N39 -> 3900000 | P39: =S39 -> 0 | Q39: =P39-O39 -> -3900000
B40: 42729 | C40: A. Huấn sửa giằng gương xe 15C-139.82 | L40: 300000 | O40: =H40+J40+K40+L40+M40+N40 -> 300000 | P40: =S40 -> 0 | Q40: =P40-O40 -> -300000
B41: 42730 | C41: Thanh toán tiền lốp xe 15C-139.82 (4 quả) | M41: 23200000 | O41: =H41+J41+K41+L41+M41+N41 -> 23200000 | P41: =S41 -> 0 | Q41: =P41-O41 -> -23200000 | R41: T5 | T41: 42389340
B42: 42734 | C42: Thanh toán tiền thay lốp xe 15C-139.82 (2 quả) | M42: 9800000 | O42: =H42+J42+K42+L42+M42+N42 -> 9800000 | P42: =S42 -> 0 | Q42: =P42-O42 -> -9800000 | R42: T6 | T42: 83740571
C43: Phí gửi xe | L43: 1200000 | O43: =H43+J43+K43+L43+M43+N43 -> 1200000 | P43: =S43 -> 0 | Q43: =P43-O43 -> -1200000 | R43: T7 | T43: 75594615
C44: Lương lái xe + thưởng | K44: 9500000 | O44: =H44+J44+K44+L44+M44+N44 -> 9500000 | P44: =S44 -> 0 | Q44: =P44-O44 -> -9500000 | R44: T8 | T44: 44295100
O45: =H45+J45+K45+L45+M45+N45 -> 0 | P45: =S45 -> 0 | Q45: =P45-O45 -> 0 | R45: T9 | T45: 86918984
A46: TỔNG CỘNG | G46: =SUM(G8:G45) -> 2667 | H46: =SUM(H8:H45) -> 33903460 | I46: =SUM(I8:I45) -> 0 | J46: =SUM(J8:J45) -> 49140000 | K46: =SUM(K8:K45) -> 9500000 | L46: =SUM(L8:L45) -> 11110000 | M46: =SUM(M8:M45) -> 33000000 | N46: =SUM(N8:N45) -> 0 | O46: =SUM(O7:O45) -> 136653460 | P46: =SUM(P7:P45) -> 200286364 | Q46: =SUM(Q7:Q45) -> 63632904 | R46: T10 | S46: 70554826
H47: 35646250 | O47: =H46+J46+K46+L46+M46+N46 -> 136653460 | Q47: =P46-O46 -> 63632904 | R47: T11 | S47: 58124426
H48: =H46-H47 -> -1742790 | O48: =O46-O47 -> 0 | Q48: =Q46-Q47 -> 0 | R48: 10+11+12 | S48: =Q47+S46+S47 -> 192312156 | T48: =T41+T42+T43+T44+T45+S48 -> 5.2525077e+08
Q49: Phí quản lý | R49: 0.12 | S49: =S48*R49 -> 23077459 | T49: =T48/8 -> 65656346
Q50: Sau phí quản lý | S50: =S48-S49 -> 1.692347e+08
R51: 0.236 | S51: =S50*R51 -> 39939389
R52: 0.4708 | S52: =S50*R52 -> 79675695

Sheet T01-2016
A1: Bảng theo dõi doanh thu/ chi phí theo phương tiện vận chuyển
A2: Biển số xe: 15C - 139.82
B3: THÁNG 01.2016
A5: STT | B5: Ngày tháng | C5: Diễn giải | D5: Số cont | E5: Tuyến đường vận chuyển | F5: Khoảng cách (km) | G5: Chi phí | O5: Tổng chi phí | P5: Cước vận chuyển | Q5: Lợi nhuận gộp
G6: Dầu (l) | H6: Dầu (đồng) | I6: Mức TTBQ | J6: Đi đường | K6: Lương lx | L6: Sửa chữa | M6: Lốp | N6: Dầu máy
A8: 1 | C8: Lưu ca xe từ 29/12 đến 11/01 | D8: TEMU9037789 | J8: =13*400000 -> 5200000 | O8: =N8+M8+L8+K8+J8+H8 -> 5200000 | P8: =13*1800000 -> 23400000 | Q8: =P8-O8 -> 18200000
C9: Luật phát sinh thêm 500k | D9: TEMU9037789 | J9: 500000 | O9: =N9+M9+L9+K9+J9+H9 -> 500000 | P9: 0 | Q9: =P9-O9 -> -500000
A10: 2 | B10: 42380 | C10: Đóng hàng chè sáng 14/01 | D10: TCLU9522302 | E10: Mỹ Bằng, Yên Sơn, Tuyên Quang | J10: 2420000 | O10: =N10+M10+L10+K10+J10+H10 -> 2420000 | P10: 9545455 | Q10: =P10-O10 -> 7125455
A11: 3 | B11: 42383 | C11: Trả hàng NK sáng 15/01 | D11: HLXU6420609 | E11: KCN Nam Sách, Hải Dương | G11: 610 | H11: 6777100 | J11: 660000 | O11: =N11+M11+L11+K11+J11+H11 -> 7437100 | P11: 2800000 | Q11: =P11-O11 -> -4637100
A12: 4 | B12: 42384 | C12: Trả hàng NK sáng 16/01 | D12: TEMU2888067 | E12: KCN Song Khê, Bắc Giang | J12: 2280000 | O12: =N12+M12+L12+K12+J12+H12 -> 2280000 | P12: 4000000 | Q12: =P12-O12 -> 1720000
A13: 5 | B13: 42384 | C13: Đóng hàng tinh bột sáng 18/01 | D13: TRHU1347141 | E13: KCN Mỹ Phước 2, Bến Cát, BD | J13: 0 | O13: =N13+M13+L13+K13+J13+H13 -> 0 | P13: 5200000 | Q13: =P13-O13 -> 5200000
A14: 6 | B14: 42387 | C14: Đóng hàng XK chiều 19/01 | D14: TCLU8556817 | E14: KCN VSIP, Thủy Nguyên, Hải Phòng | J14: 300000 | O14: =N14+M14+L14+K14+J14+H14 -> 300000 | P14: 1750000 | Q14: =P14-O14 -> 1450000
A15: 7 | B15: 42388 | C15: Trả hàng Vietsun sáng 20/01 | D15: WFHU5152854 | E15: KCN Quất Động, Thường Tín, Hà Nội | J15: 1450000 | O15: =N15+M15+L15+K15+J15+H15 -> 1450000 | P15: 3481818 | Q15: =P15-O15 -> 2031818
A16: 8 | B16: 42388 | C16: Đóng hàng than hoạt tính chiều 20/01 | D16: WFHU5152854 | E16: TP. Trà Vinh | G16: 405 | H16: 4499550 | J16: 0 | O16: =N16+M16+L16+K16+J16+H16 -> 4499550 | P16: 3000000 | Q16: =P16-O16 -> -1499550
A17: 9 | B17: 42389 | C17: Trả hàng Vietsun sáng 21/01 | D17: VSLU9371400 | E17: Văn Lâm, Hưng Yên | J17: 970000 | O17: =N17+M17+L17+K17+J17+H17 -> 970000 | P17: 3190909 | Q17: =P17-O17 -> 2220909
A18: 10 | B18: 42389 | C18: Đóng hàng chè sáng 22/01 | D18: MAGU5185658 | E18: Mỹ Bằng, Yên Sơn, Tuyên Quang | J18: 2320000 | O18: =N18+M18+L18+K18+J18+H18 -> 2320000 | P18: 9545455 | Q18: =P18-O18 -> 7225455
A19: 11 | B19: 42391 | C19: Trả hàng + đóng hàng KH sáng 23/01 | D19: EITU0420938 | E19: Văn Điển, Hà Nội | J19: 1800000 | O19: =N19+M19+L19+K19+J19+H19 -> 1800000 | P19: 6500000 | Q19: =P19-O19 -> 4700000
A20: 12 | B20: 42391 | C20: Trả hàng + đóng hàng KH sáng 23/01 | D20: OOLU1665435 | E20: Bình Xuyên, Vĩnh Phúc | G20: 510 | H20: 5202000 | J20: 0 | O20: =N20+M20+L20+K20+J20+H20 -> 5202000 | P20: 0 | Q20: =P20-O20 -> -5202000
A21: 13 | B21: 42393 | C21: Trả hàng + đóng hàng KH 25/01 | D21: TRHU1343723 | E21: KCN Đại Đồng, Bắc Ninh - Hà Nam | G21: 120 | H21: 1224000 | J21: 1750000 | O21: =N21+M21+L21+K21+J21+H21 -> 2974000 | P21: 5860000 | Q21: =P21-O21 -> 2886000
A22: 14 | B22: 42394 | C22: Trả hàng NK 26/01 | D22: SZLU9073612 | E22: CK Ma Lù Thàng, Lai Châu | G22: 580 | H22: =G22*10200 -> 5916000 | J22: 8500000 | O22: =N22+M22+L22+K22+J22+H22 -> 14416000 | P22: 34000000 | Q22: =P22-O22 -> 19584000
O23: =N23+M23+L23+K23+J23+H23 -> 0
C24: Tiền gửi xe T01/2016 | L24: 1200000 | O24: =N24+M24+L24+K24+J24+H24 -> 1200000 | Q24: =P24-O24 -> -1200000
C25: Lương lái xe | K25: 9000000 | O25: =N25+M25+L25+K25+J25+H25 -> 9000000 | Q25: =P25-O25 -> -9000000
C26: Lắp đặt thiết bị định vị | L26: 2740000 | O26: =N26+M26+L26+K26+J26+H26 -> 2740000 | Q26: =P26-O26 -> -2740000
C27: Sửa điều hóa | L27: 1300000 | O27: =N27+M27+L27+K27+J27+H27 -> 1300000 | Q27: =P27-O27 -> -1300000
C28: Bơm mỡ xe | L28: 180000 | O28: =N28+M28+L28+K28+J28+H28 -> 180000 | Q28: =P28-O28 -> -180000
C29: Tiền ăn lưu ca xe 1 ngày 21.01 | L29: 200000 | O29: =N29+M29+L29+K29+J29+H29 -> 200000 | Q29: =P29-O29 -> -200000
C30: Thưởng Tết AL | K30: 7000000 | O30: =N30+M30+L30+K30+J30+H30 -> 7000000 | Q30: =P30-O30 -> -7000000
O31: =N31+M31+L31+K31+J31+H31 -> 0 | Q31: =P31-O31 -> 0
O32: =N32+M32+L32+K32+J32+H32 -> 0 | Q32: =P32-O32 -> 0
A33: TỔNG CỘNG | G33: =SUM(G7:G32) -> 2225 | H33: =SUM(H7:H32) -> 23618650 | I33: =SUM(I7:I32) -> 0 | J33: =SUM(J8:J32) -> 28150000 | K33: =SUM(K8:K32) -> 16000000 | L33: =SUM(L8:L32) -> 5620000 | M33: =SUM(M8:M32) -> 0 | N33: =SUM(N8:N32) -> 0 | O33: =SUM(O8:O32) -> 73388650 | P33: =SUM(P8:P32) -> 112273637 | Q33: =SUM(Q8:Q32) -> 38884987
P35: LK | Q35: =Q33 -> 38884987

Sheet T02-2016
A1: Bảng theo dõi doanh thu/ chi phí theo phương tiện vận chuyển
A2: Biển số xe: 15C - 139.82
B3: THÁNG 02.2016
A5: STT | B5: Ngày tháng | C5: Diễn giải | D5: Số cont | E5: Tuyến đường vận chuyển | F5: Khoảng cách (km) | G5: Chi phí | O5: Tổng chi phí | P5: Cước vận chuyển | Q5: Lợi nhuận gộp
G6: Dầu (l) | H6: Dầu (đồng) | I6: Mức TTBQ | J6: Đi đường | K6: Lương lx | L6: Sửa chữa | M6: Lốp | N6: Dầu máy
C8: Lưu ca xe từ 30/01 đến 16/02 (21 ngày) | D8: SZLU9073612 | J8: =21*400000 -> 8400000 | O8: =N8+M8+L8+K8+J8+H8 -> 8400000 | P8: =21*1800000 -> 37800000 | Q8: =P8-O8 -> 29400000
A9: 1 | B9: 42422 | C9: Trả hàng + đóng hàng KH 23/02 | D9: VSLU1046000 | E9: KCN Đại Đồng, Bắc Ninh - Hà Nam | J9: 1740000 | O9: =N9+M9+L9+K9+J9+H9 -> 1740000 | P9: 5720000 | Q9: =P9-O9 -> 3980000
A10: 2 | B10: 42425 | C10: Trả hàng NK sáng 25/02 | D10: TEMU0282131 | E10: KCN VSIP, Thủy Nguyên, Hải Phòng | J10: 200000 | O10: =N10+M10+L10+K10+J10+H10 -> 200000 | P10: 1750000 | Q10: =P10-O10 -> 1550000
A11: 3 | B11: 42426 | C11: Đóng hàng chè sáng 29/02 | D11: BMOU4555040 | E11: Mỹ Bằng, Yên Sơn, Tuyên Quang | J11: 2320000 | O11: =N11+M11+L11+K11+J11+H11 -> 2320000 | P11: 9090909 | Q11: =P11-O11 -> 6770909
O12: =N12+M12+L12+K12+J12+H12 -> 0 | Q12: =P12-O12 -> 0
C13: Lương lái xe | K13: 8280000 | O13: =N13+M13+L13+K13+J13+H13 -> 8280000 | Q13: =P13-O13 -> -8280000
C14: Tiền gửi xe T2 | L14: 1200000 | O14: =N14+M14+L14+K14+J14+H14 -> 1200000 | Q14: =P14-O14 -> -1200000
O15: =N15+M15+L15+K15+J15+H15 -> 0 | Q15: =P15-O15 -> 0
O16: =N16+M16+L16+K16+J16+H16 -> 0 | Q16: =P16-O16 -> 0
A17: TỔNG CỘNG | G17: =SUM(G7:G16) -> 0 | H17: =SUM(H7:H16) -> 0 | I17: =SUM(I7:I16) -> 0 | J17: =SUM(J7:J16) -> 12660000 | K17: =SUM(K7:K16) -> 8280000 | L17: =SUM(L7:L16) -> 1200000 | M17: =SUM(M7:M16) -> 0 | N17: =SUM(N7:N16) -> 0 | ... Q17: =SUM(Q7:Q16) -> 32220909
P19: LK | Q19: ='T01-2016'!Q35+'T02-2016'!Q17 -> 71105896

Sheet 03-2016
A1: Bảng theo dõi doanh thu/ chi phí theo phương tiện vận chuyển
A2: Biển số xe: 15C - 139.82
B3: THÁNG 03.2016
A5: STT | B5: Ngày tháng | C5: Diễn giải | D5: Số cont | E5: Tuyến đường vận chuyển | F5: Khoảng cách (km) | G5: Chi phí | O5: Tổng chi phí | P5: Cước vận chuyển | Q5: Lợi nhuận gộp
G6: Dầu (l) | H6: Dầu (đồng) | I6: Mức TTBQ | J6: Đi đường | K6: Lương lx | L6: Sửa chữa | M6: Lốp | N6: Dầu máy
A8: 1 | B8: 42429 | C8: Trả hàng + đóng hàng KH 01/03 | D8: TCKU3311500 | E8: KCN Đại Đồng, Bắc Ninh - Hà Nam | J8: 1700000 | O8: =SUM(H8:N8) -> 1700000 | P8: 5720000 | Q8: =P8-O8 -> 4020000
A9: 2 | B9: 42431 | C9: Đóng hàng than hoạt tính sáng 03/03 | D9: YMLU8172144 | E9: TP. Trà Vinh | J9: 960000 | O9: =N9+M9+L9+K9+J9+H9 -> 960000 | P9: 3000000 | Q9: =P9-O9 -> 2040000
A10: 3 | B10: 42432 | C10: Trả hàng NK sáng 04/03 | D10: TGHU2733093 | E10: Phú Thị, Gia Lâm, Hà Nội | G10: 438 | H10: 4196040 | J10: 1740000 | O10: =N10+M10+L10+K10+J10+H10 -> 5936040 | P10: 3600000 | Q10: =P10-O10 -> -2336040
B11: 42432 | C11: Đóng hàng bột đá chiều 04/03 | D11: GMTU4486575 | E11: Phủ Lý, Hà Nam | J11: 0 | O11: =N11+M11+L11+K11+J11+H11 -> 0 | P11: 2800000 | Q11: =P11-O11 -> 2800000
B12: 42433 | C12: Đóng hàng XK sáng 05/03 | D12: EGSU9100671 | E12: KCN Vân Trung, Việt Yên, Bắc Giang | J12: 1120000 | O12: =N12+M12+L12+K12+J12+H12 -> 1120000 | P12: 3800000 | Q12: =P12-O12 -> 2680000
B13: 42434 | C13: Trả hàng + đóng hàng KH 07/03 | D13: DRYU3094032 | E13: KCN Đại Đồng, Bắc Ninh - Hà Nam | J13: =780000+960000 -> 1740000 | O13: =N13+M13+L13+K13+J13+H13 -> 1740000 | P13: 5720000 | Q13: =P13-O13 -> 3980000
B14: 42436 | C14: Đóng hàng XK 08/03 | D14: TCKU2310937 | E14: Từ Liêm, Hà Nội | J14: 1120000 | O14: =N14+M14+L14+K14+J14+H14 -> 1120000 | P14: 4318182 | Q14: =P14-O14 -> 3198182
B15: 42438 | C15: Đóng hàng XK sáng 09/03 | D15: TTNU3744431 | E15: Cầu Đá Bạc, Hải Phòng | J15: 400000 | O15: =N15+M15+L15+K15+J15+H15 -> 400000 | P15: 2000000 | Q15: =P15-O15 -> 1600000
B16: 42438 | C16: Đóng hàng XK chiều 09/03 | D16: UESU2439304 | E16: Cầu Đá Bạc, Hải Phòng | G16: 485 | H16: 4646300 | J16: 400000 | O16: =N16+M16+L16+K16+J16+H16 -> 5046300 | P16: 2000000 | Q16: =P16-O16 -> -3046300
B17: 42438 | C17: Trả hàng NK sáng 10/03 | D17: UETU2239130 | E17: Cảng Phà Đen, Hà Nội | J17: 1120000 | O17: =N17+M17+L17+K17+J17+H17 -> 1120000 | P17: 4300000 | Q17: =P17-O17 -> 3180000
B18: 42440 | C18: Đóng hàng chiều 11/03 | D18: EITU1509845 | E18: KCN VSIP, Thủy Nguyên, Hải Phòng | J18: 300000 | O18: =N18+M18+L18+K18+J18+H18 -> 300000 | P18: 1750000 | Q18: =P18-O18 -> 1450000
B19: 42441 | C19: Trả hàng NK sáng 12/03 | D19: TWCU2069203 | E19: KCN Vân Trung, Việt Yên, Bắc Giang | J19: 1120000 | O19: =N19+M19+L19+K19+J19+H19 -> 1120000 | P19: 3500000 | Q19: =P19-O19 -> 2380000
B20: 42442 | C20: Trả hàng sáng 14/03 | D20: TCKU3061968 | E20: Kim Sơn, Ninh Bình | J20: 1200000 | O20: =N20+M20+L20+K20+J20+H20 -> 1200000 | P20: 5500000 | Q20: =P20-O20 -> 4300000
B21: 42442 | C21: Đóng hàng vôi XK chiều 14/03 | D21: DFSU1104451 | E21: Tam Điệp, Ninh Bình | J21: 0 | O21: =N21+M21+L21+K21+J21+H21 -> 0 | P21: 0 | Q21: =P21-O21 -> 0
B22: 42443 | C22: Đóng hàng XK sáng 15/03 | D22: TEMU6644027 | E22: Phả Lại, Hải Dương | J22: 660000 | O22: =N22+M22+L22+K22+J22+H22 -> 660000 | P22: 3160000 | Q22: =P22-O22 -> 2500000
B23: 42443 | C23: Đóng hàng XK sáng 16/03 | D23: FCIU8864600 | E23: Phả Lại, Hải Dương | G23: 420 | H23: 4023600 | J23: 660000 | O23: =N23+M23+L23+K23+J23+H23 -> 4683600 | P23: 3160000 | Q23: =P23-O23 -> -1523600
B24: 42445 | C24: Trả hàng + đóng hàng KH 17/03 | D24: NPLU2212795 | E24: Hoài Đức, Hà Nội | J24: 1740000 | O24: =N24+M24+L24+K24+J24+H24 -> 1740000 | P24: 5900000 | Q24: =P24-O24 -> 4160000
B25: 42445 | C25: Trả hàng + đóng hàng KH 17/03 | D25: GMTU4021834 | E25: Phủ Lý, Hà Nam | J25: 0 | O25: =N25+M25+L25+K25+J25+H25 -> 0 | P25: 0 | Q25: =P25-O25 -> 0
B26: 42446 | C26: Trả hàng + đóng hàng KH 18/03 | D26: EMCU3680697 | E26: Trôi, Hà Nội | J26: 1740000 | O26: =N26+M26+L26+K26+J26+H26 -> 1740000 | P26: 5900000 | Q26: =P26-O26 -> 4160000
B27: 42446 | C27: Trả hàng + đóng hàng KH 18/03 | D27: TCLU2357443 | E27: Phủ Lý, Hà Nam | J27: 0 | O27: =N27+M27+L27+K27+J27+H27 -> 0 | P27: 0 | Q27: =P27-O27 -> 0
B28: 42448 | C28: Trả hàng NK 20/03 | D28: TEMU4650355 | E28: Cảng Phà Đen, Hà Nội | G28: 373 | H28: 3573340 | J28: 1740000 | O28: =N28+M28+L28+K28+J28+H28 -> 5313340 | P28: 4300000 | Q28: =P28-O28 -> -1013340
B29: 42450 | C29: Đóng hàng vôi XK chiều 20/03 | D29: TCKU3739470 | E29: Tam Điệp, Ninh Bình | J29: 0 | O29: =N29+M29+L29+K29+J29+H29 -> 0 | P29: 2900000 | Q29: =P29-O29 -> 2900000
B30: 42451 | C30: Trả hàng sáng 23/03 | D30: TRIU6800507 | E30: KCN Tiên Sơn, Bắc Ninh | J30: 1320000 | O30: =N30+M30+L30+K30+J30+H30 -> 1320000 | P30: 5000000 | Q30: =P30-O30 -> 3680000
B31: 42452 | C31: Trả hàng sáng 23/03 | D31: TEXU9017929 | E31: KCN Tiên Sơn, Bắc Ninh | J31: 0 | O31: =N31+M31+L31+K31+J31+H31 -> 0 | P31: 0 | Q31: =P31-O31 -> 0
B32: 42452 | C32: Trả hàng NK sáng 24/03 | D32: HAHU2058597 | E32: Cảng Phà Đen, Hà Nội | J32: =1740000-620000 -> 1120000 | O32: =N32+M32+L32+K32+J32+H32 -> 1120000 | P32: 4300000 | Q32: =P32-O32 -> 3180000
B33: 42453 | C33: Trả hàng NK ngày 25/03 | D33: TCNU5846445 | E33: Mộc Châu, Sơn La | J33: 3180000 | O33: =N33+M33+L33+K33+J33+H33 -> 3180000 | P33: 15454545 | Q33: =P33-O33 -> 12274545
B34: 42457 | C34: Trả hàng + đóng hàng KH 28/03 | D34: FCIU5416201 | E34: Từ Liêm, Hà Nội | G34: 540 | H34: 5329800 | J34: 1740000 | O34: =N34+M34+L34+K34+J34+H34 -> 7069800 | P34: 5740000 | Q34: =P34-O34 -> -1329800
B35: 42457 | C35: Trả hàng + đóng hàng KH 28/03 | D35: EMCU3670092 | E35: Tam Điệp, Ninh Bình | J35: 0 | O35: =N35+M35+L35+K35+J35+H35 -> 0 | P35: 0 | Q35: =P35-O35 -> 0
B36: 42457 | C36: Đóng hàng KH sáng 29/03 | D36: TCNU7470716 | E36: Giáp Bát, Hà Nội | J36: 1120000 | O36: =N36+M36+L36+K36+J36+H36 -> 1120000 | P36: 3536364 | Q36: =P36-O36 -> 2416364
B37: 42458 | C37: Đóng hàng sáng 30/03 | D37: FCIU9458041 | E37: KCN VSIP, Thủy Nguyên, Hải Phòng | J37: 200000 | O37: =N37+M37+L37+K37+J37+H37 -> 200000 | P37: 1750000 | Q37: =P37-O37 -> 1550000
O38: =N38+M38+L38+K38+J38+H38 -> 0 | Q38: =P38-O38 -> 0
O39: =N39+M39+L39+K39+J39+H39 -> 0 | Q39: =P39-O39 -> 0
C40: Lương lái xe | K40: 9000000 | O40: =N40+M40+L40+K40+J40+H40 -> 9000000 | Q40: =P40-O40 -> -9000000
C41: Rửa xe + bơm mỡ xe | L41: 290000 | O41: =N41+M41+L41+K41+J41+H41 -> 290000 | Q41: =P41-O41 -> -290000
C42: Vé đường bộ | L42: 475000 | O42: =N42+M42+L42+K42+J42+H42 -> 475000 | Q42: =P42-O42 -> -475000
C43: Bơm mỡ xe | L43: 180000 | O43: =N43+M43+L43+K43+J43+H43 -> 180000 | Q43: =P43-O43 -> -180000
C44: Mua gạt mưa xe | L44: 150000 | O44: =N44+M44+L44+K44+J44+H44 -> 150000 | Q44: =P44-O44 -> -150000
C45: Phí gửi xe | L45: =3960000/3 -> 1320000 | O45: =N45+M45+L45+K45+J45+H45 -> 1320000 | Q45: =P45-O45 -> -1320000
O46: =N46+M46+L46+K46+J46+H46 -> 0 | Q46: =P46-O46 -> 0 | R46: LK
A47: TỔNG CỘNG | G47: =SUM(G7:G46) -> 2256 | H47: =SUM(H7:H46) -> 21769080 | I47: =SUM(I7:I46) -> 0 | J47: =SUM(J7:J46) -> 28140000 | K47: =SUM(K7:K46) -> 9000000 | L47: =SUM(L7:L46) -> 2415000 | M47: =SUM(M7:M46) -> 0 | N47: =SUM(N7:N46) -> 0 | O47: =SUM(O8:O46) -> 61324080 | P47: =SUM(P7:P46) -> 109109091 | Q47: =SUM(Q7:Q46) -> 47785011 | R47: ='T01-2016'!Q33+'T02-2016'!Q17+'03-2016'!Q47 -> 118890907
O48: =SUM(H8:N45) -> 61324080 | Q48: Phí QL 12% | R48: =R47*12% -> 14266909
O49: =O48-O47 -> 0 | Q49: LN chia | R49: =R47-R48 -> 1.04624e+08
P50: LK | Q50: =Q47+'T02-2016'!Q19 -> 118890907

Sheet 04-2016
A1: Bảng theo dõi doanh thu/ chi phí theo phương tiện vận chuyển
A2: Biển số xe: 15C - 139.82
B3: THÁNG 04.2016
A5: STT | B5: Ngày tháng | C5: Diễn giải | D5: Số cont | E5: Tuyến đường vận chuyển | F5: Khoảng cách (km) | G5: Chi phí | O5: Tổng chi phí | P5: Cước vận chuyển | Q5: Lợi nhuận gộp
G6: Dầu (l) | H6: Dầu (đồng) | I6: Mức TTBQ | J6: Đi đường | K6: Lương lx | L6: Sửa chữa | M6: Lốp | N6: Dầu máy
A8: 1 | B8: 42460 | C8: Trả hàng NK sáng 01/04 | D8: BSIU2616883 | E8: Cảng Phà Đen, Hà Nội | J8: 1120000 | O8: =N8+M8+L8+K8+J8+H8 -> 1120000 | P8: 4300000 | Q8: =P8-O8 -> 3180000
A9: 2 | B9: 42464 | C9: Trả hàng sáng 05/04 | D9: GMDU2150830 | E9: KCN Tân Trường, Hải Dương | J9: 1400000 | O9: =N9+M9+L9+K9+J9+H9 -> 1400000 | P9: 5100000 | Q9: =P9-O9 -> 3700000
A10: 3 | B10: 42464 | C10: Đóng hàng KH sáng 05/04 | D10: CBHU5588500 | E10: Tam Điệp, Ninh Bình | J10: 0 | O10: =N10+M10+L10+K10+J10+H10 -> 0 | P10: 0 | Q10: =P10-O10 -> 0
A11: 4 | B11: 42465 | C11: Đóng hàng chè sáng 06/04 | D11: TCNU9076131 | E11: Phủ Lỗ, Sóc Sơn, Hà Nội | J11: 1380000 | O11: =N11+M11+L11+K11+J11+H11 -> 1380000 | P11: 4400000 | Q11: =P11-O11 -> 3020000
A12: 5 | B12: 42466 | C12: Trả hàng + đóng hàng KH 07/04 | D12: GMTU4494185 | E12: Bắc Giang - Ninh Bình | J12: 1820000 | O12: =N12+M12+L12+K12+J12+H12 -> 1820000 | P12: 5500000 | Q12: =P12-O12 -> 3680000
A13: 6 | B13: 42467 | C13: Đóng hàng chiều 08/04 | D13: DFSU3014085 | E13: Mỹ Hào, Hưng Yên | J13: 890000 | O13: =N13+M13+L13+K13+J13+H13 -> 890000 | P13: 3090909 | Q13: =P13-O13 -> 2200909
A14: 7 | B14: 42468 | C14: Trả hàng + đóng hàng KH 09/04 | D14: DRYU3094990 | E14: Đồng Văn, Hà Nam - Hà Nam | G14: 680 | H14: 6711600 | J14: 1400000 | O14: =N14+M14+L14+K14+J14+H14 -> 8111600 | P14: 5300000 | Q14: =P14-O14 -> -2811600
A15: 8 | B15: 42471 | C15: Trả hàng KH sáng 12/04 | D15: WFHU1352411 | E15: Thạch Thất, Hà Nội | J15: 1820000 | O15: =N15+M15+L15+K15+J15+H15 -> 1820000 | P15: 6000000 | Q15: =P15-O15 -> 4180000
A16: 9 | B16: 42471 | C16: Đóng hàng KH sáng 12/04 | D16: TEMU0161248 | E16: Tam Điệp, Ninh Bình | J16: 0 | O16: =N16+M16+L16+K16+J16+H16 -> 0 | P16: 0 | Q16: =P16-O16 -> 0
A17: 10 | B17: 42472 | C17: Trả hàng + đóng hàng KH 13/04 | D17: DRYU2853129 | E17: KCN Đại Đồng, Bắc Ninh - Hà Nam | J17: 1820000 | O17: =N17+M17+L17+K17+J17+H17 -> 1820000 | P17: 5500000 | Q17: =P17-O17 -> 3680000
A18: 11 | B18: 42473 | C18: Trả hàng NK chiều 19/04 | D18: YMLU3246938 | E18: Mỹ Hào, Hưng Yên | J18: 1470000 | O18: =N18+M18+L18+K18+J18+H18 -> 1470000 | P18: 3090909 | Q18: =P18-O18 -> 1620909
A19: 12 | B19: 42473 | C19: Trả hàng + đóng hàng KH 14/04 | D19: WFHU1358512 | E19: KCN Đại Đồng, Bắc Ninh - Hà Nam | J19: 1820000 | O19: =N19+M19+L19+K19+J19+H19 -> 1820000 | P19: 5500000 | Q19: =P19-O19 -> 3680000
A20: 13 | B20: 42474 | C20: Trả hàng KH sáng 15/04 | D20: VSLU4492027 | E20: KCN Đại Đồng, Bắc Ninh | G20: 437 | H20: 4313190 | J20: 1820000 | O20: =N20+M20+L20+K20+J20+H20 -> 6133190 | P20: 5500000 | Q20: =P20-O20 -> -633190
A21: 14 | B21: 42474 | C21: Đóng hàng chiều 15/04 | D21: WHLU2602560 | E21: Tam Điệp, Ninh Bình | J21: 0 | O21: =N21+M21+L21+K21+J21+H21 -> 0 | P21: 0 | Q21: =P21-O21 -> 0
A22: 15 | B22: 42478 | C22: Đóng hàng KH bột đá chiều 19/04 | D22: WFHU1351673 | E22: Phủ Lý, Hà Nam | J22: 0 | O22: =N22+M22+L22+K22+J22+H22 -> 0 | P22: 2700000 | Q22: =P22-O22 -> 2700000
A23: 16 | B23: 42479 | C23: Trả hàng + đóng hàng KH sáng 20/04 | D23: VSLU4497163 | E23: KCN Hà Bình Phương, Hà Nội - Hà Nam | J23: 1820000 | O23: =N23+M23+L23+K23+J23+H23 -> 1820000 | P23: 5600000 | Q23: =P23-O23 -> 3780000
A24: 17 | B24: 42479 | C24: Đóng hàng chè sáng 21/04 | D24: DFSU3066900 | E24: TT Trần Phú, Văn Chấn, Yên Bái | G24: 560 | H24: 5807200 | J24: 2480000 | O24: =N24+M24+L24+K24+J24+H24 -> 8287200 | P24: 10454545 | Q24: =P24-O24 -> 2167345
A25: 18 | B25: 42481 | C25: Trả hàng + đóng hàng 22/04 | D25: DRYU3095229 | E25: KCN Đồng Văn, Hà Nam - Hà Nam | J25: 1470000 | O25: =N25+M25+L25+K25+J25+H25 -> 1470000 | P25: 5300000 | Q25: =P25-O25 -> 3830000
A26: 19 | B26: 42483 | C26: Trả hàng chiều 23/04 | D26: TGHU3953493 | E26: Cảng Phà Đen, Hà Nội | J26: 1280000 | O26: =N26+M26+L26+K26+J26+H26 -> 1280000 | P26: 4300000 | Q26: =P26-O26 -> 3020000
A27: 20 | B27: 42485 | C27: Trả hàng NK chiều 25/04 | D27: TWCU2052983 | E27: KCN VSIP, Thủy Nguyên, Hải Phòng | J27: 200000 | O27: =N27+M27+L27+K27+J27+H27 -> 200000 | P27: 1750000 | Q27: =P27-O27 -> 1550000
A28: 21 | B28: 42485 | C28: Đóng hàng XK sáng 26/04 | D28: TCNU8581231 | E28: Phả Lại, Hải Dương | G28: 391 | H28: 4054670 | J28: 740000 | O28: =N28+M28+L28+K28+J28+H28 -> 4794670 | P28: 3240000 | Q28: =P28-O28 -> -1554670
A29: 22 | B29: 42486 | C29: Đóng hàng than hoạt tính sáng 27/04 | D29: FSCU9408800 | E29: KCN Quế Võ, Bắc Ninh | J29: 1040000 | O29: =N29+M29+L29+K29+J29+H29 -> 1040000 | P29: 3800000 | Q29: =P29-O29 -> 2760000
A30: 23 | B30: 42487 | C30: Trả hàng NK sáng 28/04 | D30: SITU2930683 | E30: Cảng Phà Đen, Hà Nội | J30: 1820000 | O30: =N30+M30+L30+K30+J30+H30 -> 1820000 | P30: 4300000 | Q30: =P30-O30 -> 2480000
A31: 24 | B31: 42487 | C31: Đóng hàng KH chiều 28/04 | D31: MSKU7323654 | E31: Tam Điệp, Ninh Bình | J31: 0 | O31: =N31+M31+L31+K31+J31+H31 -> 0 | P31: 2800000 | Q31: =P31-O31 -> 2800000
A32: 25 | B32: 42488 | C32: Trả hàng NK sáng 29/04 | D32: EGSU9157770 | E32: Ngọc Hồi, Hà Nội | J32: 1280000 | O32: =N32+M32+L32+K32+J32+H32 -> 1280000 | P32: 4300000 | Q32: =P32-O32 -> 3020000
A33: 26 | B33: 42494 | C33: Trả hàng NK sáng 30/04 | D33: TGHU6829547 | E33: KCN VSIP, Thủy Nguyên, Hải Phòng | G33: 444 | H33: =G33*(10370+650) -> 4892880 | J33: 200000 | O33: =N33+M33+L33+K33+J33+H33 -> 5092880 | P33: 1750000 | Q33: =P33-O33 -> -3342880
C35: Lương lái xe + thưởng 30/4 | K35: 9500000 | O35: =N35+M35+L35+K35+J35+H35 -> 9500000 | Q35: =P35-O35 -> -9500000
C36: Nộp lệ phí sử dụng đường bộ 12 tháng | N36: 17160000 | O36: =N36+M36+L36+K36+J36+H36 -> 17160000 | Q36: =P36-O36 -> -17160000
C37: Lệ phí đăng kiểm đầu kéo | L37: 610000 | O37: =N37+M37+L37+K37+J37+H37 -> 610000 | Q37: =P37-O37 -> -610000
C38: Tiền dịch vụ đăng kiểm xe | L38: 200000 | O38: =N38+M38+L38+K38+J38+H38 -> 200000 | Q38: =P38-O38 -> -200000
C39: Phí gửi xe T4/2016 | L39: =3960000/3 -> 1320000 | O39: =N39+M39+L39+K39+J39+H39 -> 1320000 | Q39: =P39-O39 -> -1320000
C40: Mua 1/2 phuy nhớt máy | N40: 6000000 | O40: =N40+M40+L40+K40+J40+H40 -> 6000000 | Q40: =P40-O40 -> -6000000
C41: Bổ sung phí thay lọc nhớt + lọc dầu xe từ 26/12/2015 | N41: 2200000 | O41: =N41+M41+L41+K41+J41+H41 -> 2200000 | Q41: =P41-O41 -> -2200000
O42: =N42+M42+L42+K42+J42+H42 -> 0 | Q42: =P42-O42 -> 0
A43: TỔNG CỘNG | G43: =SUM(G7:G42) -> 2512 | H43: =SUM(H7:H42) -> 25779540 | I43: =SUM(I7:I42) -> 0 | J43: =SUM(J7:J42) -> 29090000 | K43: =SUM(K7:K42) -> 9500000 | L43: =SUM(L7:L42) -> 2130000 | M43: =SUM(M7:M42) -> 0 | N43: =SUM(N7:N42) -> 25360000 | ... Q43: =SUM(Q7:Q42) -> 11716823
P45: LK | Q45: =Q43+'03-2016'!Q50 -> 130607730

Sheet 05-2016
A1: Bảng theo dõi doanh thu/ chi phí theo phương tiện vận chuyển
A2: Biển số xe: 15C - 139.82
B3: THÁNG 05.2016
A5: STT | B5: Ngày tháng | C5: Diễn giải | D5: Số cont | E5: Tuyến đường vận chuyển | F5: Khoảng cách (km) | G5: Chi phí | O5: Tổng chi phí | P5: Cước vận chuyển | Q5: Lợi nhuận gộp
G6: Dầu (l) | H6: Dầu (đồng) | I6: Mức TTBQ | J6: Đi đường | K6: Lương lx | L6: Sửa chữa | M6: Lốp | N6: Dầu máy
A8: 1 | B8: 42494 | C8: Trả hàng sáng 01/05 | D8: SITU2821086 | E8: Ninh Phúc, Ninh Bình | J8: 1200000 | O8: =N8+M8+L8+K8+J8+H8 -> 1200000 | P8: 5500000 | Q8: =P8-O8 -> 4300000
A9: 2 | B9: 42494 | C9: Đóng hàng KH sáng 01/05 | D9: MSKU3757077 | E9: Tam Điệp, Ninh Bình | J9: 0 | O9: =N9+M9+L9+K9+J9+H9 -> 0 | P9: 0 | Q9: =P9-O9 -> 0
A10: 3 | B10: 42500 | C10: Đóng hàng thép sáng 11/05 | D10: BISU2841729 | E10: Kinh Môn, Hải Dương | J10: 980000 | O10: =N10+M10+L10+K10+J10+H10 -> 980000 | P10: 2500000 | Q10: =P10-O10 -> 1520000
A11: 4 | B11: 42502 | C11: Đóng hàng XK chiều 12/05 | D11: TCKU3292904 | E11: Từ Liêm, Hà Nội | J11: 1700000 | O11: =N11+M11+L11+K11+J11+H11 -> 1700000 | P11: 4318182 | Q11: =P11-O11 -> 2618182
A12: 5 | B12: 42502 | C12: Đóng hàng bột đá chiều 12/05 | D12: DRYU2852740 | E12: Phủ Lý, Hà Nam | J12: 0 | O12: =N12+M12+L12+K12+J12+H12 -> 0 | P12: 2600000 | Q12: =P12-O12 -> 2600000
A13: 6 | B13: 42502 | C13: Trả hàng NK chiều 13/05 | D13: TCLU3872406 | E13: ICD Mỹ Đình - Mỹ Hào, Hưng Yên | J13: 1280000 | O13: =N13+M13+L13+K13+J13+H13 -> 1280000 | P13: 4409091 | Q13: =P13-O13 -> 3129091
A14: 7 | B14: 42504 | C14: Trả hàng + đóng hàng KH 16/05 | D14: WFHU1356309 | E14: KCN Đại Đồng, Bắc Ninh - Hà Nam | G14: 480 | H14: 5289600 | J14: 1700000 | O14: =N14+M14+L14+K14+J14+H14 -> 6989600 | P14: 5500000 | Q14: =P14-O14 -> -1489600
A15: 8 | B15: 42506 | C15: Trả hàng NK chiều 17/05 | D15: BSIU2868340 | E15: Mỹ Bằng, Yên Sơn, Tuyên Quang | J15: 2480000 | O15: =N15+M15+L15+K15+J15+H15 -> 2480000 | P15: 8181818 | Q15: =P15-O15 -> 5701818
A16: 9 | B16: 42510 | C16: Trả hàng NK sáng 20/05 | D16: MRKU5622192 | E16: KCN Châu Sơn, Phủ Lý, Hà Nam | J16: 1000000 | O16: =N16+M16+L16+K16+J16+H16 -> 1000000 | P16: 3600000 | Q16: =P16-O16 -> 2600000
A17: 10 | B17: 42511 | C17: Trả hàng + đóng hàng KH 23/05 | D17: VSLU1042089 | E17: Yên Mỹ, Hưng Yên - Hà Nam | J17: 1400000 | O17: =N17+M17+L17+K17+J17+H17 -> 1400000 | P17: 5000000 | Q17: =P17-O17 -> 3600000
A18: 11 | B18: 42513 | C18: Đóng hàng tinh bột chiều 24/05 | D18: TCKU3441799 | E18: KCN Thụy Vân, Việt Trì | G18: 430 | H18: 4859000 | J18: 2040000 | O18: =N18+M18+L18+K18+J18+H18 -> 6899000 | P18: 5500000 | Q18: =P18-O18 -> -1399000
A19: 12 | B19: 42514 | C19: Trả hàng + đóng hàng KH 25/05 | D19: NLLU9008889 | E19: Long Biên, Hà Nội | G19: 123 | H19: 1389900 | J19: 1700000 | O19: =N19+M19+L19+K19+J19+H19 -> 3089900 | P19: 5500000 | Q19: =P19-O19 -> 2410100
A20: 13 | B20: 42514 | C20: Trả hàng + đóng hàng KH 25/05 | D20: TCKU3320138 | E20: Phủ Lý, Hà Nam | J20: 0 | O20: =N20+M20+L20+K20+J20+H20 -> 0 | P20: 0 | Q20: =P20-O20 -> 0
A21: 14 | B21: 42515 | C21: Trả hàng + đóng hàng KH 26/05 | D21: DRYU2901778 | E21: Hai Bà Trưng, Hà Nội - Hà Nam | J21: 1700000 | O21: =N21+M21+L21+K21+J21+H21 -> 1700000 | P21: 5500000 | Q21: =P21-O21 -> 3800000
A22: 15 | B22: 42516 | C22: Trả hàng + đóng hàng KH 27/05 | D22: DRYU2851450 | E22: KCN Sông Trà, Thái Bình - Hà Nam | J22: 1200000 | O22: =N22+M22+L22+K22+J22+H22 -> 1200000 | P22: 4800000 | Q22: =P22-O22 -> 3600000
A23: 16 | B23: 42518 | C23: Đóng hàng chè sáng 30/05 | D23: TCNU6793099 | E23: Mỹ Bằng, Yên Sơn, Tuyên Quang | J23: 1800000 | O23: =N23+M23+L23+K23+J23+H23 -> 1800000 | P23: 8545455 | Q23: =P23-O23 -> 6745455
A24: 17 | B24: 42520 | C24: Trả hàng + đóng hàng KH 31/05 | D24: WHLU2322492 | E24: KCN Đại Đồng, Bắc Ninh - Hà Nam | G24: 500 | H24: 5650000 | J24: 1700000 | O24: =N24+M24+L24+K24+J24+H24 -> 7350000 | P24: 5500000 | Q24: =P24-O24 -> -1850000
O25: =N25+M25+L25+K25+J25+H25 -> 0 | Q25: =P25-O25 -> 0
O26: =N26+M26+L26+K26+J26+H26 -> 0 | Q26: =P26-O26 -> 0
C27: Lương lái xe | K27: 7418000 | O27: =N27+M27+L27+K27+J27+H27 -> 7418000 | Q27: =P27-O27 -> -7418000
C28: Sửa + rửa xe 15C139.82 | L28: 535000 | O28: =N28+M28+L28+K28+J28+H28 -> 535000 | Q28: =P28-O28 -> -535000
C29: Tiền cứu hộ kéo xe 15C139.82 | L29: 1500000 | O29: =N29+M29+L29+K29+J29+H29 -> 1500000 | Q29: =P29-O29 -> -1500000
C30: Lọc nhớt xe 15C139.82 | N30: 1200000 | O30: =N30+M30+L30+K30+J30+H30 -> 1200000 | Q30: =P30-O30 -> -1200000
C31: Mua kim phun dầu 4c * 8tr | L31: 32000000 | O31: =N31+M31+L31+K31+J31+H31 -> 32000000 | Q31: =P31-O31 -> -32000000
C32: Sửa chữa | L32: 420000 | O32: =N32+M32+L32+K32+J32+H32 -> 420000 | Q32: =P32-O32 -> -420000
C33: Phí bảo hiểm 2016 | L33: =26815000-3500000 -> 23315000 | O33: =N33+M33+L33+K33+J33+H33 -> 23315000 | Q33: =P33-O33 -> -23315000
C34: Phí gửi xe T5/2016 | L34: 1320000 | O34: =N34+M34+L34+K34+J34+H34 -> 1320000 | Q34: =P34-O34 -> -1320000
C35: "Trả tiền sửa xe 15C139.82: Thay tăng áp: 23.000.000đ Thay 2 kim phun : 8.000.000đ*2 Công thợ : 3.000.000đ" | L35: 42000000 | O35: =N35+M35+L35+K35+J35+H35 -> 42000000 | Q35: =P35-O35 -> -42000000
C36: Thuê xe ngoài cứu hộ hàng | L36: 1100000 | O36: =N36+M36+L36+K36+J36+H36 -> 1100000 | Q36: =P36-O36 -> -1100000
A37: TỔNG CỘNG | G37: =SUM(G7:G36) -> 1533 | H37: =SUM(H7:H36) -> 17188500 | I37: =SUM(I7:I36) -> 0 | J37: =SUM(J7:J36) -> 21880000 | K37: =SUM(K7:K36) -> 7418000 | L37: =SUM(L7:L36) -> 102190000 | M37: =SUM(M7:M36) -> 0 | N37: =SUM(N7:N36) -> 1200000 | ... Q37: =SUM(Q7:Q36) -> -72921954
Q38: =P37-O37 -> -72921954
P39: LK | Q39: =Q37+'04-2016'!Q45 -> 57685776

Sheet 06-2016
A1: Bảng theo dõi doanh thu/ chi phí theo phương tiện vận chuyển
A2: Biển số xe: 15C - 139.82
B3: THÁNG 06.2016
A5: STT | B5: Ngày tháng | C5: Diễn giải | D5: Số cont | E5: Tuyến đường vận chuyển | F5: Khoảng cách (km) | G5: Chi phí | O5: Tổng chi phí | P5: Cước vận chuyển | Q5: Lợi nhuận gộp
G6: Dầu (l) | H6: Dầu (đồng) | I6: Mức TTBQ | J6: Đi đường | K6: Lương lx | L6: Sửa chữa | M6: Lốp | N6: Dầu máy
A8: 1 | B8: 42520 | C8: Đóng hàng sáng 01/06 | D8: HJLU1370821 | E8: Mỹ Hào, Hưng Yên | J8: 890000 | O8: =N8+M8+L8+K8+J8+H8 -> 890000 | P8: 3090909 | Q8: =P8-O8 -> 2200909
A9: 2 | B9: 42522 | C9: Trả hàng NK sáng 02/06 | D9: SEGU5359374 | E9: KCN Thạch Thất, Hà Nội | J9: 1280000 | O9: =N9+M9+L9+K9+J9+H9 -> 1280000 | P9: 4100000 | Q9: =P9-O9 -> 2820000
A10: 3 | B10: 42523 | C10: Trả hàng NK tối 02/06 | D10: TEMU4077246 | E10: Cảng Phà Đen, Hà Nội | J10: 1700000 | O10: =N10+M10+L10+K10+J10+H10 -> 1700000 | P10: 4000000 | Q10: =P10-O10 -> 2300000
A11: 4 | B11: 42523 | C11: Đóng hàng kết hợp 03/06 | D11: TTNU1617090 | E11: Phủ Lý, Hà Nam | O11: =N11+M11+L11+K11+J11+H11 -> 0 | P11: 2600000 | Q11: =P11-O11 -> 2600000
A12: 5 | B12: 42524 | G12: 442 | H12: 4994600
A13: 6 | B13: 42525 | C13: Trả hàng NK tối 04/06 | D13: BSIU2620820 | E13: Long Biên, Hà Nội | J13: 1700000 | O13: =N13+M13+L13+K13+J13+H13 -> 1700000 | P13: 3200000 | Q13: =P13-O13 -> 1500000
A14: 7 | B14: 42525 | C14: Đóng hàng KH 05/06 | D14: DRYU3093041 | E14: Phủ Lý, Hà Nam | O14: =N14+M14+L14+K14+J14+H14 -> 0 | P14: 2600000 | Q14: =P14-O14 -> 2600000
A15: 8 | B15: 42527 | C15: Trả hàng + đóng hàng KH 06/06 | D15: DRYU3094752 | E15: Như Quỳnh, Hưng Yên - Hà Nam | J15: 1700000 | O15: =N15+M15+L15+K15+J15+H15 -> 1700000 | P15: 5200000 | Q15: =P15-O15 -> 3500000
A16: 9 | B16: 42527 | C16: Trả hàng + đóng hàng KH 07/06 | D16: TTNU2348606 | E16: KCN Đại Đồng, Bắc Ninh - Hà Nam | J16: 1700000 | O16: =N16+M16+L16+K16+J16+H16 -> 1700000 | P16: 5500000 | Q16: =P16-O16 -> 3800000
A17: 10 | B17: 42528 | C17: Trả hàng + đóng hàng KH 08/06 | D17: WFHU1362467 | E17: Phố Nối , Hưng Yên- Hà Nam | G17: 384 | H17: 4569600 | J17: 1400000 | O17: =N17+M17+L17+K17+J17+H17 -> 5969600 | P17: 5200000 | Q17: =P17-O17 -> -769600
A18: 11 | B18: 42529 | C18: Trả hàng + đóng hàng KH 09/06 | D18: WFHU1364834 | E18: Như Quỳnh, Hưng Yên - Hà Nam | J18: 1700000 | O18: =N18+M18+L18+K18+J18+H18 -> 1700000 | P18: 5200000 | Q18: =P18-O18 -> 3500000
A19: 12 | B19: 42530 | C19: Trả hàng + đóng hàng KH 10/06 | D19: DRYU2853772 | E19: KCN Đại Đồng, Bắc Ninh - Hà Nam | J19: 1700000 | O19: =N19+M19+L19+K19+J19+H19 -> 1700000 | P19: 5500000 | Q19: =P19-O19 -> 3800000
A20: 13 | B20: 42533 | C20: Trả hàng + đóng hàng KH 13/06 | D20: VSLU1048770 | E20: Hà Nam- Hà Nam | J20: 1200000 | O20: =N20+M20+L20+K20+J20+H20 -> 1200000 | P20: 5100000 | Q20: =P20-O20 -> 3900000
A21: 14 | B21: 42534 | C21: Trả hàng sáng 14/06 | D21: DRYU9367617 | E21: Kiện Khê, Hà Nam | G21: 448 | H21: 5331200 | J21: 1000000 | O21: =N21+M21+L21+K21+J21+H21 -> 6331200 | P21: 3727273 | Q21: =P21-O21 -> -2603927
A22: 15 | B22: 42535 | C22: Trả hàng + đóng hàng KH 15/06 | D22: WFHU1351966 | E22: KCN Ngọc Hồi, Hà Nội - Hà Nam | J22: 1700000 | O22: =N22+M22+L22+K22+J22+H22 -> 1700000 | P22: 5500000 | Q22: =P22-O22 -> 3800000
A23: 16 | B23: 42536 | C23: Đóng hàng chiều 16/06 | D23: MRKU6511640 | E23: Chí Linh, Hải Dương | J23: 740000 | O23: =N23+M23+L23+K23+J23+H23 -> 740000 | P23: 2400000 | Q23: =P23-O23 -> 1660000
A24: 17 | B24: 42537 | C24: Trả hàng + đóng hàng KH 17/06 | D24: WFHU1361500 | E24: Dương Xá, Gia Lâm, Hà Nội - Hà Nam | J24: 1700000 | O24: =N24+M24+L24+K24+J24+H24 -> 1700000 | P24: 5500000 | Q24: =P24-O24 -> 3800000
A25: 18 | B25: 42538 | C25: Trả hàng + đóng hàng KH 18/06 | D25: TEMU3523886 | E25: Xuân Quang, Văn Giang, Hưng Yên | J25: 1700000 | O25: =N25+M25+L25+K25+J25+H25 -> 1700000 | P25: 5800000 | Q25: =P25-O25 -> 4100000
A26: 19 | B26: 42538 | C26: Trả hàng + đóng hàng KH 18/06 | D26: CAXU6968153 | E26: Phủ Lý, Hà Nam | O26: =N26+M26+L26+K26+J26+H26 -> 0 | P26: 0 | Q26: =P26-O26 -> 0
A27: 20 | B27: 42539 | C27: Trả hàng NK sáng 19/06 | D27: MRKU8883646 | E27: KCN Đồng Văn, Hà Nam | J27: 1200000 | O27: =N27+M27+L27+K27+J27+H27 -> 1200000 | P27: 5100000 | Q27: =P27-O27 -> 3900000
A28: 21 | B28: 42539 | C28: Đóng hàng KH chiều 19/06 | D28: DRYU2851851 | E28: Phủ Lý, Hà Nam | O28: =N28+M28+L28+K28+J28+H28 -> 0 | P28: 0 | Q28: =P28-O28 -> 0
A29: 22 | B29: 42540 | G29: 590 | H29: 7021000 | O29: =N29+M29+L29+K29+J29+H29 -> 7021000 | Q29: =P29-O29 -> -7021000
A30: 23 | B30: 42541 | C30: Trả hàng + đóng hàng KH 20/06 | D30: DRYU3093988 | E30: Yên Mỹ, Hưng Yên - Hà Nam | J30: 1400000 | O30: =N30+M30+L30+K30+J30+H30 -> 1400000 | P30: 5000000 | Q30: =P30-O30 -> 3600000
A31: 24 | B31: 42541 | C31: Trả hàng + đóng hàng KH 21/06 | D31: DRYU2923519 | E31: KCN Đại Đồng, Bắc Ninh - Hà Nam | J31: 1700000 | O31: =N31+M31+L31+K31+J31+H31 -> 1700000 | P31: 5500000 | Q31: =P31-O31 -> 3800000
A32: 25 | B32: 42543 | C32: Trả hàng NK chiều 22/06 | D32: BMOU5398861 | E32: KCN Ngọc Hồi, Thanh Trì, Hà Nội | J32: 1280000 | O32: =N32+M32+L32+K32+J32+H32 -> 1280000 | P32: 4000000 | Q32: =P32-O32 -> 2720000
A33: 26 | B33: 42543 | C33: Trả hàng sáng 23/06 | D33: VSLU4486976 | E33: Dương Xá, Gia Lâm, Hà Nội | J33: 1700000 | O33: =N33+M33+L33+K33+J33+H33 -> 1700000 | P33: 5600000 | Q33: =P33-O33 -> 3900000
A34: 27 | B34: 42543 | C34: Đóng hàng KH chiều 23/06 | D34: IMTU3085230 | E34: Tam Điệp, Ninh Bình | O34: =N34+M34+L34+K34+J34+H34 -> 0 | P34: 0 | Q34: =P34-O34 -> 0
A35: 28 | B35: 42544 | C35: Trả hàng 24/06 | D35: MRKU9570332 | E35: KCN Phố Nối A, Hưng Yên | J35: 1400000 | O35: =N35+M35+L35+K35+J35+H35 -> 1400000 | P35: 5000000 | Q35: =P35-O35 -> 3600000
A36: 29 | B36: 42544 | C36: Đóng hàng bột đá KH chiều 24/06 | D36: GATU0129975 | E36: Phủ Lý, Hà Nam | O36: =N36+M36+L36+K36+J36+H36 -> 0 | P36: 0 | Q36: =P36-O36 -> 0
A37: 30 | B37: 42545 | C37: Trả hàng + đóng hàng KH 25/05 | D37: TCKU3587886 | E37: Như Quỳnh, Hưng Yên - Hà Nam | J37: 1700000 | O37: =N37+M37+L37+K37+J37+H37 -> 1700000 | P37: 5200000 | Q37: =P37-O37 -> 3500000
A38: 31 | B38: 42546 | C38: Trả hàng + đóng hàng KH 27/06 | D38: DRYU3095337 | E38: KCN Đại Đồng, Bắc Ninh - Hà Nam | G38: 688 | H38: 8455520 | J38: 1700000 | O38: =N38+M38+L38+K38+J38+H38 -> 10155520 | P38: 5500000 | Q38: =P38-O38 -> -4655520
A39: 32 | B39: 42548 | C39: Trả hàng + đóng hàng KH 28/06 | D39: WFHU1352807 | E39: Kho D, cảng Hà Nội - Hà Nam | J39: 1700000 | O39: =N39+M39+L39+K39+J39+H39 -> 1700000 | P39: 5500000 | Q39: =P39-O39 -> 3800000
A40: 33 | B40: 42549 | C40: Trả hàng Vietsun sáng 29/06 | D40: DRYU9878495 | E40: KCN Quế Võ, Bắc Ninh | J40: 1280000 | O40: =N40+M40+L40+K40+J40+H40 -> 1280000 | P40: 3463636 | Q40: =P40-O40 -> 2183636
A41: 34 | B41: 42550 | C41: Trả hàng NK sáng 30/06 | D41: TGHU3665310 | E41: Mỹ Hào, Hưng Yên | J41: 1400000 | O41: =N41+M41+L41+K41+J41+H41 -> 1400000 | P41: 3090909 | Q41: =P41-O41 -> 1690909
A42: 35 | B42: 42550 | C42: Đóng hàng KH chiều 30/06 | D42: PCIU3944771 | E42: Phủ Lý, Hà Nam | G42: 580 | H42: =G42*12290 -> 7128200 | O42: =N42+M42+L42+K42+J42+H42 -> 7128200 | P42: 2600000 | Q42: =P42-O42 -> -4528200
O43: =N43+M43+L43+K43+J43+H43 -> 0 | Q43: =P43-O43 -> 0
C44: Lương lái xe T06/2016 | K44: 9000000 | O44: =N44+M44+L44+K44+J44+H44 -> 9000000 | Q44: =P44-O44 -> -9000000
C45: Lọc dầu diesel (2 cấp) | L45: 1600000 | O45: =N45+M45+L45+K45+J45+H45 -> 1600000 | Q45: =P45-O45 -> -1600000
C46: Sửa chữa xe | L46: 500000 | O46: =N46+M46+L46+K46+J46+H46 -> 500000 | Q46: =P46-O46 -> -500000
C47: Phí gửi xe T06/2016 | L47: 1320000 | O47: =N47+M47+L47+K47+J47+H47 -> 1320000 | Q47: =P47-O47 -> -1320000
A48: TỔNG CỘNG | G48: =SUM(G7:G47) -> 3132 | H48: =SUM(H7:H47) -> 37500120 | I48: =SUM(I7:I47) -> 0 | J48: =SUM(J7:J47) -> 38270000 | K48: =SUM(K7:K47) -> 9000000 | L48: =SUM(L7:L47) -> 3420000 | M48: =SUM(M7:M47) -> 0 | N48: =SUM(N7:N47) -> 0 | ... Q48: =SUM(Q7:Q47) -> 46577207
Q49: =P48-O48 -> 46577207
P50: LK | Q50: =Q48+'05-2016'!Q39 -> 104262983

Sheet 07-2016
A1: Bảng theo dõi doanh thu/ chi phí theo phương tiện vận chuyển
A2: Biển số xe: 15C - 139.82
B3: THÁNG 07.2016
A5: STT | B5: Ngày tháng | C5: Diễn giải | D5: Số cont | E5: Tuyến đường vận chuyển | F5: Khoảng cách (km) | G5: Chi phí | O5: Tổng chi phí | P5: Cước vận chuyển | Q5: Lợi nhuận gộp
G6: Dầu (l) | H6: Dầu (đồng) | I6: Mức TTBQ | J6: Đi đường | K6: Lương lx | L6: Sửa chữa | M6: Lốp | N6: Dầu máy
A8: 1 | B8: 42551 | C8: Đóng hàng chè sáng 01/07 | D8: MRKU3989804 | E8: Mỹ Bằng, Yên Sơn, Tuyên Quang | J8: 2000000 | O8: =H8+I8+J8+K8+L8+M8+N8 -> 2000000 | P8: 8181818 | Q8: =P8-O8 -> 6181818
A9: 2 | B9: 42552 | C9: Trả hàng sáng 02/07 | D9: SEGU1763454 | E9: Xuân Quang, Văn Giang, Hưng Yên | J9: 1700000 | O9: =H9+I9+J9+K9+L9+M9+N9 -> 1700000 | P9: 5800000 | Q9: =P9-O9 -> 4100000
A10: 3 | B10: 42552 | C10: Đóng hàng chiều 02/07 | D10: TCLU3237632 | E10: Phủ Lý, Hà Nam | J10: 0 | O10: =H10+I10+J10+K10+L10+M10+N10 -> 0 | P10: 0 | Q10: =P10-O10 -> 0
A11: 4 | B11: 42553 | C11: Trả hàng + đóng hàng KH 04/07 | D11: DRYU2853900 | E11: KCN Đại Đồng, Bắc Ninh - Hà Nam | J11: 1700000 | O11: =H11+I11+J11+K11+L11+M11+N11 -> 1700000 | P11: 5500000 | Q11: =P11-O11 -> 3800000
A12: 5 | B12: 42555 | C12: Trả hàng sáng 05/07 | D12: DRYU9878140 | E12: Ngũ Hiệp, Thanh Trì, Hà Nội | J12: 1280000 | O12: =H12+I12+J12+K12+L12+M12+N12 -> 1280000 | P12: 3327273 | Q12: =P12-O12 -> 2047273
A13: 6 | B13: 42556 | C13: Đóng hàng kết hợp sáng 06/07 | D13: DRYU9878140 | E13: KCN Hà Bình Phương, Hà Nội | J13: 900000 | O13: =H13+I13+J13+K13+L13+M13+N13 -> 900000 | P13: 2973636 | Q13: =P13-O13 -> 2073636
A14: 7 | B14: 42557 | C14: Đóng hàng chè sáng 07/07 | D14: YMLU8774286 | E14: Phủ Lỗ, Sóc Sơn, Hà Nội | J14: 900000 | O14: =H14+I14+J14+K14+L14+M14+N14 -> 900000 | P14: 4400000 | Q14: =P14-O14 -> 3500000
A15: 8 | B15: 42558 | C15: Trả hàng + đóng hàng KH 08/07 | D15: DRYU3093606 | E15: Dương Xá, Gia Lâm, Hà Nội - Hà Nam | G15: 670 | H15: 8234300 | J15: 1700000 | O15: =H15+I15+J15+K15+L15+M15+N15 -> 9934300 | P15: 5500000 | Q15: =P15-O15 -> -4434300
A16: 9 | B16: 42559 | C16: Đóng hàng chè sáng 09/07 | D16: TCNU6285610 | E16: Phủ Lỗ, Sóc Sơn, Hà Nội | J16: 900000 | O16: =H16+I16+J16+K16+L16+M16+N16 -> 900000 | P16: 4400000 | Q16: =P16-O16 -> 3500000
A17: 10 | B17: 42560 | C17: Đóng hàng sáng 11/07 | D17: DRYU4293527 | E17: Mỹ Bằng, Yên Sơn, Tuyên Quang | J17: 2000000 | O17: =H17+I17+J17+K17+L17+M17+N17 -> 2000000 | P17: 6500000 | Q17: =P17-O17 -> 4500000
A18: 11 | B18: 42562 | C18: Đóng hàng chè chiều 11/07 | D18: TCLU9642904 | E18: Mỹ Bằng, Yên Sơn, Tuyên Quang | J18: 2000000 | O18: =H18+I18+J18+K18+L18+M18+N18 -> 2000000 | P18: 8181818 | Q18: =P18-O18 -> 6181818
A19: 12 | B19: 42563 | C19: Trả hàng + đóng hàng KH sáng 13/07 | D19: DRYU3094963 | E19: Thanh Hóa - Hà Nam | G19: 541 | H19: 6648890 | J19: 1700000 | O19: =H19+I19+J19+K19+L19+M19+N19 -> 8348890 | P19: 6900000 | Q19: =P19-O19 -> -1448890
A20: 13 | B20: 42564 | C20: Trả hàng + đóng hàng KH sáng 14/07 | D20: WFHU1352047 | E20: KCN Đại Đồng, Bắc Ninh - Hà Nam | J20: 1700000 | O20: =H20+I20+J20+K20+L20+M20+N20 -> 1700000 | P20: 5500000 | Q20: =P20-O20 -> 3800000
A21: 14 | B21: 42565 | C21: Trả hàng + đóng hàng KH sáng 15/07 | D21: WFHU1352880 | E21: KCN Đại Đồng, Bắc Ninh - Hà Nam | J21: 1700000 | O21: =H21+I21+J21+K21+L21+M21+N21 -> 1700000 | P21: 5500000 | Q21: =P21-O21 -> 3800000
A22: 15 | B22: 42567 | C22: Trả hàng NK sáng 16/07 | D22: OOLU1865201 | E22: Thạch Thất, Hà Nội | J22: 1700000 | O22: =H22+I22+J22+K22+L22+M22+N22 -> 1700000 | P22: 5700000 | Q22: =P22-O22 -> 4000000
A23: 16 | B23: 42567 | C23: Đóng hàng chiều 16/07 | D23: DRYU2923062 | E23: Phủ Lý, Hà Nam | J23: 0 | O23: =H23+I23+J23+K23+L23+M23+N23 -> 0 | P23: 0 | Q23: =P23-O23 -> 0
A24: 17 | B24: 42568 | C24: Trả hàng sáng 18/07 | D24: GMDU2151159 | E24: KCN Tân Trường, Hải Dương | J24: 1400000 | O24: =H24+I24+J24+K24+L24+M24+N24 -> 1400000 | P24: 5000000 | Q24: =P24-O24 -> 3600000
A25: 18 | B25: 42568 | C25: Đóng hàng KH chiều 18/07 | D25: DRYU3023506 | E25: Phủ Lý, Hà Nam | J25: 0 | O25: =H25+I25+J25+K25+L25+M25+N25 -> 0 | P25: 0 | Q25: =P25-O25 -> 0
A26: 19 | B26: 42569 | C26: Trả hàng sáng 19/07 | D26: MSKU5108122 | E26: Lai Cách, Cẩm Giàng, Hải Dương | G26: 520 | H26: 6390800 | J26: 1400000 | O26: =H26+I26+J26+K26+L26+M26+N26 -> 7790800 | P26: 5000000 | Q26: =P26-O26 -> -2790800
A27: 20 | B27: 42569 | C27: Đóng hàng KH 19/07 | D27: GMDU2151159 | E27: Phủ Lý, Hà Nam | J27: 0 | O27: =H27+I27+J27+K27+L27+M27+N27 -> 0 | P27: 0 | Q27: =P27-O27 -> 0
A28: 21 | B28: 42570 | C28: Đóng hàng chè sáng 20/07 | D28: MIEU0012896 | E28: Mỹ Bằng, Yên Sơn, Tuyên Quang | J28: 1950000 | O28: =H28+I28+J28+K28+L28+M28+N28 -> 1950000 | P28: 8181818 | Q28: =P28-O28 -> 6231818
A29: 22 | B29: 42571 | C29: Trả hàng + đóng hàng KH 21/07 | D29: DRYU3095425 | E29: Thanh Trì, Hà Nội - Hà Nam | J29: 1600000 | O29: =H29+I29+J29+K29+L29+M29+N29 -> 1600000 | P29: 5200000 | Q29: =P29-O29 -> 3600000
A30: 23 | B30: 42572 | C30: Đóng hàng chè sáng 22/07 | D30: BMOU5731252 | E30: Phủ Lỗ, Sóc Sơn, Hà Nội | J30: 850000 | O30: =H30+I30+J30+K30+L30+M30+N30 -> 850000 | P30: 4200000 | Q30: =P30-O30 -> 3350000
A31: 24 | B31: 42573 | C31: Trả hàng NK sáng 23/07 | D31: MSKU5219548 | E31: Thường Tín, Hà Nội | J31: 1600000 | O31: =H31+I31+J31+K31+L31+M31+N31 -> 1600000 | P31: 3100000 | Q31: =P31-O31 -> 1500000
A32: 25 | B32: 42574 | C32: Đóng hàng chiều 23/07 | D32: WHLU0222436 | E32: Phủ Lý, Hà Nam | J32: 0 | O32: =H32+I32+J32+K32+L32+M32+N32 -> 0 | P32: 2400000 | Q32: =P32-O32 -> 2400000
A33: 26 | B33: 42576 | C33: Trả hàng NK sáng 25/07 | D33: PONU0555637 | E33: Sóc Sơn, Hà Nội | G33: 795 | H33: 9770550 | J33: 1600000 | O33: =H33+I33+J33+K33+L33+M33+N33 -> 11370550 | P33: 3100000 | Q33: =P33-O33 -> -8270550
A34: 27 | B34: 42576 | C34: Đóng hàng vôi KH chiều 25/07 | D34: WHLU2698139 | E34: Phủ Lý, Hà Nam | J34: 0 | O34: =H34+I34+J34+K34+L34+M34+N34 -> 0 | P34: 2400000 | Q34: =P34-O34 -> 2400000
A35: 28 | B35: 42576 | C35: Trả hàng + đóng hàng KH 26/07 | D35: GMDU2142898 | E35: KCN Tân Trường, Hải Dương - Hà Nam | J35: 1300000 | O35: =H35+I35+J35+K35+L35+M35+N35 -> 1300000 | P35: 4800000 | Q35: =P35-O35 -> 3500000
A36: 29 | B36: 42577 | C36: Đóng hàng chè sáng 27/07 | D36: MRKU4051988 | E36: Mỹ Bằng, Yên Sơn, Tuyên Quang | J36: 1950000 | O36: =H36+I36+J36+K36+L36+M36+N36 -> 1950000 | P36: 8181818 | Q36: =P36-O36 -> 6231818
A37: 30 | B37: 42578 | C37: Trả hàng sáng 28/07 | D37: DFSU3054426 | E37: Chu Đậu, Nam Sách, Hải Dương | J37: 1300000 | O37: =H37+I37+J37+K37+L37+M37+N37 -> 1300000 | P37: 2400000 | Q37: =P37-O37 -> 1100000
A38: 31 | B38: 42578 | C38: Đóng hàng KH chiều 28/07 | D38: DFSU2942021 | E38: Tam Điệp, Ninh Bình | J38: 0 | O38: =H38+I38+J38+K38+L38+M38+N38 -> 0 | P38: 2800000 | Q38: =P38-O38 -> 2800000
A39: 32 | B39: 42580 | C39: Trả hàng sáng 30/07 | D39: WHLU2931657 | E39: Bát Tràng, Hà Nội | J39: 1600000 | O39: =H39+I39+J39+K39+L39+M39+N39 -> 1600000 | P39: 3300000 | Q39: =P39-O39 -> 1700000
A40: 33 | B40: 42580 | C40: Đóng hàng KH gạch 30/07 | D40: BSIU2821743 | E40: KCN Bình Xuyên, Vĩnh Phúc | J40: 0 | O40: =H40+I40+J40+K40+L40+M40+N40 -> 0 | P40: 2500000 | Q40: =P40-O40 -> 2500000
A41: 34 | B41: 42581 | G41: 610 | H41: 7496900 | O41: =N41+M41+L41+K41+J41+H41 -> 7496900 | Q41: =P41-O41 -> -7496900
C42: Lương lái xe T07/2016 | K42: 9000000 | O42: =N42+M42+L42+K42+J42+H42 -> 9000000 | Q42: =P42-O42 -> -9000000
C43: Căn chỉnh cầu trục đầu+móc xe | L43: 650000 | O43: =N43+M43+L43+K43+J43+H43 -> 650000 | Q43: =P43-O43 -> -650000
C44: Thay cao su tay giằng cầu móc xe | L44: 1500000 | O44: =N44+M44+L44+K44+J44+H44 -> 1500000 | Q44: =P44-O44 -> -1500000
C45: Bơm mỡ xe | L45: 100000 | O45: =N45+M45+L45+K45+J45+H45 -> 100000 | Q45: =P45-O45 -> -100000
C46: Phí gửi xe T07/2016 | L46: 1320000 | O46: =N46+M46+L46+K46+J46+H46 -> 1320000 | Q46: =P46-O46 -> -1320000 | R46: LK 4+5+6+7 | S46: LK từ đầu năm
A47: TỔNG CỘNG | G47: =SUM(G7:G46) -> 3136 | H47: =SUM(H7:H46) -> 38541440 | I47: =SUM(I7:I46) -> 0 | J47: =SUM(J7:J46) -> 38430000 | K47: =SUM(K7:K46) -> 9000000 | L47: =SUM(L7:L46) -> 3570000 | M47: =SUM(M7:M46) -> 0 | N47: =SUM(N7:N46) -> 0 | ... Q47: =SUM(Q7:Q46) -> 51386741 | R47: ='04-2016'!Q43+'05-2016'!Q37+'06-2016'!Q48+'07-2016'!Q47 -> 36758817 | S47: ='03-2016'!R47+'07-2016'!R47 -> 155649724
Q48: =P47-O47 -> 51386741
P49: LK | Q49: =Q48+'06-2016'!Q50 -> 155649724

Sheet 08.2016
A1: Bảng theo dõi doanh thu/ chi phí theo phương tiện vận chuyển
A2: Biển số xe: 15C - 139.82
B3: THÁNG 08.2016
A5: STT | B5: Ngày tháng | C5: Diễn giải | D5: Số cont | E5: Tuyến đường vận chuyển | F5: Khoảng cách (km) | G5: Chi phí | O5: Tổng chi phí | P5: Cước vận chuyển | Q5: Lợi nhuận gộp
G6: Dầu (l) | H6: Dầu (đồng) | I6: Mức TTBQ | J6: Đi đường | K6: Lương lx | L6: Sửa chữa | M6: Lốp | N6: Dầu máy
A8: 1 | B8: 42583 | C8: Trả hàng sáng 01/08 | D8: YMLU3199409 | E8: Đức Giang, Hà Nội | J8: 1600000 | O8: =H8+J8+K8+L8+M8+N8 -> 1600000 | P8: 3400000 | Q8: =P8-O8 -> 1800000
A9: 2 | B9: 42583 | C9: Đóng hàng vôi chiều 01/08 | D9: OOLU0526409 | E9: Phủ Lý, Hà Nam | J9: 0 | O9: =H9+J9+K9+L9+M9+N9 -> 0 | P9: 2400000 | Q9: =P9-O9 -> 2400000
A10: 3 | B10: 42585 | C10: Trả hàng sáng 03/08 | D10: WHLU0447290 | E10: Bát Tràng, Hà Nội | G10: 300 | H10: 3687000 | J10: 1600000 | O10: =H10+J10+K10+L10+M10+N10 -> 5287000 | P10: 3300000 | Q10: =P10-O10 -> -1987000
A11: 4 | B11: 42585 | C11: Đóng hàng KH chiều 03/08 | D11: DRYU2852884 | E11: Phủ Lý, Hà Nam | J11: 0 | O11: =H11+J11+K11+L11+M11+N11 -> 0 | P11: 2500000 | Q11: =P11-O11 -> 2500000
A12: 5 | B12: 42585 | C12: Trả hàng + đóng hàng KH 04/08 | D12: DRYU3025469 | E12: KCN Đại Đồng, Bắc Ninh - Hà Nam | J12: 1600000 | O12: =H12+J12+K12+L12+M12+N12 -> 1600000 | P12: 5200000 | Q12: =P12-O12 -> 3600000
A13: 6 | B13: 42586 | C13: Đóng hàng chè chiều 05/08 | D13: MRKU3402516 | E13: Mỹ Bằng, Yên Sơn, Tuyên Quang | J13: 1950000 | O13: =H13+J13+K13+L13+M13+N13 -> 1950000 | P13: 8181818 | Q13: =P13-O13 -> 6231818
A14: 7 | B14: 42587 | C14: Đóng hàng XK sáng 06/08 | D14: DFSU3136904 | E14: Mỹ Hào, Hưng Yên | J14: 840000 | O14: =H14+J14+K14+L14+M14+N14 -> 840000 | P14: 3000000 | Q14: =P14-O14 -> 2160000
A15: 8 | B15: 42588 | C15: Trả hàng NK sáng 07/08 | D15: SKLU1526286 | E15: Mỹ Hào, Hưng Yên | G15: 440 | H15: 5130400 | J15: 1300000 | O15: =H15+J15+K15+L15+M15+N15 -> 6430400 | P15: 3000000 | Q15: =P15-O15 -> -3430400
A16: 9 | B16: 42588 | C16: Đóng hàng KH chiều 07/08 | D16: DRYU3023300 | E16: Phủ Lý, Hà Nam | J16: 0 | O16: =H16+J16+K16+L16+M16+N16 -> 0 | P16: 2500000 | Q16: =P16-O16 -> 2500000
A17: 10 | B17: 42589 | C17: Đóng hàng XK sáng 08/08 | D17: DRYU9926314 | E17: KCN Châu Sơn, Phủ Lý, Hà Nam | J17: 950000 | O17: =H17+J17+K17+L17+M17+N17 -> 950000 | P17: 3600000 | Q17: =P17-O17 -> 2650000
A18: 11 | B18: 42590 | C18: Trả hàng NK sáng 09/08 | D18: NYKU2975144 | E18: Văn Lâm, Hưng Yên | J18: 1600000 | O18: =H18+J18+K18+L18+M18+N18 -> 1600000 | P18: 2600000 | Q18: =P18-O18 -> 1000000
A19: 12 | B19: 42590 | C19: Đóng hàng bột đá chiều 09/08 | D19: DRYU3095661 | E19: Phủ Lý, Hà Nam | J19: 0 | O19: =H19+J19+K19+L19+M19+N19 -> 0 | P19: 2500000 | Q19: =P19-O19 -> 2500000
A20: 13 | B20: 42592 | C20: Đóng hàng chè chiều 10/08 | D20: BMOU6267697 | E20: Mỹ Bằng, Yên Sơn, Tuyên Quang | G20: 388 | H20: 4524080 | J20: 1950000 | O20: =H20+J20+K20+L20+M20+N20 -> 6474080 | P20: 8181818 | Q20: =P20-O20 -> 1707738
A21: 14 | B21: 42592 | C21: Đóng hàng chè chiều 11/08 | D21: TGHU7743514 | E21: Mỹ Bằng, Yên Sơn, Tuyên Quang | J21: 1950000 | O21: =H21+J21+K21+L21+M21+N21 -> 1950000 | P21: 8181818 | Q21: =P21-O21 -> 6231818
A22: 15 | B22: 42593 | C22: Trả hàng + đóng hàng KH 12/08 | D22: WFHU1355961 | E22: KCN Phố Nối A, Hưng Yên - Hà Nam | J22: 1300000 | O22: =H22+J22+K22+L22+M22+N22 -> 1300000 | P22: 4800000 | Q22: =P22-O22 -> 3500000
A23: 16 | B23: 42594 | C23: Trả hàng sáng 13/08 | D23: DYLU2101357 | E23: Bát Tràng, Hà Nội | J23: 1600000 | O23: =H23+J23+K23+L23+M23+N23 -> 1600000 | P23: 5600000 | Q23: =P23-O23 -> 4000000
A24: 17 | B24: 42594 | C24: Đóng hàng bột đá chiều 13/08 | D24: DRYU3095790 | E24: Phủ Lý, Hà Nam | J24: 0 | O24: =H24+J24+K24+L24+M24+N24 -> 0 | P24: 0 | Q24: =P24-O24 -> 0
A25: 18 | B25: 42596 | C25: Trả hàng + đóng hàng kết hợp 15/08 | D25: DRYU2853303 | E25: Nga Sơn, Thanh Hóa - Hà Nam | G25: 620 | H25: 7229200 | J25: 1600000 | O25: =H25+J25+K25+L25+M25+N25 -> 8829200 | P25: 6000000 | Q25: =P25-O25 -> -2829200
A26: 19 | B26: 42597 | C26: Trả hàng + đóng hàng KH 16/08 | D26: DRYU2852591 | E26: Xuân Mai, Hà Nội - Hà Nam | J26: 1600000 | O26: =H26+J26+K26+L26+M26+N26 -> 1600000 | P26: 5400000 | Q26: =P26-O26 -> 3800000
A27: 20 | B27: 42599 | C27: Đóng hàng chè sáng 18/08 | D27: WHLU5683430 | E27: Mộc Châu, Sơn La | J27: 2620000 | O27: =H27+J27+K27+L27+M27+N27 -> 2620000 | P27: 14318182 | Q27: =P27-O27 -> 11698182
A28: 21 | B28: 42600 | C28: Đóng hàng chè sáng 19/08 | D28: MAGU5761706 | E28: Mỹ Bằng, Yên Sơn, Tuyên Quang | J28: 1950000 | O28: =H28+J28+K28+L28+M28+N28 -> 1950000 | P28: 8181818 | Q28: =P28-O28 -> 6231818
A29: 22 | B29: 42604 | C29: Trả hàng NK sáng 22/09 | D29: WHLU0210707 | E29: Bát Tràng, Hà Nội | G29: 550 | H29: 6413000 | J29: 1600000 | O29: =H29+J29+K29+L29+M29+N29 -> 8013000 | P29: 3300000 | Q29: =P29-O29 -> -4713000
A30: 23 | B30: 42604 | C30: Đóng hàng bột đá chiều 22/08 | D30: DRYU2849582 | E30: Phủ Lý, Hà Nam | J30: 0 | O30: =H30+J30+K30+L30+M30+N30 -> 0 | P30: 2500000 | Q30: =P30-O30 -> 2500000
A31: 24 | B31: 42604 | C31: Trả hàng Vietsun sáng 23/08 | D31: TCNU8134104 | E31: KCN Quế Võ, Bắc Ninh | J31: 900000 | O31: =H31+J31+K31+L31+M31+N31 -> 900000 | P31: 3381818 | Q31: =P31-O31 -> 2481818
A32: 25 | B32: 42605 | C32: Trả hàng Vietsun sáng 24/08 | D32: DRYU9718645 | E32: KCN Đồng Văn, Hà Nam | J32: 1020000 | O32: =H32+J32+K32+L32+M32+N32 -> 1020000 | P32: 3545455 | Q32: =P32-O32 -> 2525455
A33: 26 | B33: 42606 | C33: Trả hàng Vietsun tối 24/08 | D33: TCNU4595670 | E33: Tam Trinh, Hoàng Mai, Hà Nội | G33: 500 | H33: 5955000 | J33: 1630000 | O33: =H33+J33+K33+L33+M33+N33 -> 7585000 | P33: 3427273 | Q33: =P33-O33 -> -4157727
A34: 27 | B34: 42606 | C34: Đóng hàng kết hợp sáng 25/08 | D34: TCNU4595670 | E34: Thạch Thất, Hà Nội | J34: 0 | O34: =H34+J34+K34+L34+M34+N34 -> 0 | P34: 3432455 | Q34: =P34-O34 -> 3432455
A35: 28 | B35: 42607 | C35: Trả hàng + đóng hàng KH 26/08 | D35: WFHU1358019 | E35: KCN Đại Đồng, Bắc Ninh - Hà Nam | J35: 1600000 | O35: =H35+J35+K35+L35+M35+N35 -> 1600000 | P35: 5200000 | Q35: =P35-O35 -> 3600000
A36: 29 | B36: 42608 | C36: Đóng hàng sáng 27/08 | D36: YMLU8809335 | E36: Kiện Khê, Hà Nam | J36: 1020000 | O36: =H36+J36+K36+L36+M36+N36 -> 1020000 | P36: 3945455 | Q36: =P36-O36 -> 2925455
A37: 30 | B37: 42610 | C37: Trả hàng sáng 29/08 | D37: DRYU9171115 | E37: KCN Phố Nối A, Hưng Yên | J37: 850000 | O37: =H37+J37+K37+L37+M37+N37 -> 850000 | P37: 2745455 | Q37: =P37-O37 -> 1895455
A38: 31 | B38: 42611 | C38: Đóng hàng sáng 30/08 | D38: TCNU8538976 | E38: KCN Châu Sơn, Hà Nam | G38: 383 | H38: 4561530 | J38: 950000 | O38: =H38+J38+K38+L38+M38+N38 -> 5511530 | P38: 3600000 | Q38: =P38-O38 -> -1911530
A39: 32 | B39: 42611 | C39: Đóng hàng xỉ bọt 31/08 | D39: SKHU4546502 | E39: Phả Lại, Hải Dương | J39: 690000 | O39: =H39+J39+K39+L39+M39+N39 -> 690000 | P39: 3500000 | Q39: =P39-O39 -> 2810000
O40: =H40+J40+K40+L40+M40+N40 -> 0 | Q40: =P40-O40 -> 0
C41: Lương lái xe T08/2016 | K41: 9500000 | O41: =H41+J41+K41+L41+M41+N41 -> 9500000 | Q41: =P41-O41 -> -9500000
C42: Thanh toán tiền sửa chữa, hàn đắp bướm, mâm xe 15C-139.82 | L42: 600000 | O42: =H42+J42+K42+L42+M42+N42 -> 600000 | Q42: =P42-O42 -> -600000
C43: Thanh toán tiền lọc nhớt | L43: 1100000 | O43: =H43+J43+K43+L43+M43+N43 -> 1100000 | Q43: =P43-O43 -> -1100000
C44: Thanh toán tiền bơm mỡ xe | L44: 180000 | O44: =H44+J44+K44+L44+M44+N44 -> 180000 | Q44: =P44-O44 -> -180000
C45: Thanh toán tiền mua Săm 11R20 | L45: 350000 | O45: =H45+J45+K45+L45+M45+N45 -> 350000 | Q45: =P45-O45 -> -350000
C46: Phí gửi xe T07/2016 | L46: 1320000 | O46: =H46+J46+K46+L46+M46+N46 -> 1320000 | Q46: =P46-O46 -> -1320000
A47: TỔNG CỘNG | G47: =SUM(G7:G46) -> 3181 | H47: =SUM(H7:H46) -> 37500210 | I47: =SUM(I7:I46) -> 0 | J47: =SUM(J7:J46) -> 36270000 | K47: =SUM(K7:K46) -> 9500000 | L47: =SUM(L7:L46) -> 3550000 | M47: =SUM(M7:M46) -> 0 | N47: =SUM(N7:N46) -> 0 | ... Q47: =SUM(Q7:Q46) -> 54603155
Q48: =P47-O47 -> 54603155
P49: LK | Q49: =Q47+'07-2016'!Q49 -> 210252879

Sheet 09.2016
A1: Bảng theo dõi doanh thu/ chi phí theo phương tiện vận chuyển
A2: Biển số xe: 15C - 139.82
B3: THÁNG 09.2016
A5: STT | B5: Ngày tháng | C5: Diễn giải | D5: Số cont | E5: Tuyến đường vận chuyển | F5: Khoảng cách (km) | G5: Chi phí | O5: Tổng chi phí | P5: Cước vận chuyển | Q5: Lợi nhuận gộp
G6: Dầu (l) | H6: Dầu (đồng) | I6: Mức TTBQ | J6: Đi đường | K6: Lương lx | L6: Sửa chữa | M6: Lốp | N6: Dầu máy
A8: 1 | B8: 42613 | C8: Trả hàng + đóng hàng KH 01/09 | D8: DRYU3092976 | E8: KCN Tây Bắc, Thanh Hóa - Hà Nam | J8: 1600000 | O8: =H8+J8+K8+L8+M8+N8 -> 1600000 | P8: 6500000 | Q8: =P8-O8 -> 4900000
A9: 2 | B9: 42614 | C9: Trả hàng Vietsun sáng 02/09 | D9: DRYU9592388 | E9: KCN Phố Nối A, Hưng Yên | J9: 1230000 | O9: =H9+J9+K9+L9+M9+N9 -> 1230000 | P9: 3472727 | Q9: =P9-O9 -> 2242727
A10: 3 | B10: 42617 | C10: Trả hàng + đóng hàng KH 05/09 | D10: DRYU3094618 | E10: KCN Đại Đồng, BN - Hà Nam | G10: 420 | H10: 5002200 | J10: =1600000+70000 -> 1670000 | O10: =H10+J10+K10+L10+M10+N10 -> 6672200 | P10: 5200000 | Q10: =P10-O10 -> -1472200
A11: 4 | B11: 42619 | C11: Đóng hàng chè sáng 07/09 | D11: TCLU8283287 | E11: Mỹ Bằng, Yên Sơn, Tuyên Quang | J11: 1950000 | O11: =H11+J11+K11+L11+M11+N11 -> 1950000 | P11: 8181818 | Q11: =P11-O11 -> 6231818
A12: 5 | B12: 42620 | C12: Trả hàng + đóng hàng KH 08/09 | D12: DRYU2924407 | E12: KCN Phố Nối A, Hưng Yên Hà Nam | J12: 1300000 | O12: =H12+J12+K12+L12+M12+N12 -> 1300000 | P12: 4800000 | Q12: =P12-O12 -> 3500000
A13: 6 | B13: 42621 | C13: Trả hàng + đóng hàng KH 09/09 | D13: WFHU1365044 | E13: Mỹ Hào, Hưng Yên - Hà Nam | J13: 1300000 | O13: =H13+J13+K13+L13+M13+N13 -> 1300000 | P13: 4700000 | Q13: =P13-O13 -> 3400000
A14: 7 | B14: 42623 | C14: Trả hàng NK 10/09 | D14: BMOU2443400 | E14: Thanh Trì, Hà Nội | G14: 550 | H14: 6809000 | J14: =1600000+230000 -> 1830000 | O14: =H14+J14+K14+L14+M14+N14 -> 8639000 | P14: 5200000 | Q14: =P14-O14 -> -3439000
A15: 8 | B15: 42623 | C15: Đóng hàng bột đá 11/09 | D15: VSLU4480527 | E15: Phủ Lý, Hà Nam | J15: 0 | O15: =H15+J15+K15+L15+M15+N15 -> 0 | P15: 0 | Q15: =P15-O15 -> 0
A16: 9 | B16: 42625 | C16: Trả hàng + đóng hàng KH 12/09 | D16: GMDU2412822 | E16: Phù Ninh, Phú Thọ - Hà Nam | J16: 2300000 | O16: =H16+J16+K16+L16+M16+N16 -> 2300000 | P16: 7500000 | Q16: =P16-O16 -> 5200000
A17: 10 | B17: 42625 | C17: Trả hàng + đóng hàng KH 13/09 | D17: GMDU2152999 | E17: Mỹ Hào, Hưng Yên - Hà Nam | J17: 1300000 | O17: =H17+J17+K17+L17+M17+N17 -> 1300000 | P17: 4700000 | Q17: =P17-O17 -> 3400000
A18: 11 | B18: 42626 | C18: Đóng hàng chè chiều 14/09 | D18: BHCU4973660 | E18: Mỹ Bằng, Yên Sơn, Tuyên Quang | J18: 1950000 | O18: =H18+J18+K18+L18+M18+N18 -> 1950000 | P18: 8181818 | Q18: =P18-O18 -> 6231818
A19: 12 | B19: 42627 | C19: Trả hàng + đóng hàng KH 15/09 | D19: GMDU2153341 | E19: Từ Sơn, Bắc Ninh - Hà Nam | G19: 450 | H19: 5571000 | J19: 1600000 | O19: =H19+J19+K19+L19+M19+N19 -> 7171000 | P19: 5300000 | Q19: =P19-O19 -> -1871000
A20: 13 | B20: 42628 | C20: Trả hàng + đóng hàng KH 16/09 | D20: TRHU1344355 | E20: Thanh Trì, Hà Nội - Hà Nam | J20: 1600000 | O20: =H20+J20+K20+L20+M20+N20 -> 1600000 | P20: 5200000 | Q20: =P20-O20 -> 3600000
A21: 14 | B21: 42631 | C21: Trả hàng + đóng hàng KH 19/09 | D21: DRYU2851358 | E21: KCN Phố Nối, Hưng Yên - Hà Nam | G21: 450 | H21: 5571000 | J21: 1300000 | O21: =H21+J21+K21+L21+M21+N21 -> 6871000 | P21: 4800000 | Q21: =P21-O21 -> -2071000
A22: 15 | B22: 42632 | C22: Trả hàng + đóng hàng KH 20/09 | D22: DRYU3023785 | E22: Ngọc Hồi, Hà Nội - Hà Nam | J22: 1600000 | O22: =H22+J22+K22+L22+M22+N22 -> 1600000 | P22: 5200000 | Q22: =P22-O22 -> 3600000
A23: 16 | B23: 42633 | C23: Trả hàng Vietsun sáng 21/09 | D23: DRYU9592520 | E23: Chương Mỹ, Hà Nội | J23: =1230000+400000+180000 -> 1810000 | O23: =H23+J23+K23+L23+M23+N23 -> 1810000 | P23: 3854545 | Q23: =P23-O23 -> 2044545
A24: 17 | B24: 42633 | C24: Đóng hàng kết hợp chiều 21/09 | D24: DRYU9592520 | E24: KCN Kiện Khê, Hà Nam | J24: 0 | O24: =H24+J24+K24+L24+M24+N24 -> 0 | P24: 2609091 | Q24: =P24-O24 -> 2609091
A25: 18 | B25: 42634 | C25: Trả hàng + đóng hàng KH 22/09 | D25: TCKU1334934 | E25: Gia Lâm, Hà Nội - Hà Nam | J25: 1600000 | O25: =H25+J25+K25+L25+M25+N25 -> 1600000 | P25: 5050000 | Q25: =P25-O25 -> 3450000
A26: 19 | B26: 42636 | C26: Trả hàng sáng 24/09 | D26: WHLU0248071 | E26: Chu Đậu, Nam Sách, Hải Dương | J26: 1300000 | O26: =H26+J26+K26+L26+M26+N26 -> 1300000 | P26: 2400000 | Q26: =P26-O26 -> 1100000
A27: 20 | B27: 42636 | C27: Đóng hàng kết hợp 24/09 | D27: DRYU3094710 | E27: Phủ Lý, Hà Nam | J27: 0 | O27: =H27+J27+K27+L27+M27+N27 -> 0 | P27: 2400000 | Q27: =P27-O27 -> 2400000
A28: 21 | B28: 42638 | C28: Trả hàng sáng 26/09 | D28: WHLU0318918 | E28: Chu Đậu, Nam Sách, Hải Dương | J28: 1300000 | O28: =H28+J28+K28+L28+M28+N28 -> 1300000 | P28: 2400000 | Q28: =P28-O28 -> 1100000
A29: 22 | B29: 42638 | C29: Đóng hàng bột đá chiều 26/09 | D29: WFHU1354883 | E29: Phủ Lý, Hà Nam | J29: 0 | O29: =H29+J29+K29+L29+M29+N29 -> 0 | P29: 2400000 | Q29: =P29-O29 -> 2400000
A30: 23 | B30: 42639 | C30: Đóng hàng sáng 27/09 | D30: VSLU9109726 | E30: Kim Sơn, Ninh Bình | G30: 661 | H30: 8097250 | J30: 1000000 | O30: =H30+J30+K30+L30+M30+N30 -> 9097250 | P30: 4090909 | Q30: =P30-O30 -> -5006341
A31: 24 | B31: 42640 | C31: Đóng hàng chè sáng 28/09 - 29/09 | D31: DFSU6884303 | E31: Phủ Lỗ, Sóc Sơn, Hà Nội | J31: 850000 | O31: =H31+J31+K31+L31+M31+N31 -> 850000 | P31: 5100000 | Q31: =P31-O31 -> 4250000
A32: 25 | B32: 42642 | C32: Trả hàng + đóng hàng KH 30/09 | D32: DRYU2852020 | E32: Hậu Lộc, Thanh Hóa - Hà Nam | G32: 310 | H32: 3979500 | J32: 1600000 | O32: =H32+J32+K32+L32+M32+N32 -> 5579500 | P32: 6400000 | Q32: =P32-O32 -> 820500
C33: Thanh toán 01 vé cao tốc đi ngày 09/8 | D33: SKHU4546502 | E33: Phả Lại, Hải Dương | J33: 70000 | O33: =H33+J33+K33+L33+M33+N33 -> 70000 | Q33: =P33-O33 -> -70000
C34: Lương lái xe T09/2016 | K34: 9000000 | O34: =H34+J34+K34+L34+M34+N34 -> 9000000 | Q34: =P34-O34 -> -9000000
C35: Bơm mỡ xe | L35: 180000 | O35: =H35+J35+K35+L35+M35+N35 -> 180000 | Q35: =P35-O35 -> -180000
C36: Phí gửi xe T09/2016 | L36: 1320000 | O36: =H36+J36+K36+L36+M36+N36 -> 1320000 | Q36: =P36-O36 -> -1320000
A37: TỔNG CỘNG | G37: =SUM(G7:G36) -> 2841 | H37: =SUM(H7:H36) -> 35029950 | I37: =SUM(I7:I36) -> 0 | J37: =SUM(J7:J36) -> 32060000 | K37: =SUM(K7:K36) -> 9000000 | L37: =SUM(L7:L36) -> 1500000 | M37: =SUM(M7:M36) -> 0 | N37: =SUM(N7:N36) -> 0 | ... Q37: =SUM(Q7:Q36) -> 38050958
Q38: =P37-O37 -> 38050958
P39: LK | Q39: =Q37+'08.2016'!Q49 -> 248303837

Sheet 10.2016
A1: Bảng theo dõi doanh thu/ chi phí theo phương tiện vận chuyển
A2: Biển số xe: 15C - 139.82
B3: THÁNG 10.2016
A5: STT | B5: Ngày tháng | C5: Diễn giải | D5: Số cont | E5: Tuyến đường vận chuyển | F5: Khoảng cách (km) | G5: Chi phí | O5: Tổng chi phí | P5: Cước vận chuyển | Q5: Lợi nhuận gộp
G6: Dầu (l) | H6: Dầu (đồng) | I6: Mức TTBQ | J6: Đi đường | K6: Lương lx | L6: Sửa chữa | M6: Lốp | N6: Dầu máy
A8: 1 | B8: 42643 | C8: Đóng hàng chè sáng 01/10 | D8: MRKU4469788 | E8: Mỹ Bằng, Yên Sơn, Tuyên Quang | J8: 1950000 | O8: =H8+J8+K8+L8+M8+N8 -> 1950000 | P8: 4423800 | Q8: =P8-O8 -> 2473800
A9: 2 | B9: 42645 | C9: Đóng hàng chè sáng 03/10 | D9: MSKU0724568 | E9: Mỹ Bằng, Yên Sơn, Tuyên Quang | G9: 300 | H9: 3675000 | J9: =1950000+70000 -> 2020000 | O9: =H9+J9+K9+L9+M9+N9 -> 5695000 | P9: 7727273 | Q9: =P9-O9 -> 2032273
A10: 3 | B10: 42646 | C10: Trả hàng + đóng hàng KH sán 04/10 | D10: DRYU2924156 | E10: Chương Mỹ, Hà Nội - Hà Nam | J10: =1600000+140000 -> 1740000 | O10: =H10+J10+K10+L10+M10+N10 -> 1740000 | P10: 5300000 | Q10: =P10-O10 -> 3560000
A11: 4 | B11: 42647 | C11: Trả hàng + đóng hàng KH 05/10 | D11: TRHU3295100 | E11: Mỹ Hào, Hưng Yên - Hà Nam | J11: =1300000+140000 -> 1440000 | O11: =H11+J11+K11+L11+M11+N11 -> 1440000 | P11: 4700000 | Q11: =P11-O11 -> 3260000
A12: 5 | B12: 42648 | C12: Trả hàng + đóng hàng KH 06/10 | D12: GMDU2153700 | E12: Đông Anh, Hà Nội - Hà Nam | J12: =1600000+140000 -> 1740000 | O12: =H12+J12+K12+L12+M12+N12 -> 1740000 | P12: 5300000 | Q12: =P12-O12 -> 3560000
A13: 6 | B13: 42650 | C13: Trả hàng + đóng hàng KH 08/10 | D13: DRYU2923191 | E13: Thọ Xuân, Thanh Hóa - Hà Nam | G13: 640 | H13: 7948800 | J13: 1740000 | O13: =H13+J13+K13+L13+M13+N13 -> 9688800 | P13: 6500000 | Q13: =P13-O13 -> -3188800
A14: 7 | B14: 42653 | C14: Trả hàng sáng 11/10 | D14: DRYU9878411 | E14: Cẩm Giàng, Hải Dương | J14: 830000 | O14: =H14+J14+K14+L14+M14+N14 -> 830000 | P14: 2500000 | Q14: =P14-O14 -> 1670000
A15: 8 | B15: 42654 | C15: Trả hàng + đóng hàng KH 12/10 | D15: GMDU2418775 | E15: Mỹ Hào, Hưng Yên - Hà Nam | J15: =1300000+140000 -> 1440000 | O15: =H15+J15+K15+L15+M15+N15 -> 1440000 | P15: 4700000 | Q15: =P15-O15 -> 3260000
A16: 9 | B16: 42655 | C16: Trả hàng Vietsun sáng 13/10 | D16: TCNU4785514 | E16: Văn Lâm, Hưng Yên | J16: =1230000+140000 -> 1370000 | O16: =H16+J16+K16+L16+M16+N16 -> 1370000 | P16: 2909091 | Q16: =P16-O16 -> 1539091
A17: 10 | B17: 42656 | C17: Trả hàng sáng 14/10 | D17: EITU0462379 | E17: TP Ninh Bình | G17: 515 | H17: 6396300 | J17: =1100000+140000 -> 1240000 | O17: =H17+J17+K17+L17+M17+N17 -> 7636300 | P17: 5200000 | Q17: =P17-O17 -> -2436300
A18: 11 | B18: 42656 | C18: Đóng hàng KH chiều 14/10 | D18: GMDU2419494 | E18: Phủ Lý, Hà Nam | J18: 0 | O18: =H18+J18+K18+L18+M18+N18 -> 0 | P18: 0 | Q18: =P18-O18 -> 0
A19: 12 | B19: 42657 | C19: Trả hàng + đóng hàng KH 15/10 | D19: GMDU2153423 | E19: KCN Tân Trường, Hải Dương - Hà Nam | J19: =1300000+140000 -> 1440000 | O19: =H19+J19+K19+L19+M19+N19 -> 1440000 | P19: 4700000 | Q19: =P19-O19 -> 3260000
A20: 13 | B20: 42660 | C20: Trả hàng sáng 18/10 | D20: DRYU9592290 | E20: KCN Tiên Sơn, Bắc Ninh | J20: =830000+140000+1000000 -> 1970000 | O20: =H20+J20+K20+L20+M20+N20 -> 1970000 | P20: 3272727 | Q20: =P20-O20 -> 1302727
A21: 14 | B21: 42661 | C21: Đóng hàng kết hợp chiều 18/10 | D21: DRYU9592290 | E21: KCN Thụy Vân, Việt Trì | J21: 0 | O21: =H21+J21+K21+L21+M21+N21 -> 0 | P21: 3509091 | Q21: =P21-O21 -> 3509091
A22: 15 | B22: 42663 | C22: Đóng hàng bọt xỉ sáng 20/10 | D22: SKHU8709742 | E22: Phả Lại, Hải Dương | G22: 500 | H22: 6510000 | J22: =690000+70000 -> 760000 | O22: =H22+J22+K22+L22+M22+N22 -> 7270000 | P22: 3500000 | Q22: =P22-O22 -> -3770000
A23: 16 | B23: 42664 | C23: Đóng hàng sáng 21/10 | D23: VSLU7024694 | E23: Ninh Hiệp, Gia Lâm, Hà Nội | J23: =1230000+140000 -> 1370000 | O23: =H23+J23+K23+L23+M23+N23 -> 1370000 | P23: 3181818 | Q23: =P23-O23 -> 1811818
A24: 17 | B24: 42664 | C24: Đóng hàng cốp pha sáng 22/10 | D24: TRLU5007685 | E24: KCN VSIP, Thủy Nguyên, Hải Phòng | J24: =200000+140000 -> 340000 | O24: =H24+J24+K24+L24+M24+N24 -> 340000 | P24: 1500000 | Q24: =P24-O24 -> 1160000
A25: 18 | B25: 42665 | C25: Đóng hàng chè sáng 24/10 | D25: FSCU9308647 | E25: Mỹ Bằng, Yên Sơn, Tuyên Quang | J25: =1950000+140000 -> 2090000 | O25: =H25+J25+K25+L25+M25+N25 -> 2090000 | P25: 8181818 | Q25: =P25-O25 -> 6091818
A26: 19 | B26: 42668 | C26: Trả hàng + đóng hàng KH 26/10 | D26: DRYU3095698 | E26: Hoàng Mai, Hà Nội - Hà Nam | J26: =1600000+140000 -> 1740000 | O26: =H26+J26+K26+L26+M26+N26 -> 1740000 | P26: 5200000 | Q26: =P26-O26 -> 3460000
A27: 20 | B27: 42669 | C27: Trả hàng Vietsun sáng 27/10 | D27: TCNU4785962 | E27: KCN Tiên Sơn, Bắc Ninh | J27: =830000+70000+400000+200000 -> 1500000 | O27: =H27+J27+K27+L27+M27+N27 -> 1500000 | P27: 3272727 | Q27: =P27-O27 -> 1772727
A28: 21 | B28: 42670 | C28: Đóng hàng kết hợp chiều 28/10 | D28: TCNU4785962 | E28: KCN Thăng Long, Hà Nội | J28: 0 | O28: =H28+J28+K28+L28+M28+N28 -> 0 | P28: 3327273 | Q28: =P28-O28 -> 3327273
A29: 22 | B29: 42671 | C29: Trả hàng + đóng hàng KH 29/10 | D29: GMDU2402465 | E29: Phường Việt Hòa, Hải Dương - Hà Nam | J29: 1300000 | O29: =H29+J29+K29+L29+M29+N29 -> 1300000 | P29: 4700000 | Q29: =P29-O29 -> 3400000
A30: 23 | B30: 42672 | C30: Trả hàng Vietsun sáng 30/10 | D30: DRYU9877570 | E30: Dị Sử, Mỹ Hào, Hưng Yên | G30: 615 | H30: 8007300 | J30: =840000+70000 -> 910000 | O30: =H30+J30+K30+L30+M30+N30 -> 8917300 | P30: 2645455 | Q30: =P30-O30 -> -6271845
A31: 24 | B31: 42673 | C31: Trả hàng Vietsun sáng 31/10 | D31: TCNU4595638 | E31: KCN Tiên Sơn, Bắc Ninh | J31: =830000+140000 -> 970000 | O31: =H31+J31+K31+L31+M31+N31 -> 970000 | P31: 3472727 | Q31: =P31-O31 -> 2502727
C32: Lương lái xe T10/2016 | K32: =9000000-350000 -> 8650000 | O32: =H32+J32+K32+L32+M32+N32 -> 8650000 | Q32: =P32-O32 -> -8650000
C33: Sửa xe (đèn led sườn) | L33: 130000 | O33: =H33+J33+K33+L33+M33+N33 -> 130000 | Q33: =P33-O33 -> -130000
C34: Phí gửi xe T10/2016 | L34: 1320000 | O34: =H34+J34+K34+L34+M34+N34 -> 1320000 | Q34: =P34-O34 -> -1320000
A35: TỔNG CỘNG | G35: =SUM(G7:G34) -> 2570 | H35: =SUM(H7:H34) -> 32537400 | I35: =SUM(I7:I34) -> 0 | J35: =SUM(J7:J34) -> 29900000 | K35: =SUM(K7:K34) -> 8650000 | L35: =SUM(L7:L34) -> 1450000 | M35: =SUM(M7:M34) -> 0 | N35: =SUM(N7:N34) -> 0 | ... Q35: =SUM(Q7:Q34) -> 27186400
Q36: =P35-O35 -> 27186400
P37: LK | Q37: =Q35+'09.2016'!Q39 -> 275490237

Sheet 11.2016
A1: Bảng theo dõi doanh thu/ chi phí theo phương tiện vận chuyển
A2: Biển số xe: 15C - 139.82
B3: THÁNG 11.2016
A5: STT | B5: Ngày tháng | C5: Diễn giải | D5: Số cont | E5: Tuyến đường vận chuyển | F5: Khoảng cách (km) | G5: Chi phí | O5: Tổng chi phí | P5: Cước vận chuyển | Q5: Lợi nhuận gộp
G6: Dầu (l) | H6: Dầu (đồng) | I6: Mức TTBQ | J6: Đi đường | K6: Lương lx | L6: Sửa chữa | M6: Lốp | N6: Dầu máy
A8: 1 | B8: 42674 | C8: Trả hàng + đóng hàng KH 01/11 | D8: DRYU3095770 | E8: KCN Tân Trường, Hải Dương - Hà Nam | J8: =1300000+70000 -> 1370000 | O8: =H8+J8+K8+L8+M8+N8 -> 1370000 | P8: 4700000 | Q8: =P8-O8 -> 3330000
A9: 2 | B9: 42675 | C9: Đóng hàng bình khí 02/11 | D9: TCKU3114939 | E9: Từ Liêm, Hà Nội | J9: =1230000+140000 -> 1370000 | O9: =H9+J9+K9+L9+M9+N9 -> 1370000 | P9: 4318182 | Q9: =P9-O9 -> 2948182
A10: 3 | B10: 42676 | C10: Trả hàng NK sáng 03/11 | D10: DYLU2105922 | E10: Bát Tràng, Hà Nội | J10: =1040000+140000 -> 1180000 | O10: =H10+J10+K10+L10+M10+N10 -> 1180000 | P10: 3100000 | Q10: =P10-O10 -> 1920000
A11: 4 | B11: 42677 | C11: Trả hàng + đóng hàng KH 04/11 | D11: WFHU1352031 | E11: KCN Thường Tín, Hà Nội - Hà Nam | G11: 530 | H11: 6900600 | J11: =1600000+140000 -> 1740000 | O11: =H11+J11+K11+L11+M11+N11 -> 8640600 | P11: 5200000 | Q11: =P11-O11 -> -3440600
A12: 5 | B12: 42678 | C12: Đóng hàng XK sáng 05/11 | D12: WHLU0596591 | E12: Mỹ Hào, Hưng Yên | J12: =840000+140000 -> 980000 | O12: =H12+J12+K12+L12+M12+N12 -> 980000 | P12: 3000000 | Q12: =P12-O12 -> 2020000
A13: 6 | B13: 42679 | C13: Trả hàng Vietsun sáng 07/11 | D13: MAGU5663850 | E13: Dương Xá, Gia Lâm, Hà Nội | J13: =1200000+70000 -> 1270000 | O13: =H13+J13+K13+L13+M13+N13 -> 1270000 | P13: 3181818 | Q13: =P13-O13 -> 1911818
A14: 7 | B14: 42681 | C14: Đóng hàng chè sáng 08/11 | D14: MSKU9322955 | E14: Mỹ Bằng, Yên Sơn, Tuyên Quang | J14: =1950000+140000 -> 2090000 | O14: =H14+J14+K14+L14+M14+N14 -> 2090000 | P14: 8181818 | Q14: =P14-O14 -> 6091818
A15: 8 | B15: 42693 | C15: Trả hàng sáng 22/11 | D15: WHSU5012232 | E15: Ngũ Hiệp, Thanh Trì, Hà Nội | J15: 1150000 | O15: =H15+J15+K15+L15+M15+N15 -> 1150000 | P15: 3500000 | Q15: =P15-O15 -> 2350000
A16: 9 | B16: 42693 | C16: Trả hàng sáng 19/11 | D16: SITU9044434 | E16: Tề Lỗ, Yên Lạc, Vĩnh Phúc | J16: =1100000+140000+280000 -> 1520000 | O16: =H16+J16+K16+L16+M16+N16 -> 1520000 | P16: 4500000 | Q16: =P16-O16 -> 2980000
A17: 10 | B17: 42694 | C17: Đóng hàng chè sáng 21/11 | D17: UETU5392122 | E17: Mỹ Bằng, Yên Sơn, Tuyên Quang | G17: 585 | H17: 7312500 | J17: =1950000+140000 -> 2090000 | O17: =H17+J17+K17+L17+M17+N17 -> 9402500 | P17: 8181818 | Q17: =P17-O17 -> -1220682
A18: 11 | B18: 42696 | C18: Trả hàng NK sáng 23/11 | D18: TGHU6438080 | E18: Ngọc Hồi, Thanh Trì, Hà Nội | J18: =1150000+140000 -> 1290000 | O18: =H18+J18+K18+L18+M18+N18 -> 1290000 | P18: 3500000 | Q18: =P18-O18 -> 2210000
A19: 12 | B19: 42697 | C19: Trả hàng Vietsun sáng 24/11 | D19: DRYU9961700 | E19: KCN Tiên Sơn, Bắc Ninh | G19: 390 | H19: 4875000 | J19: =830000+70000+520000 -> 1420000 | O19: =H19+J19+K19+L19+M19+N19 -> 6295000 | P19: 3272727 | Q19: =P19-O19 -> -3022273
A20: 13 | B20: 42698 | C20: Đóng hàng kết hợp chiều 24/11 | D20: DRYU9961700 | E20: Phúc Yên, Vĩnh Phúc | J20: 0 | O20: =H20+J20+K20+L20+M20+N20 -> 0 | P20: 2545455 | Q20: =P20-O20 -> 2545455
A21: 14 | B21: 42698 | C21: Trả hàng Vietsun sáng 25/11 | D21: DRYU9876379 | E21: Dị Sử, Mỹ Hào, Hưng Yên | J21: =800000+140000 -> 940000 | O21: =H21+J21+K21+L21+M21+N21 -> 940000 | P21: 2545455 | Q21: =P21-O21 -> 1605455
A22: 15 | B22: 42702 | C22: Trả hàng sáng 29/11 | D22: WHLU5801826 | E22: Ngũ Hiệp, Thanh Trì, Hà Nội | J22: =1200000-50000 -> 1150000 | O22: =H22+J22+K22+L22+M22+N22 -> 1150000 | P22: 3500000 | Q22: =P22-O22 -> 2350000
A23: 16 | B23: 42703 | C23: Trả hàng Vietsun sáng 30/11 | D23: DRYU9969430 | E23: KCN Kiện Khê, Hà Nam | G23: 310 | H23: 3875000 | J23: =900000+400000 -> 1300000 | O23: =H23+J23+K23+L23+M23+N23 -> 5175000 | P23: 3636364 | Q23: =P23-O23 -> -1538636
A24: 17 | B24: 42703 | C24: Đóng hàng kết hợp chiều 30/11 | D24: DRYU9969430 | E24: KCN Kiện Khê, Hà Nam | J24: 0 | O24: =H24+J24+K24+L24+M24+N24 -> 0 | P24: 2545455 | Q24: =P24-O24 -> 2545455
C25: Lương lái xe T11/2016 | K25: 4846154 | O25: =H25+J25+K25+L25+M25+N25 -> 4846154 | Q25: =P25-O25 -> -4846154
C26: Dầu nhớt rimula 15W40 | N26: =11265000/209*40 -> 2155980.9 | O26: =H26+J26+K26+L26+M26+N26 -> 2155980.9 | Q26: =P26-O26 -> -2155980.9
C27: Thanh toán tiền rửa xe bơm mỡ xe 15C-139.82 | L27: 300000 | O27: =H27+J27+K27+L27+M27+N27 -> 300000 | Q27: =P27-O27 -> -300000
C28: Thanh toán tiền sửa xe 15C-139.82 (mooc xe, công thợ xiết quay nhip mooc+xiết 6 đầu may-ơ) | L28: 300000 | O28: =H28+J28+K28+L28+M28+N28 -> 300000 | Q28: =P28-O28 -> -300000
C29: Thanh toán tiền sửa xe 15C-139.82 (ống dầu cấp km số 2) | L29: 1400000 | O29: =H29+J29+K29+L29+M29+N29 -> 1400000 | Q29: =P29-O29 -> -1400000
C30: Thanh toán phí giữ hộ tài liệu xe 15C-139.82 cho ngân hàng sacombank ngày 11/11/2016 | L30: 1056000 | O30: =H30+J30+K30+L30+M30+N30 -> 1056000 | Q30: =P30-O30 -> -1056000
C31: Thanh toán phí cấp lưu hành xe 15C-139.82 cho ngân hàng sacombank ngày 11/11/2016 | L31: 660000 | O31: =H31+J31+K31+L31+M31+N31 -> 660000 | Q31: =P31-O31 -> -660000
C32: Thanh toán tiền sửa xe 15C-139.82 (làm tăng dây curoa | L32: 300000 | O32: =H32+J32+K32+L32+M32+N32 -> 300000 | Q32: =P32-O32 -> -300000
C33: Thanh toán tiền mua lốp xe 15C-139.82 (2 quả) cho Công ty Hiệp Sinh | L33: 9000000 | O33: =H33+J33+K33+L33+M33+N33 -> 9000000 | Q33: =P33-O33 -> -9000000
C34: Thanh toán tiền lọc ly tâm | L34: 700000 | O34: =H34+J34+K34+L34+M34+N34 -> 700000 | Q34: =P34-O34 -> -700000
C35: Phí gửi xe T11/2016 | L35: 1320000 | O35: =H35+J35+K35+L35+M35+N35 -> 1320000 | Q35: =P35-O35 -> -1320000
A36: TỔNG CỘNG | G36: =SUM(G7:G35) -> 1815 | H36: =SUM(H7:H35) -> 22963100 | I36: =SUM(I7:I35) -> 0 | J36: =SUM(J7:J35) -> 20860000 | K36: =SUM(K7:K35) -> 4846154 | L36: =SUM(L7:L35) -> 15036000 | M36: =SUM(M7:M35) -> 0 | N36: =SUM(N7:N35) -> 2155980.9 | ... Q36: =SUM(Q7:Q35) -> 3547857.1
Q37: =P36-O36 -> 3547857.1
P38: LK | Q38: =Q36+'10.2016'!Q37 -> 2.7903809e+08

Sheet 12.2016
A1: Bảng theo dõi doanh thu/ chi phí theo phương tiện vận chuyển
A2: Biển số xe: 15C - 139.82
B3: THÁNG 12.2016
A5: STT | B5: Ngày tháng | C5: Diễn giải | D5: Số cont | E5: Tuyến đường vận chuyển | F5: Khoảng cách (km) | G5: Chi phí | O5: Tổng chi phí | P5: Cước vận chuyển | Q5: Lợi nhuận gộp
G6: Dầu (l) | H6: Dầu (đồng) | I6: Mức TTBQ | J6: Đi đường | K6: Lương lx | L6: Sửa chữa | M6: Lốp | N6: Dầu máy
A8: 1 | B8: 42704 | C8: Trả hàng Vietsun sáng 01/12 | D8: TCNU4785427 | E8: Dị Sử, Mỹ Hào, Hưng Yên | J8: =800000+70000 -> 870000 | O8: =H8+J8+K8+L8+M8+N8 -> 870000 | P8: 2545455 | Q8: =P8-O8 -> 1675455
A9: 2 | B9: 42705 | C9: Trả hàng Vietsun sáng 02/12 | D9: DRYU9718162 | E9: Dị Sử, Mỹ Hào, Hưng Yên | J9: =800000+140000 -> 940000 | O9: =H9+J9+K9+L9+M9+N9 -> 940000 | P9: 2545455 | Q9: =P9-O9 -> 1605455
A10: 3 | B10: 42706 | C10: Trả hàng + đóng hàng KH 03/12 | D10: XINU1556839 | E10: Sài Đồng, Long Biên, Hà Nội | J10: =1600000-40000+70000 -> 1630000 | O10: =H10+J10+K10+L10+M10+N10 -> 1630000 | P10: 5300000 | Q10: =P10-O10 -> 3670000
A11: 4 | B11: 42706 | C11: Trả hàng + đóng hàng KH 03/12 | D11: DRYU2853556 | E11: Phủ Lý, Hà Nam | O11: =H11+J11+K11+L11+M11+N11 -> 0 | P11: 0 | Q11: =P11-O11 -> 0
A12: 5 | B12: 42708 | C12: Trả hàng + đóng hàng KH 05/12 | D12: GMDU2152767 | E12: KCN Tân Trường, Hải Dương - Hà Nam | J12: =1300000-20000+70000 -> 1350000 | O12: =H12+J12+K12+L12+M12+N12 -> 1350000 | P12: 4700000 | Q12: =P12-O12 -> 3350000
A13: 6 | B13: 42709 | C13: Đóng hàng Vietsun sáng 06/12 | D13: HDMU6969950 | E13: Thạch Thất, Hà Nội | J13: =1250000+70000 -> 1320000 | O13: =H13+J13+K13+L13+M13+N13 -> 1320000 | P13: 4090909 | Q13: =P13-O13 -> 2770909
A14: 7 | B14: 42710 | C14: Đóng hàng sáng 07/12 | D14: CAIU9077005 | E14: Khoái Châu, Hưng Yên | G14: 580 | H14: 7348600 | J14: =800000+70000 -> 870000 | O14: =H14+J14+K14+L14+M14+N14 -> 8218600 | P14: 3400000 | Q14: =P14-O14 -> -4818600
A15: 8 | B15: 42711 | C15: Trả hàng Vietsun sáng 08/12 | D15: DRYU9592182 | E15: KCN Hà Bình Phương, Hà Nội | J15: =1150000+400000+140000 -> 1690000 | O15: =H15+J15+K15+L15+M15+N15 -> 1690000 | P15: 3181818 | Q15: =P15-O15 -> 1491818
A16: 9 | B16: 42712 | C16: Đóng hàng kết hợp sáng 09/12 | D16: DRYU9592182 | E16: Phúc Yên, Vĩnh Phúc | O16: =H16+J16+K16+L16+M16+N16 -> 0 | P16: 3272727 | Q16: =P16-O16 -> 3272727
A17: 10 | B17: 42713 | C17: Trả hàng NK chiều 10/12 | D17: CCLU3687187 | E17: Mỹ Hào, Hưng Yên | J17: =800000+140000 -> 940000 | O17: =H17+J17+K17+L17+M17+N17 -> 940000 | P17: 3000000 | Q17: =P17-O17 -> 2060000
A18: 11 | B18: 42714 | C18: Trả hàng Vietsun sáng 12/12 | D18: DRYU9962841 | E18: Ngũ Hiệp, Thanh Trì, Hà Nội | G18: 280 | H18: 3547600 | J18: =1150000+400000+70000 -> 1620000 | O18: =H18+J18+K18+L18+M18+N18 -> 5167600 | P18: 3181818 | Q18: =P18-O18 -> -1985782
A19: 12 | B19: 42716 | C19: Đóng hàng kết hợp chiều 12/12 | D19: DRYU9962841 | E19: Thanh Liêm, Hà Nam | O19: =H19+J19+K19+L19+M19+N19 -> 0 | P19: 2545455 | Q19: =P19-O19 -> 2545455
A20: 13 | B20: 42716 | C20: Trả hàng Vietsun sáng 13/12 | D20: TCNU4595833 | E20: Dị Sử, Mỹ Hào, Hưng Yên | J20: =800000+70000 -> 870000 | O20: =H20+J20+K20+L20+M20+N20 -> 870000 | P20: 2545455 | Q20: =P20-O20 -> 1675455
A21: 14 | B21: 42717 | C21: Trả hàng Vietsun sáng 14/12 | D21: TCNU4595387 | E21: KCN Đồng Văn, Hà Nam | J21: =950000+140000 -> 1090000 | O21: =H21+J21+K21+L21+M21+N21 -> 1090000 | P21: 3381818 | Q21: =P21-O21 -> 2291818
A22: 15 | B22: 42718 | C22: Đóng hàng chè sáng 15/12 | D22: TCLU5766065 | E22: Mỹ Bằng, Yên Sơn, Tuyên Quang | G22: 290 | H22: 3674300 | J22: =1910000+70000 -> 1980000 | O22: =H22+J22+K22+L22+M22+N22 -> 5654300 | P22: 8181818 | Q22: =P22-O22 -> 2527518
A23: 16 | B23: 42719 | C23: Trả hàng Vietsun sáng 16/12 | D23: DRYU9877246 | E23: Dị Sử, Mỹ Hào, Hưng Yên | J23: =800000+140000+600000 -> 1540000 | O23: =H23+J23+K23+L23+M23+N23 -> 1540000 | P23: 2545455 | Q23: =P23-O23 -> 1005455
A24: 17 | B24: 42720 | C24: Đóng hàng kết hợp Vietsun chiều 16/12 | D24: DRYU9877246 | E24: Phúc Yên, Vĩnh Phúc | O24: =H24+J24+K24+L24+M24+N24 -> 0 | P24: 2545455 | Q24: =P24-O24 -> 2545455
A25: 18 | B25: 42720 | C25: Trả hàng Vietsun sáng 17/12 | D25: DRYU9961779 | E25: Ngũ Hiệp, Thanh Trì, Hà Nội | J25: =1150000+140000 -> 1290000 | O25: =H25+J25+K25+L25+M25+N25 -> 1290000 | P25: 3181818 | Q25: =P25-O25 -> 1891818
A26: 19 | B26: 42722 | C26: Trả hàng + đóng hàng KH sáng 19/12 | D26: TRHU1344864 | E26: Tam Điệp, Ninh Bình - Hà Nam | J26: =1100000+140000 -> 1240000 | O26: =H26+J26+K26+L26+M26+N26 -> 1240000 | P26: 5400000 | Q26: =P26-O26 -> 4160000
A27: 20 | B27: 42723 | C27: Trả hàng + đóng hàng KH sáng 20/12 | D27: DRYU2851070 | E27: Chương Mỹ, Hà Nội - Tam Dương, VP | J27: =1560000+140000-110000 -> 1590000 | O27: =H27+J27+K27+L27+M27+N27 -> 1590000 | P27: 7000000 | Q27: =P27-O27 -> 5410000
A28: 21 | B28: 42725 | C28: Đóng hàng chè sáng 22/12 | D28: TEMU8419386 | E28: Mỹ Bằng, Yên Sơn, Tuyên Quang | G28: 700 | H28: 9401000 | J28: =1910000+140000 -> 2050000 | O28: =H28+J28+K28+L28+M28+N28 -> 11451000 | P28: 8181818 | Q28: =P28-O28 -> -3269182
A29: 22 | B29: 42726 | C29: Trả hàng + đóng hàng KH 23/12 | D29: WFHU1356356 | E29: KCN Hà Bình Phương - Vĩnh Tường, VP | J29: =1600000+90000+140000 -> 1830000 | O29: =H29+J29+K29+L29+M29+N29 -> 1830000 | P29: 5700000 | Q29: =P29-O29 -> 3870000
A30: 23 | B30: 42729 | C30: Trả hàng + đóng hàng KH 26/12 | D30: DRYU2852288 | E30: Hà Đông, Hà Nội - Vĩnh Phúc | G30: 330 | H30: 4431900 | J30: =1600000-200000 -> 1400000 | O30: =H30+J30+K30+L30+M30+N30 -> 5831900 | P30: 5700000 | Q30: =P30-O30 -> -131900
A31: 24 | B31: 42731 | C31: Trả hàng Vietsun sáng 27/12 | D31: DRYU9961188 | E31: KCN Quất Động, Thường Tín Hà Nội | J31: =1150000+400000+70000 -> 1620000 | O31: =H31+J31+K31+L31+M31+N31 -> 1620000 | P31: 3181818 | Q31: =P31-O31 -> 1561818
A32: 25 | B32: 42731 | C32: Đóng hàng kết hợp chiều 27/12 | D32: DRYU9961188 | E32: KCN Quất Động, Thường Tín Hà Nội | O32: =H32+J32+K32+L32+M32+N32 -> 0 | P32: 1590909 | Q32: =P32-O32 -> 1590909
A33: 26 | B33: 42731 | C33: Trả hàng + đóng hàng KH 28/12 | D33: GMDU2151117 | E33: Yên Nghĩa, Hà Đông, Hà Nội - Hà Nam | J33: =1600000+300000 -> 1900000 | O33: =H33+J33+K33+L33+M33+N33 -> 1900000 | P33: 5200000 | Q33: =P33-O33 -> 3300000
A34: 27 | B34: 42732 | C34: Trả hàng Vietsun sáng 29/12 | D34: DRYU9590636 | E34: KCN Tiên Sơn, Bắc Ninh | J34: =790000+140000+100000 -> 1030000 | O34: =H34+J34+K34+L34+M34+N34 -> 1030000 | P34: 3545455 | Q34: =P34-O34 -> 2515455
A35: 28 | B35: 42733 | C35: Đóng hàng kết hợp chiều 29/12 | D35: DRYU9590636 | E35: Mỹ Hào, Hưng Yên | O35: =H35+J35+K35+L35+M35+N35 -> 0 | P35: 1500000 | Q35: =P35-O35 -> 1500000
C36: Lương lái xe T12/2016 | K36: =8307692+500000 -> 8807692 | O36: =H36+J36+K36+L36+M36+N36 -> 8807692 | Q36: =P36-O36 -> -8807692
C37: Rửa xe, bơm mỡ | L37: 300000 | O37: =H37+J37+K37+L37+M37+N37 -> 300000 | Q37: =P37-O37 -> -300000
C38: Lấy phiếu xe | L38: 20000 | O38: =H38+J38+K38+L38+M38+N38 -> 20000 | Q38: =P38-O38 -> -20000
C39: Thanh toán tiền sửa xe 15C-139.82 (tiện đắp mỡ gật, công tháo lắp mỡ gật, mỡ moay ơ, thay dây hơi tăng áp, công thay dây hơi) | L39: 4760000 | O39: =H39+J39+K39+L39+M39+N39 -> 4760000 | Q39: =P39-O39 -> -4760000
C40: Phí gửi xe T12/2016 | L40: 1320000 | O40: =H40+J40+K40+L40+M40+N40 -> 1320000 | Q40: =P40-O40 -> -1320000
A41: TỔNG CỘNG | G41: =SUM(G7:G40) -> 2180 | H41: =SUM(H7:H40) -> 28403400 | I41: =SUM(I7:I40) -> 0 | J41: =SUM(J7:J40) -> 30660000 | K41: =SUM(K7:K40) -> 8807692 | L41: =SUM(L7:L40) -> 6400000 | M41: =SUM(M7:M40) -> 0 | N41: =SUM(N7:N40) -> 0 | ... Q41: =SUM(Q7:Q40) -> 32874364
Q42: =P41-O41 -> 32874364
P43: LK | Q43: =Q41+'11.2016'!Q38 -> 3.1191246e+08

Sheet 01-2017
A1: Bảng theo dõi doanh thu/ chi phí theo phương tiện vận chuyển
A2: Biển số xe: 15C - 139.82
B3: THÁNG 1.2017
A5: STT | B5: Ngày tháng | C5: Diễn giải | D5: Số cont | E5: Tuyến đường vận chuyển | F5: Khoảng cách (km) | G5: Chi phí | O5: Tổng chi phí | P5: Cước vận chuyển | Q5: Lợi nhuận gộp
G6: Dầu (l) | H6: Dầu (đồng) | I6: Mức TTBQ | J6: Đi đường | K6: Lương lx | L6: Sửa chữa | M6: Lốp | N6: Dầu máy
A8: 1 | B8: 42738 | C8: Trả hàng Vietsun sáng 04/01 | D8: TCNU4595601 | E8: Mỹ Hào, Hưng Yên | J8: 800000 | O8: =H8+J8+K8+L8+M8+N8 -> 800000 | P8: 2545455 | Q8: =P8-O8 -> 1745455
A9: 2 | B9: 42739 | C9: Trả hàng Vietsun chiều 04/01 | D9: DRYU9589511 | E9: Mỹ Hào, Hưng Yên | G9: 610 | H9: 8387500 | J9: =800000+140000 -> 940000 | O9: =H9+J9+K9+L9+M9+N9 -> 9327500 | P9: 2545455 | Q9: =P9-O9 -> -6782045
A10: 3 | B10: 42739 | C10: Trả hàng + đóng hàng KH 05/01 | D10: DRYU3093252 | E10: Ngọc Hồi, Thanh Trì, Hà Nội - Hà Nam | J10: 1600000 | O10: =H10+J10+K10+L10+M10+N10 -> 1600000 | P10: 5200000 | Q10: =P10-O10 -> 3600000
A11: 4 | B11: 42740 | C11: Trả hàng Vietsun sáng 06/01 | D11: DRYU9876337 | E11: TT Bần, Mỹ Hào, Hưng Yên | J11: =800000+400000+140000 -> 1340000 | O11: =H11+J11+K11+L11+M11+N11 -> 1340000 | P11: 2545455 | Q11: =P11-O11 -> 1205455
A12: 5 | B12: 42741 | C12: Đóng hàng kết hợp chiều 06/01 | D12: DRYU9876337 | E12: KCN Phố Nối A, Hưng Yên | J12: 0 | O12: =H12+J12+K12+L12+M12+N12 -> 0 | P12: 1454545 | Q12: =P12-O12 -> 1454545
A13: 6 | B13: 42741 | C13: Trả hàng Vietsun sáng 07/01 | D13: DRYU9961254 | E13: Mỹ Hào, Hưng Yên | J13: =800000+70000+750000 -> 1620000 | O13: =H13+J13+K13+L13+M13+N13 -> 1620000 | P13: 2545455 | Q13: =P13-O13 -> 925455
A14: 7 | B14: 42742 | C14: Đóng hàng KH chiều 07/01 | D14: DRYU9961254 | E14: KCN Hà Bình Phương, Hà Nội | J14: 0 | O14: =H14+J14+K14+L14+M14+N14 -> 0 | P14: 2227273 | Q14: =P14-O14 -> 2227273
A15: 8 | B15: 42742 | C15: Trả hàng Vietsun sáng 09/01 | D15: DRYU9719045 | E15: Văn Lâm, Hưng Yên | J15: =800000+700000 -> 1500000 | O15: =H15+J15+K15+L15+M15+N15 -> 1500000 | P15: 3054545 | Q15: =P15-O15 -> 1554545
A16: 9 | B16: 42742 | C16: Đóng hàng kết hợp chiều 09/01 | D16: DRYU9719045 | E16: Phúc Yên, Vĩnh Phúc | J16: 0 | O16: =H16+J16+K16+L16+M16+N16 -> 0 | P16: 2672727 | Q16: =P16-O16 -> 2672727
A17: 10 | B17: 42744 | C17: Trả hàng + đóng hàng KH 10/01 | D17: DRYU3094602 | E17: KCN Phố Nối, Hưng Yên - Hà Nam | J17: =1340000+140000 -> 1480000 | O17: =H17+J17+K17+L17+M17+N17 -> 1480000 | P17: 4700000 | Q17: =P17-O17 -> 3220000
A18: 11 | B18: 42745 | C18: Trả hàng Vietsun sáng 11/01 | D18: DRYU9592670 | E18: Ngũ Hiệp, Thanh Trì, Hà Nội | J18: =1150000+70000 -> 1220000 | O18: =H18+J18+K18+L18+M18+N18 -> 1220000 | P18: 3345455 | Q18: =P18-O18 -> 2125455
A19: 12 | B19: 42746 | C19: Trả hàng Vietsun sáng 12/01 | D19: DRYU9592304 | E19: KCN Tiên Sơn, Bắc Ninh | J19: =790000+1040000 -> 1830000 | O19: =H19+J19+K19+L19+M19+N19 -> 1830000 | P19: 3436364 | Q19: =P19-O19 -> 1606364
A20: 13 | B20: 42747 | C20: Đóng hàng kết hợp chiều 12/01 | D20: DRYU9592304 | E20: NM giấy Bãi Bằng, Phù Ninh, Phú Thọ | G20: 630 | H20: 8662500 | J20: 0 | O20: =H20+J20+K20+L20+M20+N20 -> 8662500 | P20: 4346364 | Q20: =P20-O20 -> -4316136
A21: 14 | B21: 42747 | C21: Trả hàng Vietsun sáng 13/01 | D21: TCNU4785978 | E21: KCN Hà Bình Phương, Hà Nội | J21: =1150000+420000+70000 -> 1640000 | O21: =H21+J21+K21+L21+M21+N21 -> 1640000 | P21: 3345455 | Q21: =P21-O21 -> 1705455
A22: 15 | B22: 42748 | C22: Đóng hàng kết hợp chiều 13/01 | D22: TCNU4785978 | E22: Phúc Yên, Vĩnh Phúc | J22: 0 | O22: =H22+J22+K22+L22+M22+N22 -> 0 | P22: 2672727 | Q22: =P22-O22 -> 2672727
A23: 16 | B23: 42748 | C23: Trả hàng NK sáng 14/01 | D23: TGHU0471409 | E23: Mỹ Hào, Hưng Yên | J23: =800000+140000 -> 940000 | O23: =H23+J23+K23+L23+M23+N23 -> 940000 | P23: 3000000 | Q23: =P23-O23 -> 2060000
A24: 17 | B24: 42749 | C24: Trả hàng sáng 15/01 | D24: VSLU7024713 | E24: Kim Thành, Phú Thái, Hải Dương | J24: =650000+70000 -> 720000 | O24: =H24+J24+K24+L24+M24+N24 -> 720000 | P24: 2336364 | Q24: =P24-O24 -> 1616364
A25: 18 | B25: 42750 | C25: Trả hàng sáng 16/01 | D25: DRYU9961742 | E25: Sài Đồng, Long Biên, Hà Nội | J25: =1150000+140000 -> 1290000 | O25: =H25+J25+K25+L25+M25+N25 -> 1290000 | P25: 3345455 | Q25: =P25-O25 -> 2055455
A26: 19 | B26: 42751 | C26: Trả hàng + đóng hàng KH 17/01 | D26: VSLU3035160 | E26: Thạch Thất, Hà Nội - Hà Nam | G26: 460 | H26: 6325000 | J26: =1600000+140000 -> 1740000 | O26: =H26+J26+K26+L26+M26+N26 -> 8065000 | P26: 5200000 | Q26: =P26-O26 -> -2865000
A27: 20 | B27: 42752 | C27: Trả hàng Vietsun sáng 18/01 | D27: DRYU9168554 | E27: KCN Duyên Thái, Thường Tín, Hà Nội | J27: =1150000+140000+420000 -> 1710000 | O27: =H27+J27+K27+L27+M27+N27 -> 1710000 | P27: 3345455 | Q27: =P27-O27 -> 1635455
A28: 21 | B28: 42752 | C28: Đóng hàng kết hợp chiều 18/01 | D28: DRYU9168554 | E28: Phúc Yên, Vĩnh Phúc | J28: 0 | O28: =H28+J28+K28+L28+M28+N28 -> 0 | P28: 2672727 | Q28: =P28-O28 -> 2672727
A29: 22 | B29: 42754 | C29: Trả hàng Vietsun sáng 19/01 | D29: DRYU9877713 | E29: Yên Mỹ, Hưng Yên | J29: =800000+140000+580000 -> 1520000 | O29: =H29+J29+K29+L29+M29+N29 -> 1520000 | P29: 2672727 | Q29: =P29-O29 -> 1152727
A30: 23 | B30: 42754 | C30: Đóng hàng kết hợp chiều 19/01 | D30: DRYU9877713 | E30: Phúc Yên, Vĩnh Phúc | J30: 0 | O30: =H30+J30+K30+L30+M30+N30 -> 0 | P30: 2672727 | Q30: =P30-O30 -> 2672727
A31: 24 | B31: 42755 | C31: Trả hàng Vietsun sáng 20/01 | D31: TCNU4785448 | E31: Văn Lâm, Hưng Yên | J31: =1150000+140000 -> 1290000 | O31: =H31+J31+K31+L31+M31+N31 -> 1290000 | P31: 3054545 | Q31: =P31-O31 -> 1764545
A32: 25 | B32: 42755 | C32: Trả hàng sáng 21/01 | D32: HAHU5023228 | E32: KCN Đình Trám, Bắc Giang | J32: =790000+140000 -> 930000 | O32: =H32+J32+K32+L32+M32+N32 -> 930000 | P32: 3300000 | Q32: =P32-O32 -> 2370000
A33: 26 | B33: 42758 | C33: Đóng hàng sáng 23/01 | D33: TCNU6542724 | E33: Cầu Phong Châu, Phú Thọ | J33: =1400000+140000 -> 1540000 | O33: =H33+J33+K33+L33+M33+N33 -> 1540000 | P33: 5500000 | Q33: =P33-O33 -> 3960000
A34: 27 | B34: 42758 | C34: Trả hàng Vietsun sáng 24/01 | D34: DRYU9592264 | E34: Ngọc Hồi, Thanh Trì, Hà Nội | G34: 830 | H34: =G34*14040 -> 11653200 | J34: =1150000+140000 -> 1290000 | O34: =H34+J34+K34+L34+M34+N34 -> 12943200 | P34: 3536364 | Q34: =P34-O34 -> -9406836
C35: Lương lái xe T1/2017 | K35: 9000000 | O35: =H35+J35+K35+L35+M35+N35 -> 9000000 | Q35: =P35-O35 -> -9000000
C36: Chi thưởng tết âm lịch | K36: 4000000 | O36: =H36+J36+K36+L36+M36+N36 -> 4000000 | Q36: =P36-O36 -> -4000000
C37: Lấy phiếu xe (3 phiếu) | L37: 30000 | O37: =H37+J37+K37+L37+M37+N37 -> 30000 | Q37: =P37-O37 -> -30000
C38: Phí gửi xe T1/2017 | L38: 1320000 | O38: =H38+J38+K38+L38+M38+N38 -> 1320000 | Q38: =P38-O38 -> -1320000
A39: TỔNG CỘNG | G39: =SUM(G7:G38) -> 2530 | H39: =SUM(H7:H38) -> 35028200 | I39: =SUM(I7:I38) -> 0 | J39: =SUM(J7:J38) -> 26940000 | K39: =SUM(K7:K38) -> 13000000 | L39: =SUM(L7:L38) -> 1350000 | M39: =SUM(M7:M38) -> 0 | N39: =SUM(N7:N38) -> 0 | ... Q39: =SUM(Q7:Q38) -> 10955439
Q40: =P39-O39 -> 10955439
P41: LK = | Q41: =Q39 -> 10955439

Sheet 02-2017
A1: Bảng theo dõi doanh thu/ chi phí theo phương tiện vận chuyển
A2: Biển số xe: 15C - 139.82
B3: THÁNG 2.2017
A5: STT | B5: Ngày tháng | C5: Diễn giải | D5: Số cont | E5: Tuyến đường vận chuyển | F5: Khoảng cách (km) | G5: Chi phí | O5: Tổng chi phí | P5: Cước vận chuyển | Q5: Lợi nhuận gộp
G6: Dầu (l) | H6: Dầu (đồng) | I6: Mức TTBQ | J6: Đi đường | K6: Lương lx | L6: Sửa chữa | M6: Lốp | N6: Dầu máy
A8: 1 | B8: 42768 | C8: Trả hàng Vietsun sáng 03/02 | D8: DRYU9592156 | E8: Dị Sử, Mỹ Hào, Hưng Yên | J8: 800000 | O8: =H8+J8+K8+L8+M8+N8 -> 800000 | P8: 2672727 | Q8: =P8-O8 -> 1872727
A9: 2 | B9: 42769 | C9: Trả hàng Vietsun sáng 04/02 | D9: TCNU4785134 | E9: Văn Lâm, Hưng Yên | J9: 1150000 | O9: =H9+J9+K9+L9+M9+N9 -> 1150000 | P9: 3054545 | Q9: =P9-O9 -> 1904545
A10: 3 | B10: 42770 | C10: Trả hàng Vietsun sáng 06/02 | D10: TCNU4785113 | E10: Mỹ Hào, Hưng Yên | J10: =800000+400000 -> 1200000 | O10: =H10+J10+K10+L10+M10+N10 -> 1200000 | P10: 2672727 | Q10: =P10-O10 -> 1472727
A11: 4 | B11: 42772 | C11: Đóng hàng kết hợp sáng 07/02 | D11: TCNU4785113 | E11: Bạch Sam, Mỹ Hào, Hưng Yên | J11: 0 | O11: =H11+J11+K11+L11+M11+N11 -> 0 | P11: 2598182 | Q11: =P11-O11 -> 2598182
A12: 5 | B12: 42773 | C12: Đóng hàng xỉ bọt sáng 08/02 | D12: TCNU7730135 | E12: Phả Lại, Hải Dương | J12: 650000 | O12: =H12+J12+K12+L12+M12+N12 -> 650000 | P12: 3181818 | Q12: =P12-O12 -> 2531818
A13: 6 | B13: 42774 | C13: Đóng hàng sáng 09/02 | D13: DRYU3086042 | E13: KCN Thụy Vân, Việt Trì | G13: 282 | H13: 3953640 | J13: 1460000 | O13: =H13+J13+K13+L13+M13+N13 -> 5413640 | P13: 4800000 | Q13: =P13-O13 -> -613640
A14: 7 | B14: 42775 | C14: Trả hàng sáng 10/02 | D14: APRU5794276 | E14: KCN Quang Minh, Vĩnh Phúc | J14: =1200000+200000 -> 1400000 | O14: =H14+J14+K14+L14+M14+N14 -> 1400000 | P14: 4000000 | Q14: =P14-O14 -> 2600000
A15: 8 | B15: 42777 | C15: Trả hàng Vietsun sáng 11/02 | D15: TCNU4785031 | E15: KCN Tiên Sơn, Bắc Ninh | J15: 790000 | O15: =H15+J15+K15+L15+M15+N15 -> 790000 | P15: 3436364 | Q15: =P15-O15 -> 2646364
A16: 9 | B16: 42778 | C16: Trả hàng + đóng hàng KH 13/02 | D16: WFHU1351816 | E16: TP. Hưng Yên - Hà Nam | G16: 300 | H16: 4206000 | J16: 1340000 | O16: =H16+J16+K16+L16+M16+N16 -> 5546000 | P16: 4900000 | Q16: =P16-O16 -> -646000
A17: 10 | B17: 42779 | C17: Đóng hàng chè sáng 14/02 | D17: CAIU8920199 | E17: Mỹ Bằng, Yên Sơn, Tuyên Quang | J17: 1910000 | O17: =H17+J17+K17+L17+M17+N17 -> 1910000 | P17: 8181818 | Q17: =P17-O17 -> 6271818
A18: 11 | B18: 42780 | C18: Trả hàng Vietsun sáng 15/02 | D18: DRYU9591530 | E18: Mỹ Hào, Hưng Yên | J18: =800000+1040000 -> 1840000 | O18: =H18+J18+K18+L18+M18+N18 -> 1840000 | P18: 2672727 | Q18: =P18-O18 -> 832727
A19: 12 | B19: 42781 | C19: Đóng hàng kết hợp sáng 16/02 | D19: DRYU9591530 | E19: NM giấy Bãi Bằng, Phù Ninh, Phú Thọ | J19: 0 | O19: =H19+J19+K19+L19+M19+N19 -> 0 | P19: 5073636 | Q19: =P19-O19 -> 5073636
A20: 13 | B20: 42782 | C20: Trả hàng + đóng hàng KH 17/02 | D20: GMDU2151288 | E20: KCN Tân Trường, Hải Dương - Hà Nam | J20: 1340000 | O20: =H20+J20+K20+L20+M20+N20 -> 1340000 | P20: 4700000 | Q20: =P20-O20 -> 3360000
A21: 14 | B21: 42783 | C21: Đóng hàng Vietsun sáng 18/02 | D21: VSLU7024550 | E21: Phúc Yên, Vĩnh Phúc | G21: 465 | H21: 6519300 | J21: 960000 | O21: =H21+J21+K21+L21+M21+N21 -> 7479300 | P21: 4545455 | Q21: =P21-O21 -> -2933845
A22: 15 | B22: 42786 | C22: Trả hàng Vietsun sáng 20/02 | D22: DRYU9961980 | E22: KCN Tiên Sơn, Bắc Ninh | G22: 215 | H22: 3074500 | J22: =790000+750000 -> 1540000 | O22: =H22+J22+K22+L22+M22+N22 -> 4614500 | P22: 3436364 | Q22: =P22-O22 -> -1178136
A23: 16 | B23: 42786 | C23: Đóng hàng KH chiều 20/02 | D23: DRYU9961980 | E23: Trưng Trắc, Văn Lâm, Hưng Yên | J23: 0 | O23: =H23+J23+K23+L23+M23+N23 -> 0 | P23: 2138182 | Q23: =P23-O23 -> 2138182
A24: 17 | B24: 42786 | C24: Trả hàng sáng 21/02 | D24: UETU2434543 | E24: KCN Vân Trung, Việt Yên, Bắc Giang | J24: 790000 | O24: =H24+J24+K24+L24+M24+N24 -> 790000 | P24: 3200000 | Q24: =P24-O24 -> 2410000
A25: 18 | B25: 42787 | C25: Trả hàng + đóng hàng KH 22/02 | D25: DRYU3093669 | E25: Cẩm Giàng, Hải Dương - Hà Nam | J25: 1340000 | O25: =H25+J25+K25+L25+M25+N25 -> 1340000 | P25: 4700000 | Q25: =P25-O25 -> 3360000
A26: 19 | B26: 42788 | C26: Trả hàng sáng 23/02 | D26: EGSU9151030 | E26: Cầu Phùng, Phúc Thọ, Hà Nội | J26: 1150000 | O26: =H26+J26+K26+L26+M26+N26 -> 1150000 | P26: 3700000 | Q26: =P26-O26 -> 2550000
A27: 20 | B27: 42789 | C27: Trả hàng + đóng hàng KH 24/02 | D27: DRYU3089524 | E27: KCN Tân Trường, Hải Dương - Hà Nam | J27: 1340000 | O27: =H27+J27+K27+L27+M27+N27 -> 1340000 | P27: 4700000 | Q27: =P27-O27 -> 3360000
A28: 21 | B28: 42793 | C28: Trả hàng + đóng bột đá KH 27/02 | D28: GMDU2152129 | E28: Cẩm Giàng, Hải Dương - Hà Nam | G28: 500 | H28: 7150000 | J28: 1340000 | O28: =H28+J28+K28+L28+M28+N28 -> 8490000 | P28: 4700000 | Q28: =P28-O28 -> -3790000
A29: 22 | B29: 42794 | C29: Trả hàng + đóng bột đá KH 28/02 | D29: TRHU1344798 | E29: TP. Thái Bình - Hà Nam | J29: =1100000+140000 -> 1240000 | O29: =H29+J29+K29+L29+M29+N29 -> 1240000 | P29: 4700000 | Q29: =P29-O29 -> 3460000
C30: Lương lái xe T2/2017 | K30: 9500000 | O30: =H30+J30+K30+L30+M30+N30 -> 9500000 | Q30: =P30-O30 -> -9500000
C31: Thanh toán tiền sửa xe 15C-139.82 (bơm mỡ, đảo lốp) | L31: 350000 | O31: =H31+J31+K31+L31+M31+N31 -> 350000 | Q31: =P31-O31 -> -350000
C32: Thanh toán tiền lọc dầu D168+R120T | L32: 1450000 | O32: =H32+J32+K32+L32+M32+N32 -> 1450000 | Q32: =P32-O32 -> -1450000
C33: Thay bình ắc quy xe 15C-139.82 | L33: 1700000 | O33: =H33+J33+K33+L33+M33+N33 -> 1700000 | Q33: =P33-O33 -> -1700000
C34: Phí gửi xe T1/2017 | L34: 1320000 | O34: =H34+J34+K34+L34+M34+N34 -> 1320000 | Q34: =P34-O34 -> -1320000
A35: TỔNG CỘNG | G35: =SUM(G7:G34) -> 1762 | H35: =SUM(H7:H34) -> 24903440 | I35: =SUM(I7:I34) -> 0 | J35: =SUM(J7:J34) -> 23580000 | K35: =SUM(K7:K34) -> 9500000 | L35: =SUM(L7:L34) -> 4820000 | M35: =SUM(M7:M34) -> 0 | N35: =SUM(N7:N34) -> 0 | ... Q35: =SUM(Q7:Q34) -> 24961105
Q36: =P35-O35 -> 24961105
P37: LK = | Q37: ='01-2017'!Q41+'02-2017'!Q35 -> 35916544

Sheet 03-2017
A1: Bảng theo dõi doanh thu/ chi phí theo phương tiện vận chuyển
A2: Biển số xe: 15C - 139.82
B3: THÁNG 3.2017
A5: STT | B5: Ngày tháng | C5: Diễn giải | D5: Số cont | E5: Tuyến đường vận chuyển | F5: Khoảng cách (km) | G5: Chi phí | O5: Tổng chi phí | P5: Cước vận chuyển | Q5: Lợi nhuận gộp
G6: Dầu (l) | H6: Dầu (đồng) | I6: Mức TTBQ | J6: Đi đường | K6: Lương lx | L6: Sửa chữa | M6: Lốp | N6: Dầu máy
A7: 1 | B7: 42794 | C7: Trả hàng + đóng bột đá KH 01/03 | D7: VSLU4497780 | E7: KCN Đại Đồng, Bắc Ninh - Hà Nam | J7: 1600000 | O7: =H7+J7+K7+L7+M7+N7 -> 1600000 | P7: 5070000 | Q7: =P7-O7 -> 3470000
A8: 2 | B8: 42795 | C8: Trả hàng + đóng bột đá 02/03 | D8: VSLU3038365 | E8: Khu đô thị Quốc Oai, Hà Nội - Hà Nam | J8: =1600000+70000 -> 1670000 | O8: =H8+J8+K8+L8+M8+N8 -> 1670000 | P8: 5370000 | Q8: =P8-O8 -> 3700000
A9: 3 | B9: 42796 | C9: Trả hàng + đóng bột đá 03/03 | D9: DRYU3095002 | E9: KCN Tân Trường, Hải Dương - Hà Nam | J9: =1340000+140000 -> 1480000 | O9: =H9+J9+K9+L9+M9+N9 -> 1480000 | P9: 4770000 | Q9: =P9-O9 -> 3290000
A10: 4 | B10: 42797 | C10: Trả hàng + đóng hàng KH 04/03 | D10: DRYU2851640 | E10: KCN Tân Trường, Hải Dương - Hà Nam | G10: 541 | H10: 7736300 | J10: =1340000+140000 -> 1480000 | O10: =H10+J10+K10+L10+M10+N10 -> 9216300 | P10: 4800000 | Q10: =P10-O10 -> -4416300
A11: 5 | B11: 42798 | C11: Trả hàng + đóng hàng KH 06/03 | D11: DRYU3094623 | E11: KCN Tân Trường, Hải Dương - Hà Nam | J11: =1340000+140000 -> 1480000 | O11: =H11+J11+K11+L11+M11+N11 -> 1480000 | P11: 4770000 | Q11: =P11-O11 -> 3290000
A12: 6 | B12: 42800 | C12: Trả hàng + đóng hàng KH 07/03 | D12: TRHU1344756 | E12: KCN Tân Trường, Hải Dương - Hà Nam | J12: =1340000+140000 -> 1480000 | O12: =H12+J12+K12+L12+M12+N12 -> 1480000 | P12: 4770000 | Q12: =P12-O12 -> 3290000
A13: 7 | B13: 42801 | C13: Trả hàng + đóng hàng KH 08/03 | D13: TRHU3295305 | E13: KCN Đại Đồng, Bắc Ninh - Hà Nam | J13: =1600000+140000 -> 1740000 | O13: =H13+J13+K13+L13+M13+N13 -> 1740000 | P13: 5070000 | Q13: =P13-O13 -> 3330000
A14: 8 | B14: 42802 | C14: Trả hàng + đóng hàng KH 09/03 | D14: GMDU2142579 | E14: Yên Nghĩa, Hà Đông, Hà Nội | G14: 653 | H14: 9337900 | J14: =1600000+140000 -> 1740000 | O14: =H14+J14+K14+L14+M14+N14 -> 11077900 | P14: 5200000 | Q14: =P14-O14 -> -5877900
A15: 9 | B15: 42803 | C15: Trả hàng + đóng hàng KH 10/03 | D15: WFHU1356124 | E15: Văn Lâm, Hung Yên - Hà Nam | J15: =1600000+140000 -> 1740000 | O15: =H15+J15+K15+L15+M15+N15 -> 1740000 | P15: 5100000 | Q15: =P15-O15 -> 3360000
A16: 10 | B16: 42807 | C16: Trả hàng + đóng hàng KH 13/03 | D16: DRYU3089632 | E16: Đồng Văn, Hà Nam - Hà Nam | G16: 283 | H16: 4086520 | J16: =1100000+140000 -> 1240000 | O16: =H16+J16+K16+L16+M16+N16 -> 5326520 | P16: 4700000 | Q16: =P16-O16 -> -626520
A17: 11 | B17: 42807 | C17: Trả hàng + đóng hàng KH 14/03 | D17: GMDU2153552 | E17: KCN Tân Trường, Hải Dương - Hà Nam | J17: =1340000+140000 -> 1480000 | O17: =H17+J17+K17+L17+M17+N17 -> 1480000 | P17: 4700000 | Q17: =P17-O17 -> 3220000
A18: 12 | B18: 42808 | C18: Trả hàng Vietsun sáng 15/03 | D18: DRYU9591587 | E18: Phú Lãm, Hà Đông, Hà Nội | J18: =1150000+140000 -> 1290000 | O18: =H18+J18+K18+L18+M18+N18 -> 1290000 | P18: 3718182 | Q18: =P18-O18 -> 2428182
A19: 13 | B19: 42809 | C19: Trả hàng Vietsun sáng 16/03 | D19: TCNU4785936 | E19: Lĩnh Nam, Hoàng Mai, Hà Nội | J19: =1150000+140000 -> 1290000 | O19: =H19+J19+K19+L19+M19+N19 -> 1290000 | P19: 3718182 | Q19: =P19-O19 -> 2428182
A20: 14 | B20: 42810 | C20: Trả hàng Vietsun sáng 17/03 | D20: DRYU9961362 | E20: cảng Phà Đen, Hà Nội | J20: =1150000+140000 -> 1290000 | O20: =H20+J20+K20+L20+M20+N20 -> 1290000 | P20: 3618182 | Q20: =P20-O20 -> 2328182
A21: 15 | B21: 42811 | C21: Trả hàng NK sáng 18/03 | D21: TCLU3624009 | E21: Mỹ Hào, Hưng Yên | J21: =800000+140000 -> 940000 | O21: =H21+J21+K21+L21+M21+N21 -> 940000 | P21: 3000000 | Q21: =P21-O21 -> 2060000
A22: 16 | B22: 42812 | C22: Trả hàng tối 18/03 | D22: TCKU3464602 | E22: Lạng Giang, Bắc Giang | G22: 610 | H22: 8808400 | J22: =140000+960000 -> 1100000 | O22: =H22+J22+K22+L22+M22+N22 -> 9908400 | P22: 3300000 | Q22: =P22-O22 -> -6608400
A23: 17 | B23: 42813 | C23: Trả hàng + đóng hàng KH 20/03 | D23: DRYU3094897 | E23: Phổ Yên, Thái Nguyên - Hà Nam | J23: =1800000+140000 -> 1940000 | O23: =H23+J23+K23+L23+M23+N23 -> 1940000 | P23: 5700000 | Q23: =P23-O23 -> 3760000
A24: 18 | B24: 42814 | C24: Trả hàng NK sáng 21/03 | D24: ZCSU8234258 | E24: Phú Xuyên, Hà Nội | J24: =1150000+140000 -> 1290000 | O24: =H24+J24+K24+L24+M24+N24 -> 1290000 | P24: 4200000 | Q24: =P24-O24 -> 2910000
A25: 19 | B25: 42815 | C25: Trả hàng + đóng hàng KH 22/03 | D25: GMDU2152134 | E25: Cẩm Giàng, Hải Dương - Hà Nam | J25: =1340000+70000+70000 -> 1480000 | O25: =H25+J25+K25+L25+M25+N25 -> 1480000 | P25: 4700000 | Q25: =P25-O25 -> 3220000
A26: 20 | B26: 42816 | C26: Trả hàng + đóng hàng KH 23/03 | D26: DRYU2851912 | E26: KCN Phong Khê, Bắc Ninh - Hà Nam | J26: =1600000+140000 -> 1740000 | O26: =H26+J26+K26+L26+M26+N26 -> 1740000 | P26: 5070000 | Q26: =P26-O26 -> 3330000
A27: 21 | B27: 42817 | C27: Trả hàng + đóng hàng KH 24/03 | D27: TRHU1344503 | E27: Hà Trung, Thanh Hóa | J27: =1600000+140000 -> 1740000 | O27: =H27+J27+K27+L27+M27+N27 -> 1740000 | P27: 6470000 | Q27: =P27-O27 -> 4730000
A28: 22 | B28: 42818 | C28: Trả hàng + đóng hàng KH 25/03 | D28: TCKU2737940 | E28: Đông Tân, TP. Thanh Hóa - Hà Nam | J28: =1600000+70000+70000 -> 1740000 | O28: =H28+J28+K28+L28+M28+N28 -> 1740000 | P28: 6300000 | Q28: =P28-O28 -> 4560000
A29: 23 | B29: 42820 | C29: Trả hàng + đóng hàng KH 27/03 | D29: WFHU1356227 | E29: Thanh Trì, Hà Nội - Hà Nam | G29: 955 | H29: 13207650 | J29: =1600000+140000 -> 1740000 | O29: =H29+J29+K29+L29+M29+N29 -> 14947650 | P29: 5300000 | Q29: =P29-O29 -> -9647650
A30: 24 | B30: 42821 | C30: Trả hàng Vietsun sáng 28/03 | D30: TCNU4785772 | E30: Mỹ Hào, Hưng Yên | J30: =800000+750000+140000 -> 1690000 | O30: =H30+J30+K30+L30+M30+N30 -> 1690000 | P30: 2954545 | Q30: =P30-O30 -> 1264545
A31: 25 | B31: 42822 | C31: Đóng hàng kết hợp chiều 28/03 | D31: TCNU4785772 | E31: KCN Hà Bình Phương, Hà Nội | O31: =H31+J31+K31+L31+M31+N31 -> 0 | P31: 2475455 | Q31: =P31-O31 -> 2475455
A32: 26 | B32: 42822 | C32: Trả hàng Vietsun sáng 29/03 | D32: DRYU9367582 | E32: Liên Phương, Thường Tín, Hà Nội | J32: =1150000+140000 -> 1290000 | O32: =H32+J32+K32+L32+M32+N32 -> 1290000 | P32: 3500000 | Q32: =P32-O32 -> 2210000
A33: 27 | B33: 42823 | C33: Trả hàng + đóng hàng KH 30/03 | D33: DRYU2923118 | E33: Mỹ Hào, Hưng Yên - Hà Nam | G33: 343 | H33: 4743690 | J33: =140000+1340000 -> 1480000 | O33: =H33+J33+K33+L33+M33+N33 -> 6223690 | P33: 4770000 | Q33: =P33-O33 -> -1453690
A34: 28 | B34: 42824 | C34: Trả hàng + đóng hàng KH 31/03 | D34: DRYU2901736 | E34: KCN Đại Đồng, Bắc Ninh - Hà Nam | J34: =1600000+140000 -> 1740000 | O34: =H34+J34+K34+L34+M34+N34 -> 1740000 | P34: 5070000 | Q34: =P34-O34 -> 3330000
C35: Lương lái xe T3/2017 | K35: 9346154 | O35: =H35+J35+K35+L35+M35+N35 -> 9346154 | Q35: =P35-O35 -> -9346154
C36: Thanh toán tiền sửa xe 15C-139.82 (thay gạt mưa) | L36: 250000 | O36: =H36+J36+K36+L36+M36+N36 -> 250000 | Q36: =P36-O36 -> -250000
C37: Thanh toán tiền sửa xe 15C-139.82 (sửa cáp vô lăng T12.2016) | L37: 500000 | O37: =H37+J37+K37+L37+M37+N37 -> 500000 | Q37: =P37-O37 -> -500000
C38: Thanh toán tiền sửa xe 15C-139.82 (mặt lốc bơm nước, công thợ tháo lắp) | L38: 4500000 | O38: =H38+J38+K38+L38+M38+N38 -> 4500000 | Q38: =P38-O38 -> -4500000
C39: Phí gửi xe T3/2017 | L39: 1320000 | O39: =H39+J39+K39+L39+M39+N39 -> 1320000 | Q39: =P39-O39 -> -1320000
A40: TỔNG CỘNG | G40: =SUM(G7:G39) -> 3385 | H40: =SUM(H7:H39) -> 47920460 | I40: =SUM(I7:I39) -> 0 | J40: =SUM(J7:J39) -> 40910000 | K40: =SUM(K7:K39) -> 9346154 | L40: =SUM(L7:L39) -> 6570000 | M40: =SUM(M7:M39) -> 0 | N40: =SUM(N7:N39) -> 0 | ... Q40: =SUM(Q7:Q39) -> 23437932
Q41: =P40-O40 -> 23437932
P42: LK = | Q42: ='02-2017'!Q37+'03-2017'!Q40 -> 59354476

Sheet 04-2017
A1: Bảng theo dõi doanh thu/ chi phí theo phương tiện vận chuyển
A2: Biển số xe: 15C - 139.82
B3: THÁNG 4.2017
A5: STT | B5: Ngày tháng | C5: Diễn giải | D5: Số cont | E5: Tuyến đường vận chuyển | F5: Khoảng cách (km) | G5: Chi phí | O5: Tổng chi phí | P5: Cước vận chuyển | Q5: Lợi nhuận gộp
G6: Dầu (l) | H6: Dầu (đồng) | I6: Mức TTBQ | J6: Đi đường | K6: Lương lx | L6: Sửa chữa | M6: Lốp | N6: Dầu máy
A8: 1 | B8: 42827 | C8: Trả hàng + đóng hàng KH 03/04 | D8: NPLU2217159 | E8: KCN Hòa Xá, TP. Nam Định | J8: =1100000+140000 -> 1240000 | O8: =H8+J8+K8+L8+M8+N8 -> 1240000 | P8: 4700000 | Q8: =P8-O8 -> 3460000
A9: 2 | B9: 42828 | C9: Trả hàng Vietsun sáng 04/04 | D9: DRYU2084180 | E9: Hạ Long, Quảng Ninh | G9: 390 | H9: 5393700 | J9: =900000+140000 -> 1040000 | O9: =H9+J9+K9+L9+M9+N9 -> 6433700 | P9: 3045455 | Q9: =P9-O9 -> -3388245
A10: 3 | B10: 42829 | C10: Trả hàng NK 05/04 | D10: DFSU7630767 | E10: CK Bình Nghi, Lạng Sơn | J10: =2700000+140000 -> 2840000 | O10: =H10+J10+K10+L10+M10+N10 -> 2840000 | P10: 11000000 | Q10: =P10-O10 -> 8160000
A11: 4 | B11: 42832 | C11: Trả hàng NK sáng 08/04 | D11: TCNU6246430 | E11: KCN Ngọc Hồi, Hà Nội | J11: =1150000+140000 -> 1290000 | O11: =H11+J11+K11+L11+M11+N11 -> 1290000 | P11: 3500000 | Q11: =P11-O11 -> 2210000
A12: 5 | B12: 42832 | C12: Trả hàng Vietsun tối 08/04 | D12: DRYU9592840 | E12: Tam Trinh, Hoàng Mai, Hà Nội | J12: =1150000+140000 -> 1290000 | O12: =H12+J12+K12+L12+M12+N12 -> 1290000 | P12: 3718182 | Q12: =P12-O12 -> 2428182
A13: 6 | B13: 42833 | C13: Trả hàng + đóng hàng KH 10/04 | D13: DRYU3093885 | E13: KCN Tân Trường, Hải Dương - Hà Nam | J13: =1340000+140000 -> 1480000 | O13: =H13+J13+K13+L13+M13+N13 -> 1480000 | P13: 4770000 | Q13: =P13-O13 -> 3290000
A14: 7 | B14: 42835 | C14: Trả hàng + đóng hàng KH 11/04 | D14: DRYU3093801 | E14: KCN Đồng Văn, Hà Nam - Hà Nam | G14: 457 | H14: 6151220 | J14: =1100000+140000 -> 1240000 | O14: =H14+J14+K14+L14+M14+N14 -> 7391220 | P14: 4770000 | Q14: =P14-O14 -> -2621220
A15: 8 | B15: 42836 | C15: Trả hàng + đóng hàng KH 12/04 | D15: GMDU2140010 | E15: Cẩm Giàng, Hải Dương - Hà Nam | J15: =1340000+140000 -> 1480000 | O15: =H15+J15+K15+L15+M15+N15 -> 1480000 | P15: 4700000 | Q15: =P15-O15 -> 3220000
A16: 9 | B16: 42838 | C16: Trả hàng Vietsun sáng 13/04 | D16: DRYU9718440 | E16: Tự Khoát, Ngũ Hiệp, Thanh Trì, Hà Nội | J16: =1150000+140000 -> 1290000 | O16: =H16+J16+K16+L16+M16+N16 -> 1290000 | P16: 3500000 | Q16: =P16-O16 -> 2210000
A17: 10 | B17: 42838 | C17: Trả hàng NK sáng 14/04 | D17: CMAU4799796 | E17: KCN Phố Nối A, Hưng Yên | J17: =800000+140000 -> 940000 | O17: =H17+J17+K17+L17+M17+N17 -> 940000 | P17: 2800000 | Q17: =P17-O17 -> 1860000
A18: 11 | B18: 42839 | C18: Trả hàng NK sáng 15/04 | D18: FSCU8368826 | E18: KCN Phố Nối A, Hưng Yên | J18: =800000+140000 -> 940000 | O18: =H18+J18+K18+L18+M18+N18 -> 940000 | P18: 2800000 | Q18: =P18-O18 -> 1860000
A19: 12 | B19: 42840 | C19: Trả hàng NK sáng 16/04 | D19: BMOU6469337 | E19: Mỹ Hào, Hưng Yên | G19: 580 | H19: 7806000 | J19: =800000+140000 -> 940000 | O19: =H19+J19+K19+L19+M19+N19 -> 8746000 | P19: 3100000 | Q19: =P19-O19 -> -5646000
A20: 13 | B20: 42841 | C20: Trả hàng + đóng hàng KH 17/04 | D20: GMDU2152880 | E20: KCN Tân Trường, Hải Dương - Hà Nam | J20: =1340000+140000 -> 1480000 | O20: =H20+J20+K20+L20+M20+N20 -> 1480000 | P20: 4700000 | Q20: =P20-O20 -> 3220000
A21: 14 | B21: 42842 | C21: Đóng hàng chè sáng 18/04 | D21: TCLU1611527 | E21: Mộc Châu, Sơn La | J21: =2920000+140000 -> 3060000 | O21: =H21+J21+K21+L21+M21+N21 -> 3060000 | P21: 12181818 | Q21: =P21-O21 -> 9121818
A22: 15 | B22: 42844 | C22: Đóng hàng chiều 19/04 | D22: GLDU3431574 | E22: Từ Liêm, Hà Nội | G22: 520 | H22: 6999200 | J22: =1150000+140000 -> 1290000 | O22: =H22+J22+K22+L22+M22+N22 -> 8289200 | P22: 4318182 | Q22: =P22-O22 -> -3971018
A23: 16 | B23: 42844 | C23: Đóng hàng chè chiều 20/04 | D23: WHLU0644410 | E23: TT Trần Phú, Văn Chấn, Yên Bái | J23: =2470000+140000 -> 2610000 | O23: =H23+J23+K23+L23+M23+N23 -> 2610000 | P23: 9545455 | Q23: =P23-O23 -> 6935455
A24: 17 | B24: 42844 | C24: Trả hàng sáng 20/04 | D24: GMDU2153634 | E24: KCN Tân Trường, Hải Dương | J24: 0 | O24: =H24+J24+K24+L24+M24+N24 -> 0 | P24: 2500000 | Q24: =P24-O24 -> 2500000
A25: 18 | B25: 42845 | C25: Trả hàng + đóng hàng KH 21/04 | D25: GMDU2153594 | E25: Phường Việt Hòa, Hải Dương - Hà Nam | J25: =1340000+140000 -> 1480000 | O25: =H25+J25+K25+L25+M25+N25 -> 1480000 | P25: 4700000 | Q25: =P25-O25 -> 3220000
A26: 19 | B26: 42846 | C26: Trả hàng + đóng hàng KH 22/04 | D26: WFHU1364829 | E26: Cảng Phà Đen, Hà Nội - Hưng Yên | J26: =1600000+140000 -> 1740000 | O26: =H26+J26+K26+L26+M26+N26 -> 1740000 | P26: 4900000 | Q26: =P26-O26 -> 3160000
A27: 20 | B27: 42848 | C27: Trả hàng + đóng hàng KH 24/04 | D27: GMDU2141839 | E27: KCN Tân Trường, Hải Dương - Hà Nam | G27: 440 | H27: 6076400 | J27: =1300000+140000 -> 1440000 | O27: =H27+J27+K27+L27+M27+N27 -> 7516400 | P27: 4700000 | Q27: =P27-O27 -> -2816400
A28: 21 | B28: 42850 | C28: Trả hàng + đóng hàng KH | D28: TRHU3295141 | E28: Văn Điển, Ngọc Hồi, Hà Nội - Hà Nam | J28: =1600000+140000 -> 1740000 | O28: =H28+J28+K28+L28+M28+N28 -> 1740000 | P28: 5270000 | Q28: =P28-O28 -> 3530000
A29: 22 | B29: 42851 | C29: Đóng hàng XK sáng 27/04 | D29: MEDU4144901 | E29: Phúc Thọ - Thạch Thất, Hà Nội | J29: 1150000 | O29: =H29+J29+K29+L29+M29+N29 -> 1150000 | P29: 4500000 | Q29: =P29-O29 -> 3350000
A30: 23 | B30: 42852 | C30: Trả hàng + đóng hàng KH 28/04 | D30: DRYU3093910 | E30: Lương Sơn, Hòa Bình - Hà Nam | J30: =1600000+140000 -> 1740000 | O30: =H30+J30+K30+L30+M30+N30 -> 1740000 | P30: 7070000 | Q30: =P30-O30 -> 5330000
A31: 24 | B31: 42853 | C31: Trả hàng NK 29/04 | D31: OOLU6235885 | E31: CK A Mú Sung, Lào Cai | G31: 520 | H31: 7181200 | J31: 6000000 | O31: =H31+J31+K31+L31+M31+N31 -> 13181200 | P31: 19000000 | Q31: =P31-O31 -> 5818800
C32: Lương lái xe +thưởng | K32: 9500000 | O32: =H32+J32+K32+L32+M32+N32 -> 9500000 | Q32: =P32-O32 -> -9500000
C33: Thanh toán tiền sửa xe 15C-139.82 (thay lò xo bốc kê, bát phanh, quang lốc kê, công thợ) | L33: 450000 | O33: =H33+J33+K33+L33+M33+N33 -> 450000 | Q33: =P33-O33 -> -450000
C34: Thanh toán tiền lọc nhớt xe 15C-139.82 | L34: 1000000 | O34: =H34+J34+K34+L34+M34+N34 -> 1000000 | Q34: =P34-O34 -> -1000000
C35: Phí dịch vụ đăng kiểm xe 15C-139.82 | L35: 300000 | O35: =H35+J35+K35+L35+M35+N35 -> 300000 | Q35: =P35-O35 -> -300000
C36: Phí sử dụng đường bộ xe 15C-139.82 | L36: 17160000 | O36: =H36+J36+K36+L36+M36+N36 -> 17160000 | Q36: =P36-O36 -> -17160000
C37: Phí kiểm định xe 15C-139.82 | L37: 840000 | O37: =H37+J37+K37+L37+M37+N37 -> 840000 | Q37: =P37-O37 -> -840000
C38: Bơm mỡ xe 15C-139.82 ngày 15/4 | L38: 200000 | O38: =H38+J38+K38+L38+M38+N38 -> 200000 | Q38: =P38-O38 -> -200000
C39: Phí gửi xe | L39: 1320000 | O39: =H39+J39+K39+L39+M39+N39 -> 1320000 | Q39: =P39-O39 -> -1320000
A40: TỔNG CỘNG | G40: =SUM(G7:G39) -> 2907 | H40: =SUM(H7:H39) -> 39607720 | I40: =SUM(I7:I39) -> 0 | J40: =SUM(J7:J39) -> 39740000 | K40: =SUM(K7:K39) -> 9500000 | L40: =SUM(L7:L39) -> 21270000 | M40: =SUM(M7:M39) -> 0 | N40: =SUM(N7:N39) -> 0 | ... Q40: =SUM(Q7:Q39) -> 25671372
Q41: =P40-O40 -> 25671372
P42: LK = | Q42: ='03-2017'!Q42+'04-2017'!Q40 -> 85025848

Sheet 05-2017
A1: Bảng theo dõi doanh thu/ chi phí theo phương tiện vận chuyển
A2: Biển số xe: 15C - 139.82
B3: THÁNG 5.2017
A5: STT | B5: Ngày tháng | C5: Diễn giải | D5: Số cont | E5: Tuyến đường vận chuyển | F5: Khoảng cách (km) | G5: Chi phí | O5: Tổng chi phí | P5: Cước vận chuyển | Q5: Lợi nhuận gộp
G6: Dầu (l) | H6: Dầu (đồng) | I6: Mức TTBQ | J6: Đi đường | K6: Lương lx | L6: Sửa chữa | M6: Lốp | N6: Dầu máy
C8: Cước vận chuyển hàng về + lưu ca | D8: OOLU6235885 | E8: Lào Cai - Hải Phòng | J8: 1800000 | K8: =15*400000 -> 6000000 | O8: =H8+J8+K8+L8+M8+N8 -> 7800000 | P8: =10000000+27000000 -> 37000000 | Q8: =P8-O8 -> 29200000
A9: 1 | B9: 42873 | C9: Trả hàng NK sáng 19/05 | D9: GESU4696273 | E9: Tề Lỗ, Yên Lạc, Vĩnh Phúc - Hải Dương | J9: =1200000+400000+140000 -> 1740000 | O9: =H9+J9+K9+L9+M9+N9 -> 1740000 | P9: 7000000 | Q9: =P9-O9 -> 5260000
A10: 2 | B10: 42874 | C10: Trả hàng + đóng hàng KH 20/05 | D10: GMDU2153439 | E10: Cẩm Giàng, Hải Dương - Hà Nam | G10: 570 | H10: 7752000 | J10: =1340000+140000 -> 1480000 | O10: =H10+J10+K10+L10+M10+N10 -> 9232000 | P10: 4700000 | Q10: =P10-O10 -> -4532000
A11: 3 | B11: 42876 | C11: Trả hàng + đóng hàng KH 22/05 | D11: TRHU3295795 | E11: KCN Tân Trường, Hải Dương - Hà Nam | J11: =1340000+140000 -> 1480000 | O11: =H11+J11+K11+L11+M11+N11 -> 1480000 | P11: 4770000 | Q11: =P11-O11 -> 3290000
A12: 4 | B12: 42877 | C12: Trả hàng + đóng hàng KH 23/05 | D12: WFHU1358301 | E12: KCN Tân Quang, Hưng Yên - Hà Nam | J12: =1600000+140000 -> 1740000 | O12: =H12+J12+K12+L12+M12+N12 -> 1740000 | P12: 5070000 | Q12: =P12-O12 -> 3330000
A13: 5 | B13: 42879 | C13: Trả hàng + đóng hàng KH 24/05 | D13: GMDU2150023 | E13: KCN Tân Trường, Hải Dương - Hà Nam | J13: =1340000+140000 -> 1480000 | O13: =H13+J13+K13+L13+M13+N13 -> 1480000 | P13: 4700000 | Q13: =P13-O13 -> 3220000
A14: 6 | B14: 42879 | C14: Trả hàng + đóng hàng KH 25/05 | D14: BISU2821419 | E14: KCN Hà Bình Phương, Hà Nội - Hà Nam | J14: =1600000+140000 -> 1740000 | O14: =H14+J14+K14+L14+M14+N14 -> 1740000 | P14: 5370000 | Q14: =P14-O14 -> 3630000
A15: 7 | B15: 42880 | C15: Đóng hàng chè sáng 26/05 | D15: TEMU7510824 | E15: Mộc Châu, Sơn La | G15: 604 | H15: 8009040 | J15: =2920000+140000 -> 3060000 | O15: =H15+J15+K15+L15+M15+N15 -> 11069040 | P15: 12181818 | Q15: =P15-O15 -> 1112778
A16: 8 | B16: 42883 | C16: Trả hàng + đóng hàng KH 29/05 | D16: VSLU4496676 | E16: TP. Thái Bình - Hà Nam | G16: 262 | H16: 3474120 | J16: =1100000+140000 -> 1240000 | O16: =H16+J16+K16+L16+M16+N16 -> 4714120 | P16: 4770000 | Q16: =P16-O16 -> 55880
A17: 9 | B17: 42884 | C17: Trả hàng + đóng hàng KH 30/05 | D17: GMDU2140241 | E17: KCN Tân Trường, Hải Dương - Hà Nam | J17: =1600000-260000+140000 -> 1480000 | O17: =H17+J17+K17+L17+M17+N17 -> 1480000 | P17: 4800000 | Q17: =P17-O17 -> 3320000
A18: 10 | B18: 42885 | C18: Trả hàng + đóng hàng KH 31/05 | D18: DRYU2853129 | E18: Lương Sơn, Hòa Bình - Hà Nam | G18: 110 | H18: 1458600 | J18: =1600000+140000 -> 1740000 | O18: =H18+J18+K18+L18+M18+N18 -> 3198600 | P18: 7070000 | Q18: =P18-O18 -> 3871400
C19: Lương lái xe | K19: 9000000 | O19: =H19+J19+K19+L19+M19+N19 -> 9000000 | Q19: =P19-O19 -> -9000000
C20: Thanh toán tiền định vị bách khoa xe | L20: 1254000 | O20: =H20+J20+K20+L20+M20+N20 -> 1254000 | Q20: =P20-O20 -> -1254000
C21: Mua BH xe | L21: =20670000-2800000 -> 17870000 | O21: =H21+J21+K21+L21+M21+N21 -> 17870000 | Q21: =P21-O21 -> -17870000
C22: Thanh toán phí cấp lưu hành xe 15C-139.82 cho Sacombank | L22: 660000 | O22: =H22+J22+K22+L22+M22+N22 -> 660000 | Q22: =P22-O22 -> -660000
B23: 42879 | C23: Thay 02 săm xe 11.00-20 | M23: 800000 | O23: =H23+J23+K23+L23+M23+N23 -> 800000 | Q23: =P23-O23 -> -800000
C24: Phí gửi xe | L24: 1320000 | O24: =H24+J24+K24+L24+M24+N24 -> 1320000 | Q24: =P24-O24 -> -1320000
A25: TỔNG CỘNG | G25: =SUM(G7:G24) -> 1546 | H25: =SUM(H7:H24) -> 20693760 | I25: =SUM(I7:I24) -> 0 | J25: =SUM(J7:J24) -> 18980000 | K25: =SUM(K7:K24) -> 15000000 | L25: =SUM(L7:L24) -> 21104000 | M25: =SUM(M7:M24) -> 800000 | N25: =SUM(N7:N24) -> 0 | ... Q25: =SUM(Q7:Q24) -> 20854058
P27: LK = | Q27: ='04-2017'!Q42+'05-2017'!Q25 -> 105879906

Sheet 06-2017
A1: Bảng theo dõi doanh thu/ chi phí theo phương tiện vận chuyển
A2: Biển số xe: 15C - 139.82
B3: THÁNG 6.2017
A5: STT | B5: Ngày tháng | C5: Diễn giải | D5: Số cont | E5: Tuyến đường vận chuyển | F5: Khoảng cách (km) | G5: Chi phí | O5: Tổng chi phí | P5: Cước vận chuyển | Q5: Lợi nhuận gộp
G6: Dầu (l) | H6: Dầu (đồng) | I6: Mức TTBQ | J6: Đi đường | K6: Lương lx | L6: Sửa chữa | M6: Lốp | N6: Dầu máy
A9: 1 | B9: 42886 | C9: Đóng hàng chè chiều 01/06 | D9: TCLU5134192 | E9: Mộc Châu, Sơn La | J9: =2900000+140000 -> 3040000 | O9: =H9+J9+K9+L9+M9+N9 -> 3040000 | P9: 12181818 | Q9: =P9-O9 -> 9141818
A10: 2 | B10: 42890 | C10: Trả hàng + đóng hàng KH 05/06 | D10: DRYU3094407 | E10: KCN Phú Thị, Gia Lâm, Hà Nội - Hà Nam | G10: 510 | H10: 6762600 | J10: =1600000+140000 -> 1740000 | O10: =H10+J10+K10+L10+M10+N10 -> 8502600 | P10: 5170000 | Q10: =P10-O10 -> -3332600
A11: 3 | B11: 42891 | C11: Trả hàng NK sáng 06/06 | D11: SEGU4754245 | E11: KCN Ngọc Hồi,Thanh Trì, Hà Nội | J11: =1150000+140000 -> 1290000 | O11: =H11+J11+K11+L11+M11+N11 -> 1290000 | P11: 3800000 | Q11: =P11-O11 -> 2510000
A12: 4 | B12: 42892 | C12: Trả hàng + đóng hàng KH 07/06 | D12: GMDU2141464 | E12: KCN Tân Trường, Hải Dương - Hà Nam | J12: =1340000+140000 -> 1480000 | O12: =H12+J12+K12+L12+M12+N12 -> 1480000 | P12: 4800000 | Q12: =P12-O12 -> 3320000
A13: 5 | B13: 42893 | C13: Trả hàng + đóng hàng KH 08/06 | D13: GMDU2150044 | E13: Dị Sử, Mỹ Hào, Hưng Yên - Hà Nam | J13: =1340000+140000 -> 1480000 | O13: =H13+J13+K13+L13+M13+N13 -> 1480000 | P13: 4700000 | Q13: =P13-O13 -> 3220000
A14: 6 | B14: 42894 | C14: Trả hàng + đóng hàng KH 09/06 | D14: WFHU1352509 | E14: Hoài Đức, Hà Nội - Hà Nam | J14: =1600000+140000 -> 1740000 | O14: =H14+J14+K14+L14+M14+N14 -> 1740000 | P14: 5200000 | Q14: =P14-O14 -> 3460000
A15: 7 | B15: 42896 | C15: Trả hàng + đóng hàng KH 10/06 | D15: GMDU2140010 | E15: Dị Sử, Mỹ Hào, Hưng Yên - Hà Nam | G15: 631 | H15: 8505880 | J15: =1340000+140000 -> 1480000 | O15: =H15+J15+K15+L15+M15+N15 -> 9985880 | P15: 4700000 | Q15: =P15-O15 -> -5285880
A16: 8 | B16: 42897 | C16: Trả hàng + đóng hàng KH 12/06 | D16: GMDU2140811 | E16: KCN Tân Trường, Hải Dương - Hà Nam | G16: 130 | H16: 1752400 | J16: =1300000+140000 -> 1440000 | O16: =H16+J16+K16+L16+M16+N16 -> 3192400 | P16: 4800000 | Q16: =P16-O16 -> 1607600
A17: 9 | B17: 42898 | C17: Trả hàng NK sáng 13/06 | D17: MAEU6351083 | E17: NM Giấy Bãi Bằng, Phù Ninh, Phú Thọ | J17: =1500000+140000 -> 1640000 | O17: =H17+J17+K17+L17+M17+N17 -> 1640000 | P17: 5300000 | Q17: =P17-O17 -> 3660000
A18: 10 | B18: 42899 | C18: Trả hàng Vietsun sáng 14/06 | D18: WFHU5137103 | E18: KCN Kiện Khê, Hà Nam | J18: =950000+140000 -> 1090000 | O18: =H18+J18+K18+L18+M18+N18 -> 1090000 | P18: 3972727 | Q18: =P18-O18 -> 2882727
A19: 11 | B19: 42900 | C19: Đóng hàng XK tối 14/06 | D19: KMTU9239817 | E19: Cẩm Giàng, Hải Dương | G19: 335 | H19: 4515800 | J19: =650000+140000 -> 790000 | O19: =H19+J19+K19+L19+M19+N19 -> 5305800 | P19: 2500000 | Q19: =P19-O19 -> -2805800
A20: 12 | B20: 42901 | C20: Trả hàng Vietsun sáng 16/06 | D20: DRYU9961830 | E20: Dị Sử, Mỹ Hào, Hưng Yên | J20: =800000+400000+120000+140000 -> 1460000 | O20: =H20+J20+K20+L20+M20+N20 -> 1460000 | P20: 2763636 | Q20: =P20-O20 -> 1303636
A21: 13 | B21: 42901 | C21: Đóng hàng kết hợp chiều 16/06 | D21: DRYU9961830 | E21: Phúc Yên, Vĩnh Phúc | J21: 0 | O21: =H21+J21+K21+L21+M21+N21 -> 0 | P21: 2439545 | Q21: =P21-O21 -> 2439545
A22: 14 | B22: 42902 | C22: Trả hàng Vietsun sáng 17/06 | D22: DRYU9962008 | E22: Dị Sử, Mỹ Hào, Hưng Yên | J22: =1320000+140000 -> 1460000 | O22: =H22+J22+K22+L22+M22+N22 -> 1460000 | P22: 2763636 | Q22: =P22-O22 -> 1303636
A23: 15 | B23: 42902 | C23: Đóng hàng kết hợp chiều 17/06 | D23: DRYU9962008 | E23: Phúc Yên, Vĩnh Phúc | J23: 0 | O23: =H23+J23+K23+L23+M23+N23 -> 0 | P23: 2439545 | Q23: =P23-O23 -> 2439545
A24: 16 | B24: 42905 | C24: Trả hàng + đóng hàng KH 20/06 | D24: GMDU2152406 | E24: Dị Sử, Mỹ Hào, Hưng Yên - Hà Nam | G24: 278 | H24: 3747440 | J24: =1340000+140000 -> 1480000 | O24: =H24+J24+K24+L24+M24+N24 -> 5227440 | P24: 4700000 | Q24: =P24-O24 -> -527440
A25: 17 | B25: 42906 | C25: Đóng hàng bột đá sáng 21/06 | D25: DRYU3094705 | E25: Phủ Lý, Hà Nam | J25: =950000+140000 -> 1090000 | O25: =H25+J25+K25+L25+M25+N25 -> 1090000 | P25: 3000000 | Q25: =P25-O25 -> 1910000
A26: 18 | B26: 42907 | C26: Trả hàng Vietsun sáng 22/06 | D26: DRYU9591231 | E26: Dị Sử, Mỹ Hào, Hưng Yên | J26: =800000+140000 -> 940000 | O26: =H26+J26+K26+L26+M26+N26 -> 940000 | P26: 2827273 | Q26: =P26-O26 -> 1887273
A27: 19 | B27: 42908 | C27: Trả hàng NK sáng 23/06 | D27: TCLU4779448 | E27: KCN VSIP, Từ Sơn, Bắc Ninh | G27: 308 | H27: 3951640 | J27: =790000+140000 -> 930000 | O27: =H27+J27+K27+L27+M27+N27 -> 4881640 | P27: 3300000 | Q27: =P27-O27 -> -1581640
A28: 20 | B28: 42910 | C28: Trả hàng NK sáng 24/06 | D28: TCNU7755684 | E28: Cẩm Giàng, Hải Dương | G28: 163 | H28: 2091290 | J28: =650000+140000 -> 790000 | O28: =H28+J28+K28+L28+M28+N28 -> 2881290 | P28: 2600000 | Q28: =P28-O28 -> -281290
A29: 21 | B29: 42910 | C29: Trả hàng NK sáng 26/06 | D29: TEMU8791990 | E29: KCN Ngọc Hồi, Thanh Trì, Hà Nội | J29: =140000+1150000 -> 1290000 | O29: =H29+J29+K29+L29+M29+N29 -> 1290000 | P29: 3700000 | Q29: =P29-O29 -> 2410000
A30: 22 | B30: 42912 | C30: Trả hàng + đóng hàng KH 27/06 | D30: TRHU3295250 | E30: Dị Sử, Mỹ Hào, Hưng Yên - Hà Nam | J30: =1340000+140000 -> 1480000 | O30: =H30+J30+K30+L30+M30+N30 -> 1480000 | P30: 4700000 | Q30: =P30-O30 -> 3220000
A31: 23 | B31: 42913 | C31: Trả hàng chiều 28/06 | D31: BISU2841924 | E31: Cẩm Đông, Cẩm Phả, Quảng Ninh | J31: 960000 | O31: =H31+J31+K31+L31+M31+N31 -> 960000 | P31: 3440000 | Q31: =P31-O31 -> 2480000
A32: 24 | B32: 42913 | C32: Đóng hàng chè sáng 29/06 | D32: WHSU2194513 | E32: Tân Lập, Mộc Châu, Sơn La | G32: 320 | H32: 4105600 | J32: =2560000+500000+140000 -> 3200000 | O32: =H32+J32+K32+L32+M32+N32 -> 7305600 | P32: 13181818 | Q32: =P32-O32 -> 5876218
C33: Lương lái xe | G33: 212 | H33: =G33*12830 -> 2719960 | K33: 9000000 | O33: =H33+J33+K33+L33+M33+N33 -> 11719960 | Q33: =P33-O33 -> -11719960
C34: Thanh toán tiền mua 02 lốp lái, xe 15C-139.82 | M34: 12000000 | O34: =H34+J34+K34+L34+M34+N34 -> 12000000 | Q34: =P34-O34 -> -12000000
C35: Công chứng giấy đăng kiểm xe 15C-139.82 | L35: =87000/2 -> 43500 | O35: =H35+J35+K35+L35+M35+N35 -> 43500 | Q35: =P35-O35 -> -43500
C36: Phí gửi xe | L36: 1320000 | O36: =H36+J36+K36+L36+M36+N36 -> 1320000 | Q36: =P36-O36 -> -1320000
A37: TỔNG CỘNG | G37: =SUM(G7:G36) -> 2887 | H37: =SUM(H7:H36) -> 38152610 | I37: =SUM(I7:I36) -> 0 | J37: =SUM(J7:J36) -> 32290000 | K37: =SUM(K7:K36) -> 9000000 | L37: =SUM(L7:L36) -> 1363500 | M37: =SUM(M7:M36) -> 12000000 | N37: =SUM(N7:N36) -> 0 | ... Q37: =SUM(Q7:Q36) -> 16173888
P39: LK = | Q39: ='05-2017'!Q27+'06-2017'!Q37 -> 122053794

Sheet 07-2017
A1: Bảng theo dõi doanh thu/ chi phí theo phương tiện vận chuyển
A2: Biển số xe: 15C - 139.82
B3: THÁNG 7.2017
A5: STT | B5: Ngày tháng | C5: Diễn giải | D5: Số cont | E5: Tuyến đường vận chuyển | F5: Khoảng cách (km) | G5: Chi phí | O5: Tổng chi phí | P5: Cước vận chuyển | Q5: Lợi nhuận gộp
G6: Dầu (l) | H6: Dầu (đồng) | I6: Mức TTBQ | J6: Đi đường | K6: Lương lx | L6: Sửa chữa | M6: Lốp | N6: Dầu máy
A9: 1 | B9: 42919 | C9: Đóng hàng chè sáng 04/07 | D9: TCLU1668610 | E9: Mỹ Bằng, Yên Sơn, Tuyên Quang | J9: =1910000+140000 -> 2050000 | O9: =H9+J9+K9+L9+M9+N9 -> 2050000 | P9: 7500000 | Q9: =P9-O9 -> 5450000
A10: 2 | B10: 42921 | C10: Trả hàng NK sáng 06/07 | D10: TCNU7782720 | E10: Trung Giã, Sóc Sơn, Hà Nội | G10: 196 | H10: 2514680 | J10: =810000+140000 -> 950000 | O10: =H10+J10+K10+L10+M10+N10 -> 3464680 | P10: 3800000 | Q10: =P10-O10 -> 335320
A11: 3 | B11: 42922 | C11: Trả hàng NK sáng 07/07 | D11: BMOU6308646 | E11: KCN Ngọc Hồi, Thanh Trì, Hà Nội | G11: 114 | H11: 1476300 | J11: 1150000 | O11: =H11+J11+K11+L11+M11+N11 -> 2626300 | P11: 3700000 | Q11: =P11-O11 -> 1073700
A12: 4 | B12: 42923 | C12: Trả hàng sáng 08/07 | D12: UACU5782358 | E12: KCN Vân Trung, Bắc Giang | G12: 91 | H12: 1178450 | J12: =790000+140000 -> 930000 | O12: =H12+J12+K12+L12+M12+N12 -> 2108450 | P12: 3300000 | Q12: =P12-O12 -> 1191550
A13: 5 | B13: 42924 | C13: Trả hàng NK sáng 09/07 | D13: OOLU9581726 | E13: Kim Động, Hưng Yên | G13: 80 | H13: 1036000 | J13: =800000+140000 -> 940000 | O13: =H13+J13+K13+L13+M13+N13 -> 1976000 | P13: 3000000 | Q13: =P13-O13 -> 1024000
A14: 6 | B14: 42925 | C14: Trả hàng + đóng hàng KH sáng 10/07 | D14: DRYU2853514 | E14: KCN Nam Sách, Hải Dương - Hà Nam | J14: =1340000+140000 -> 1480000 | O14: =H14+J14+K14+L14+M14+N14 -> 1480000 | P14: 4800000 | Q14: =P14-O14 -> 3320000
A15: 7 | B15: 42926 | C15: Trả hàng + đóng hàng KH 11/07 | D15: DRYU3094433 | E15: KCN Nam Sách, Hải Dương - Hà Nam | J15: =1340000+140000 -> 1480000 | O15: =H15+J15+K15+L15+M15+N15 -> 1480000 | P15: 4800000 | Q15: =P15-O15 -> 3320000
A16: 8 | B16: 42927 | C16: Trả hàng NK sáng 12/07 | D16: MAGU5661306 | E16: KCN Ngọc Hồi, Thanh Trì, Hà Nội | G16: 180 | H16: 2331000 | J16: =1150000+140000 -> 1290000 | O16: =H16+J16+K16+L16+M16+N16 -> 3621000 | P16: 3700000 | Q16: =P16-O16 -> 79000
A17: 9 | B17: 42928 | C17: Trả hàng sáng 12/07 | D17: MSCU5606131 | E17: Phú Xuyên, Hà Nội | G17: 110 | H17: 1295000 | J17: =1150000+140000 -> 1290000 | O17: =H17+J17+K17+L17+M17+N17 -> 2585000 | P17: 3800000 | Q17: =P17-O17 -> 1215000
A18: 10 | B18: 42929 | C18: Trả hàng chè chiều 14/07 | D18: WHLU5685080 | E18: Mộc Châu, Sơn La | G18: 212 | H18: 2745400 | J18: =2920000+70000+70000 -> 3060000 | O18: =H18+J18+K18+L18+M18+N18 -> 5805400 | P18: 12727273 | Q18: =P18-O18 -> 6921873
A19: 11 | B19: 42933 | C19: Trả hàng + đóng hàng KH 17/07 | D19: DRYU2853155 | E19: Dị Sử, Mỹ Hào, Hưng Yên - Hà Nam | G19: 250 | H19: 3237500 | J19: =1340000+140000 -> 1480000 | O19: =H19+J19+K19+L19+M19+N19 -> 4717500 | P19: 4700000 | Q19: =P19-O19 -> -17500
A20: 12 | B20: 42933 | C20: Trả hàng sáng 18/07 | D20: OOLU8260629 | E20: KCN Đình Bảng, Bắc Ninh | J20: =790000+140000 -> 930000 | O20: =H20+J20+K20+L20+M20+N20 -> 930000 | P20: 3300000 | Q20: =P20-O20 -> 2370000
A21: 13 | B21: 42934 | C21: Trả hàng + đóng hàng KH 19/07 | D21: WFHU1352957 | E21: Cụm CN Yên Nghĩa, Hà Nội | G21: 201 | H21: 2602950 | J21: =1600000+140000 -> 1740000 | O21: =H21+J21+K21+L21+M21+N21 -> 4342950 | P21: 3600000 | Q21: =P21-O21 -> -742950
A22: 14 | B22: 42935 | C22: Đóng hàng chè chiều 20/07 | D22: WHSU2202630 | E22: Tân Lập, Mộc Châu, Sơn La | J22: =2560000+140000+360000 -> 3060000 | O22: =H22+J22+K22+L22+M22+N22 -> 3060000 | P22: 13181818 | Q22: =P22-O22 -> 10121818
A23: 15 | B23: 42937 | C23: Đóng hàng phân sáng 22/07 | D23: XINU1479476 | E23: Hoa Lư, Ninh Bình | J23: =1000000+140000-50000 -> 1090000 | O23: =H23+J23+K23+L23+M23+N23 -> 1090000 | P23: 3800000 | Q23: =P23-O23 -> 2710000
A24: 16 | B24: 42938 | C24: Đóng hàng chè sáng 23/07 | D24: TCNU5886598 | E24: Mỹ Bằng, Yên Sơn, Tuyên Quang | G24: 205 | H24: 2730600 | J24: =1910000+140000 -> 2050000 | O24: =H24+J24+K24+L24+M24+N24 -> 4780600 | P24: 7500000 | Q24: =P24-O24 -> 2719400
A25: 17 | B25: 42938 | C25: Đóng hàng phân sáng 24/07 | D25: EISU2039362 | E25: Hoa Lư, Ninh Bình | J25: =1000000+140000-50000 -> 1090000 | O25: =H25+J25+K25+L25+M25+N25 -> 1090000 | P25: 3800000 | Q25: =P25-O25 -> 2710000
A26: 18 | B26: 42940 | C26: Đóng hàng phân sáng 25/07 | D26: CLHU3748976 | E26: Hoa Lư, Ninh Bình | G26: 175 | H26: 2331000 | J26: =1000000+140000-50000 -> 1090000 | O26: =H26+J26+K26+L26+M26+N26 -> 3421000 | P26: 3800000 | Q26: =P26-O26 -> 379000
A27: 19 | B27: 42941 | C27: Đóng hàng phân sáng 26/07 | D27: EMCU3924746 | E27: Hoa Lư, Ninh Bình | G27: 100 | H27: 1332000 | J27: =140000+1000000-50000 -> 1090000 | O27: =H27+J27+K27+L27+M27+N27 -> 2422000 | P27: 3800000 | Q27: =P27-O27 -> 1378000
A28: 20 | B28: 42942 | C28: Trả hàng NK sáng 27/07 | D28: NEXU9551306 | E28: KCN Gia Lách, Hà Tĩnh | G28: 200 | H28: 2664000 | J28: =2800000+140000 -> 2940000 | O28: =H28+J28+K28+L28+M28+N28 -> 5604000 | P28: 8200000 | Q28: =P28-O28 -> 2596000
A29: 21 | B29: 42945 | C29: Trả hàng + đóng hàng KH 29/07 | D29: TRHU3295856 | E29: KCN Tân Quang, Hưng Yên - Hà Nam | G29: 240 | H29: 3196800 | J29: =1600000+140000 -> 1740000 | O29: =H29+J29+K29+L29+M29+N29 -> 4936800 | P29: 5070000 | Q29: =P29-O29 -> 133200
A30: 22 | B30: 42946 | C30: Trả hàng NK sáng 31/07 | D30: KMTU7425622 | E30: KCN Phố Nối B, Hưng Yên | J30: =800000+140000 -> 940000 | O30: =H30+J30+K30+L30+M30+N30 -> 940000 | P30: 2700000 | Q30: =P30-O30 -> 1760000
C31: Lương lái xe | L31: 8653846 | O31: =H31+J31+K31+L31+M31+N31 -> 8653846 | Q31: =P31-O31 -> -8653846
C32: Ép plastic phù hiệu xe | L32: 7500 | O32: =H32+J32+K32+L32+M32+N32 -> 7500 | Q32: =P32-O32 -> -7500
C33: Thanh toán tiền đổi phù hiệu xe | L33: 300000 | O33: =H33+J33+K33+L33+M33+N33 -> 300000 | Q33: =P33-O33 -> -300000
C34: Thanh toán tiền sửa xe 15C-139.82 | L34: 1700000 | O34: =H34+J34+K34+L34+M34+N34 -> 1700000 | Q34: =P34-O34 -> -1700000
C35: Thanh toán tiền mua lốp xe 15C-139.82 | M35: 11600000 | O35: =H35+J35+K35+L35+M35+N35 -> 11600000 | Q35: =P35-O35 -> -11600000
C36: Lọc dầu xe 15C-139.82 | L36: 950000 | O36: =H36+J36+K36+L36+M36+N36 -> 950000 | Q36: =P36-O36 -> -950000
C37: Thanh toán tiền sửa xe 15C-139.82 (thay 1 lọ dâù côn+công thay) | L37: 200000 | O37: =H37+J37+K37+L37+M37+N37 -> 200000 | Q37: =P37-O37 -> -200000
C38: Thanh toán tiền sửa xe 15C-139.82 (bi con tông, dầu, công kiểm tra, công tháo lắp, con tăng) ngày 25/07 | L38: 2800000 | O38: =H38+J38+K38+L38+M38+N38 -> 2800000 | Q38: =P38-O38 -> -2800000
C39: Thanh toán tiền sửa xe 15C-139.82 (công tháo lắp, côn sau, chân côn) ngày 28/7 | L39: 150000 | O39: =H39+J39+K39+L39+M39+N39 -> 150000 | Q39: =P39-O39 -> -150000
C40: Thanh toán tiền sửa xe 15C-139.82 ngày 18/5 (bơm mỡ, cản hậu mooc) | L40: 300000 | O40: =H40+J40+K40+L40+M40+N40 -> 300000 | Q40: =P40-O40 -> -300000
C41: Thanh toán tiền sửa xe 15C-139.82 ngày 28/5 (ép bạc zằng cầu đầu kéo, công tháo lắp, thay bi moay ơ lái, thay phớt moay ơ lái, dầu cầu, công tháo lắp...) | L41: 2340000 | O41: =H41+J41+K41+L41+M41+N41 -> 2340000 | Q41: =P41-O41 -> -2340000
C42: Bơm mỡ xe 15C-139.82 ngày 23/6 | L42: 200000 | O42: =H42+J42+K42+L42+M42+N42 -> 200000 | Q42: =P42-O42 -> -200000
C43: Phí gửi xe | K43: =1200000*1.1 -> 1320000 | O43: =H43+J43+K43+L43+M43+N43 -> 1320000 | Q43: =P43-O43 -> -1320000
A44: TỔNG CỘNG | G44: =SUM(G7:G43) -> 2354 | H44: =SUM(H7:H43) -> 30671680 | I44: =SUM(I7:I43) -> 0 | J44: =SUM(J7:J43) -> 33860000 | K44: =SUM(K7:K43) -> 1320000 | L44: =SUM(L7:L43) -> 17601346 | M44: =SUM(M7:M43) -> 11600000 | N44: =SUM(N7:N43) -> 0 | ... Q44: =SUM(Q7:Q43) -> 19526065
P46: LK = | Q46: ='06-2017'!Q39+'07-2017'!Q44 -> 141579859

Sheet 08-2017
A1: Bảng theo dõi doanh thu/ chi phí theo phương tiện vận chuyển
A2: Biển số xe: 15C - 139.82
B3: THÁNG 8.2017
A5: STT | B5: Ngày tháng | C5: Diễn giải | D5: Số cont | E5: Tuyến đường vận chuyển | F5: Khoảng cách (km) | G5: Chi phí | O5: Tổng chi phí | P5: Cước vận chuyển | Q5: Lợi nhuận gộp
G6: Dầu (l) | H6: Dầu (đồng) | I6: Mức TTBQ | J6: Đi đường | K6: Lương lx | L6: Sửa chữa | M6: Lốp | N6: Dầu máy
A9: 1 | B9: 42947 | C9: Trả hàng + đóng hàng KH 01/08 | D9: DRYU2852035 | E9: KCN Đại Đồng, Bắc Ninh - Hà Nam | J9: =1600000+140000 -> 1740000 | O9: =H9+J9+K9+L9+M9+N9 -> 1740000 | P9: 5100000 | Q9: =P9-O9 -> 3360000
A10: 2 | B10: 42949 | C10: Trả hàng NK chiều 02/08 | D10: TGHU5175272 | E10: KCN Thăng Long, Hà Nội | G10: 325 | H10: 4329000 | J10: =1150000+140000 -> 1290000 | O10: =H10+J10+K10+L10+M10+N10 -> 5619000 | P10: 3500000 | Q10: =P10-O10 -> -2119000
A11: 3 | B11: 42949 | C11: Đóng hàng chè sáng 03/08 | D11: SEGU4326020 | E11: Mỹ Bằng, Yên Sơn, Tuyên Quang | J11: =1910000+140000 -> 2050000 | O11: =H11+J11+K11+L11+M11+N11 -> 2050000 | P11: 7500000 | Q11: =P11-O11 -> 5450000
A12: 4 | B12: 42951 | C12: Đóng hàng tro bay sáng 05/08 | D12: MSKU4468715 | E12: Phả Lại, Hải Dương | G12: 292 | H12: 3889440 | J12: =650000+140000 -> 790000 | O12: =H12+J12+K12+L12+M12+N12 -> 4679440 | P12: 3181818 | Q12: =P12-O12 -> -1497622
A13: 5 | B13: 42951 | C13: Trả hàng đường ngắn 04/08 | D13: WHLU5314833 | E13: KCN VSIP Thủy Nguyên, Hải Phòng | J13: =200000+140000 -> 340000 | O13: =H13+J13+K13+L13+M13+N13 -> 340000 | P13: 1500000 | Q13: =P13-O13 -> 1160000
A14: 6 | B14: 42952 | C14: Đóng hàng tro bay sáng 06/08 | D14: MRKU9272981 | E14: Phả Lại, Hải Dương | G14: 96 | H14: 1323840 | J14: =650000+140000 -> 790000 | O14: =H14+J14+K14+L14+M14+N14 -> 2113840 | P14: 3181818 | Q14: =P14-O14 -> 1067978
A15: 7 | B15: 42952 | C15: Đóng hàng phân 07/08 | D15: BEAU2100372 | E15: Hoa Lư, Ninh Bình | J15: =950000+140000 -> 1090000 | O15: =H15+J15+K15+L15+M15+N15 -> 1090000 | P15: 3800000 | Q15: =P15-O15 -> 2710000
A16: 8 | B16: 42952 | C16: Đóng hàng phân 09/08 | D16: TCLU3554600 | E16: Hoa Lư, Ninh Bình | J16: =950000+140000 -> 1090000 | O16: =H16+J16+K16+L16+M16+N16 -> 1090000 | P16: 3800000 | Q16: =P16-O16 -> 2710000
A17: 9 | B17: 42954 | C17: Trả hàng + đóng hàng KH 08/08 | D17: VNLU3095717 | E17: Long Biên, Hà Nội- Hà Nam | G17: 182 | H17: 2509780 | J17: =70000+1600000 -> 1670000 | O17: =H17+J17+K17+L17+M17+N17 -> 4179780 | P17: 5200000 | Q17: =P17-O17 -> 1020220
A18: 10 | B18: 42956 | C18: Đóng hàng chè chiều 10/08 | D18: WHLU5826125 | E18: Mộc Châu, Sơn La | G18: 208 | H18: 2868320 | J18: =2920000+140000 -> 3060000 | O18: =H18+J18+K18+L18+M18+N18 -> 5928320 | P18: 12727273 | Q18: =P18-O18 -> 6798953
A19: 11 | B19: 42958 | C19: Trả hàng + đóng hàng KH 12/08 | D19: DRYU2852251 | E19: Thanh Trì, Hà Nội - Hà Nam | G19: 256 | H19: 3530240 | J19: =1750000+140000 -> 1890000 | O19: =H19+J19+K19+L19+M19+N19 -> 5420240 | P19: 5350000 | Q19: =P19-O19 -> -70240
A20: 12 | B20: 42961 | C20: Đóng hàng chè sáng 15/08 | D20: TCLU8251470 | E20: Mỹ Bằng, Yên Sơn, Tuyên Quang | J20: =1910000+140000-210000 -> 1840000 | O20: =H20+J20+K20+L20+M20+N20 -> 1840000 | P20: 7500000 | Q20: =P20-O20 -> 5660000
A21: 13 | B21: 42961 | C21: Trả hàng + đóng hàng KH 14/08 | D21: CAXU3139082 | E21: Đông Anh, Hà Nội - Hà Nam | J21: =1600000+140000 -> 1740000 | O21: =H21+J21+K21+L21+M21+N21 -> 1740000 | P21: 5300000 | Q21: =P21-O21 -> 3560000
A22: 14 | B22: 42963 | C22: Trả hàng Vietsun sáng 17/08 | D22: DRYU9970071 | E22: Như Quỳnh, Văn Lâm, Hưng Yên | G22: 500 | H22: 6895000 | J22: =1150000+140000 -> 1290000 | O22: =H22+J22+K22+L22+M22+N22 -> 8185000 | P22: 3209091 | Q22: =P22-O22 -> -4975909
A23: 15 | B23: 42964 | C23: Đóng hàng chè sáng 18/08 | D23: TCLU4910305 | E23: Mỹ Bằng, Yên Sơn, Tuyên Quang | G23: 280 | H23: 3861200 | J23: =1700000+140000 -> 1840000 | O23: =H23+J23+K23+L23+M23+N23 -> 5701200 | P23: 7500000 | Q23: =P23-O23 -> 1798800
A24: 16 | B24: 42968 | C24: Trả hàng + đóng hàng KH 22/08 | D24: DRYU2923421 | E24: KCN Đại Đồng, Bắc Ninh - Hà Nam | J24: =1600000+140000 -> 1740000 | O24: =H24+J24+K24+L24+M24+N24 -> 1740000 | P24: 5070000 | Q24: =P24-O24 -> 3330000
A25: 17 | B25: 42969 | C25: Trả hàng + đóng hàng KH 23/08 | D25: DRYU3093484 | E25: Dị Sử, Mỹ Hào, Hưng Yên - Hà Nam | J25: =1340000+140000 -> 1480000 | O25: =H25+J25+K25+L25+M25+N25 -> 1480000 | P25: 4770000 | Q25: =P25-O25 -> 3290000
A26: 18 | B26: 42970 | C26: Đóng hàng chè sáng 25/08 | D26: BMOU5703266 | E26: Tô Múa, Vân Hồ, Sơn La | J26: =2920000+140000 -> 3060000 | O26: =H26+J26+K26+L26+M26+N26 -> 3060000 | P26: 14545455 | Q26: =P26-O26 -> 11485455
A27: 19 | B27: 42970 | C27: Trả hàng + đóng hàng KH 24/08 | D27: GMDU2153892 | E27: Dị Sử, Mỹ Hào, Hưng Yên - Hà Nam | G27: 343 | H27: 4729970 | J27: =1340000+140000 -> 1480000 | O27: =H27+J27+K27+L27+M27+N27 -> 6209970 | P27: 4700000 | Q27: =P27-O27 -> -1509970
A28: 20 | B28: 42973 | C28: Trả hàng + đóng hàng KH 27/08 | D28: CAXU6834914 | E28: Đông Anh, Hà Nội - Hà Nam | G28: 430 | H28: 5929700 | J28: =140000+1600000 -> 1740000 | O28: =H28+J28+K28+L28+M28+N28 -> 7669700 | P28: 5300000 | Q28: =P28-O28 -> -2369700
A29: 21 | B29: 42975 | C29: Đóng hàng chè sáng 28/08 | D29: SEGU5111095 | E29: Mỹ Bằng, Yên Sơn, Tuyên Quang | J29: =1710000+140000 -> 1850000 | O29: =H29+J29+K29+L29+M29+N29 -> 1850000 | P29: 7500000 | Q29: =P29-O29 -> 5650000
A30: 22 | B30: 42976 | C30: Đóng hàng chè sáng 29/08 | D30: WHLU0510962 | E30: TT Trần Phú,Văn Chấn, Yên Bái | J30: =2070000+140000 -> 2210000 | O30: =H30+J30+K30+L30+M30+N30 -> 2210000 | P30: 9545455 | Q30: =P30-O30 -> 7335455
A31: 23 | B31: 42977 | C31: Trả hàng NK sáng 31/08 | D31: FCIU9970314 | E31: KCN VSIP Thủy Nguyên, Hải Phòng | G31: 393 | H31: 5419470 | J31: =200000+140000 -> 340000 | O31: =H31+J31+K31+L31+M31+N31 -> 5759470 | P31: 1636364 | Q31: =P31-O31 -> -4123106
C32: Lương + t lái xe | L32: 9500000 | O32: =H32+J32+K32+L32+M32+N32 -> 9500000 | Q32: =P32-O32 -> -9500000
C33: Thanh toán tiền mua 02 lốp cho xe 15C-139.82 | M33: 11600000 | O33: =H33+J33+K33+L33+M33+N33 -> 11600000 | Q33: =P33-O33 -> -11600000
C34: Thanh toán tiền sửa xe 15C-139.82 (sửa tổng hơi, thay zoăng, thay 1 rắc co) | L34: 250000 | O34: =H34+J34+K34+L34+M34+N34 -> 250000 | Q34: =P34-O34 -> -250000
C35: Thanh toán tiền sửa xe 15C-139.82 ngày 14/8 | L35: 230000 | O35: =H35+J35+K35+L35+M35+N35 -> 230000 | Q35: =P35-O35 -> -230000
C36: Thanh toán tiền sửa xe 15C-139.82 (thay cốc lọc hơi, công làm) ngày 30/8 | L36: 600000 | O36: =H36+J36+K36+L36+M36+N36 -> 600000 | Q36: =P36-O36 -> -600000
C37: Dầu nhớt 40L | N37: =11500000/208*40 -> 2211538.5 | O37: =H37+J37+K37+L37+M37+N37 -> 2211538.5 | Q37: =P37-O37 -> -2211538.5
C38: Phí gửi xe | K38: =1200000*1.1 -> 1320000 | O38: =H38+J38+K38+L38+M38+N38 -> 1320000 | Q38: =P38-O38 -> -1320000
A39: TỔNG CỘNG | G39: =SUM(G7:G38) -> 3305 | H39: =SUM(H7:H38) -> 45285960 | I39: =SUM(I7:I38) -> 0 | J39: =SUM(J7:J38) -> 36410000 | K39: =SUM(K7:K38) -> 1320000 | L39: =SUM(L7:L38) -> 10580000 | M39: =SUM(M7:M38) -> 11600000 | N39: =SUM(N7:N38) -> 2211538.5 | ... Q39: =SUM(Q7:Q38) -> 24009776
P41: LK = | Q41: ='[1]07-2017'!Q46+'[1]08-2017'!Q39 -> 1.6558963e+08

Sheet 09-2017
A1: Bảng theo dõi doanh thu/ chi phí theo phương tiện vận chuyển
A2: Biển số xe: 15C - 139.82
B3: THÁNG 9.2017
A5: STT | B5: Ngày tháng | C5: Diễn giải | D5: Số cont | E5: Tuyến đường vận chuyển | F5: Khoảng cách (km) | G5: Chi phí | O5: Tổng chi phí | P5: Cước vận chuyển | Q5: Lợi nhuận gộp
G6: Dầu (l) | H6: Dầu (đồng) | I6: Mức TTBQ | J6: Đi đường | K6: Lương lx | L6: Sửa chữa | M6: Lốp | N6: Dầu máy
A9: 1 | B9: 42978 | C9: Trả hàng + đóng hàng KH 01/09 | D9: BISU2837375 | E9: Cầu Diễn, Hà Nội - Hà Nam | J9: =1600000+140000 -> 1740000 | O9: =H9+J9+K9+L9+M9+N9 -> 1740000 | P9: 5200000 | Q9: =P9-O9 -> 3460000
A10: 2 | B10: 42979 | C10: Trả hàng + đóng hàng KH 04/09 | D10: GMDU2153167 | E10: Dị Sử, Mỹ Hào, Hưng Yên - Hà Nam | G10: 182 | H10: 2509780 | J10: =1340000+140000 -> 1480000 | O10: =H10+J10+K10+L10+M10+N10 -> 3989780 | P10: 4700000 | Q10: =P10-O10 -> 710220
A11: 3 | B11: 42979 | C11: Đóng hàng XK sáng 05/09 | D11: DFSU3012312 | E11: Mỹ Hào, Hưng Yên | J11: =800000+140000 -> 940000 | O11: =H11+J11+K11+L11+M11+N11 -> 940000 | P11: 3000000 | Q11: =P11-O11 -> 2060000
A12: 4 | B12: 42983 | C12: Đóng hàng chè sáng 06/09 | D12: CAIU9971734 | E12: Mỹ Bằng, Yên Sơn, Tuyên Quang | G12: 200 | H12: 2758000 | J12: =1700000+140000 -> 1840000 | O12: =H12+J12+K12+L12+M12+N12 -> 4598000 | P12: 7500000 | Q12: =P12-O12 -> 2902000
A13: 5 | B13: 42984 | C13: Trả hàng + đóng hàng KH 07/09 | D13: DRYU2924053 | E13: KCN Tân Quang, Hưng Yên - Hà Nam | J13: =1600000+140000 -> 1740000 | O13: =H13+J13+K13+L13+M13+N13 -> 1740000 | P13: 5070000 | Q13: =P13-O13 -> 3330000
A14: 6 | B14: 42985 | C14: Trả hàng NK sáng 08/09 | D14: WHLU6020010 | E14: KCN Đình Bảng, Bắc Ninh | J14: =790000+140000 -> 930000 | O14: =H14+J14+K14+L14+M14+N14 -> 930000 | P14: 3300000 | Q14: =P14-O14 -> 2370000
A15: 7 | B15: 42986 | C15: Trả hàng NK sáng 09/09 | D15: TCNU3570086 | E15: Ngọc Hồi, Thanh Trì, Hà Nội | G15: 470 | H15: 6556500 | J15: =1150000+140000 -> 1290000 | O15: =H15+J15+K15+L15+M15+N15 -> 7846500 | P15: 3700000 | Q15: =P15-O15 -> -4146500
A16: 8 | B16: 42989 | C16: Trả hàng + đóng hàng KH 11/09 | D16: DRYU2851846 | E16: Văn Lâm, Hưng Yên - Hà Nam | J16: =1600000+140000+200000 -> 1940000 | O16: =H16+J16+K16+L16+M16+N16 -> 1940000 | P16: 5270000 | Q16: =P16-O16 -> 3330000
A17: 9 | B17: 42989 | C17: Trả hàng Vietsun sáng 12/09 | D17: DRYU9593110 | E17: KCN Kiện Khê, Hà Nam | J17: =950000+140000+400000 -> 1490000 | O17: =H17+J17+K17+L17+M17+N17 -> 1490000 | P17: 3972727 | Q17: =P17-O17 -> 2482727
A18: 10 | B18: 42990 | C18: Trả hàng + đóng hàng KH 13/09 | D18: DRYU2901510 | E18: Kho D, Cảng Hà Nội - Hà Nam | G18: 230 | H18: 3208500 | J18: =1150000+140000+200000 -> 1490000 | O18: =H18+J18+K18+L18+M18+N18 -> 4698500 | P18: 5470000 | Q18: =P18-O18 -> 771500
A19: 11 | B19: 42996 | C19: Trả hàng Vietsun sáng 19/09 | D19: DRYU9718347 | E19: Mỹ Hào, Hưng Yên | J19: =800000+140000 -> 940000 | O19: =H19+J19+K19+L19+M19+N19 -> 940000 | P19: 2827273 | Q19: =P19-O19 -> 1887273
A20: 12 | B20: 42997 | C20: Đóng hàng XK sáng 20/09 | D20: WHLU0512414 | E20: Mỹ Hào, Hưng Yên | J20: =800000+140000 -> 940000 | O20: =H20+J20+K20+L20+M20+N20 -> 940000 | P20: 3000000 | Q20: =P20-O20 -> 2060000
A21: 13 | B21: 42998 | C21: Trả hàng NK sáng 21/09 | D21: FCIU9398359 | E21: Ngọc Hồi, Thanh Trì, Hà Nội | G21: 280 | H21: 4043200 | J21: 1300000 | O21: =H21+J21+K21+L21+M21+N21 -> 5343200 | P21: 3700000 | Q21: =P21-O21 -> -1643200
A22: 14 | B22: 42999 | C22: Đóng hàng chè sáng 22/09 | D22: DFSU6787284 | E22: Mỹ Bằng, Yên Sơn, Tuyên Quang | J22: 1850000 | O22: =H22+J22+K22+L22+M22+N22 -> 1850000 | P22: 7500000 | Q22: =P22-O22 -> 5650000
A23: 15 | B23: 43000 | C23: Đóng hàng sáng 23/09 | D23: MSKU6810555 | E23: Phú Xuyên, Hà Nội | G23: 365 | H23: 5270600 | J23: 1290000 | O23: =H23+J23+K23+L23+M23+N23 -> 6560600 | P23: 3700000 | Q23: =P23-O23 -> -2860600
A24: 16 | B24: 43002 | C24: Trả hàng NK sáng 25/09 | D24: SEGU4433754 | E24: Lai Cách, Cẩm Giàng, Hải Dương | J24: 790000 | O24: =H24+J24+K24+L24+M24+N24 -> 790000 | P24: 2600000 | Q24: =P24-O24 -> 1810000
A25: 17 | B25: 43003 | C25: Trả hàng Vietsun sáng 26/09 | D25: DRYU9718120 | E25: KCN Phú Nghĩa, Chương Mỹ, Hà Nội | J25: 1290000 | O25: =H25+J25+K25+L25+M25+N25 -> 1290000 | P25: 4000000 | Q25: =P25-O25 -> 2710000
A26: 18 | B26: 43004 | C26: Đóng hàng chè sáng 27/09 | D26: TCNU7620138 | E26: Mỹ Bằng, Yên Sơn, Tuyên Quang | J26: 1850000 | O26: =H26+J26+K26+L26+M26+N26 -> 1850000 | P26: 7500000 | Q26: =P26-O26 -> 5650000
A27: 19 | B27: 43005 | C27: Trả hàng NK sáng 28/09 | D27: TEMU4592285 | E27: KCN Vân Trung, Việt Yên, Bắc Giang | J27: 930000 | O27: =H27+J27+K27+L27+M27+N27 -> 930000 | P27: 3200000 | Q27: =P27-O27 -> 2270000
A28: 20 | B28: 43006 | C28: Trả hàng NK sáng 29/09 | D28: ISMU3008603 | E28: KCN VSIP Bắc Ninh | G28: 424 | H28: 6122560 | J28: =1290000-360000 -> 930000 | O28: =H28+J28+K28+L28+M28+N28 -> 7052560 | P28: 3200000 | Q28: =P28-O28 -> -3852560
A29: 21 | B29: 43007 | C29: Đóng hàng xỉ bọt sáng 30/09 | D29: TEMU6169307 | E29: Phả Lại, Hải Dương | J29: 790000 | O29: =H29+J29+K29+L29+M29+N29 -> 790000 | P29: 3181818 | Q29: =P29-O29 -> 2391818
A30: 22 | O30: =H30+J30+K30+L30+M30+N30 -> 0 | Q30: =P30-O30 -> 0
A31: 23 | O31: =H31+J31+K31+L31+M31+N31 -> 0 | Q31: =P31-O31 -> 0
C32: Lương | L32: 7961538 | O32: =H32+J32+K32+L32+M32+N32 -> 7961538 | Q32: =P32-O32 -> -7961538
C33: Thanh toán tiền mua 02 lốp cho xe 15C-139.82 | M33: 11600000 | O33: =H33+J33+K33+L33+M33+N33 -> 11600000 | Q33: =P33-O33 -> -11600000
C34: Thanh toán tiền sửa xe 15C-139.82 ngày 16/8 (bô lò so, công tháo lắp thay bộ lò so bánh lái, hàn+sơn lại ba đờ sốc mooc) | L34: 450000 | O34: =H34+J34+K34+L34+M34+N34 -> 450000 | Q34: =P34-O34 -> -450000
C35: Phí gửi xe | K35: =1200000*1.1 -> 1320000 | O35: =H35+J35+K35+L35+M35+N35 -> 1320000 | Q35: =P35-O35 -> -1320000
A36: TỔNG CỘNG | G36: =SUM(G7:G35) -> 2151 | H36: =SUM(H7:H35) -> 30469140 | I36: =SUM(I7:I35) -> 0 | J36: =SUM(J7:J35) -> 27780000 | K36: =SUM(K7:K35) -> 1320000 | L36: =SUM(L7:L35) -> 8411538 | M36: =SUM(M7:M35) -> 11600000 | N36: =SUM(N7:N35) -> 0 | ... Q36: =SUM(Q7:Q35) -> 12011140
P38: LK = | Q38: ='08-2017'!Q41+'09-2017'!Q36 -> 1.7760077e+08

Sheet 10-2017
A1: Bảng theo dõi doanh thu/ chi phí theo phương tiện vận chuyển
A2: Biển số xe: 15C - 139.82
B3: THÁNG 10.2017
A5: STT | B5: Ngày tháng | C5: Diễn giải | D5: Số cont | E5: Tuyến đường vận chuyển | F5: Khoảng cách (km) | G5: Chi phí | O5: Tổng chi phí | P5: Cước vận chuyển | Q5: Lợi nhuận gộp
G6: Dầu (l) | H6: Dầu (đồng) | I6: Mức TTBQ | J6: Đi đường | K6: Lương lx | L6: Sửa chữa | M6: Lốp | N6: Dầu máy
A9: 1 | B9: 43010 | C9: Đóng hàng tro bay 02/10 | D9: MSKU3066970 | E9: Phả Lại, Hải Dương | G9: 234 | H9: 3378960 | J9: 790000 | O9: =H9+J9+K9+L9+M9+N9 -> 4168960 | P9: 3000000 | Q9: =P9-O9 -> -1168960
A10: 2 | B10: 43010 | C10: Đóng hàng tro bay 03/10 | D10: MRKU6698269 | E10: Phả Lại, Hải Dương | J10: 790000 | O10: =H10+J10+K10+L10+M10+N10 -> 790000 | P10: 3000000 | Q10: =P10-O10 -> 2210000
A11: 3 | B11: 43011 | C11: Trả hàng NK chiều 04/10 | D11: CSLU1294833 | E11: KCN Vân Trung, Việt Yên, Bắc Giang | G11: 71 | H11: 1025240 | J11: 570000 | O11: =H11+J11+K11+L11+M11+N11 -> 1595240 | P11: 3200000 | Q11: =P11-O11 -> 1604760
A12: 4 | B12: 43012 | C12: Đóng hàng bình khí sáng 05/10 | D12: CCZU9912783 | E12: Từ Liêm, Hà Nội | J12: 930000 | O12: =H12+J12+K12+L12+M12+N12 -> 930000 | P12: 4318182 | Q12: =P12-O12 -> 3388182
A13: 5 | B13: 43013 | C13: Đóng hàng chè sáng 06/10 | D13: CAIU8757121 | E13: Mỹ Bằng, Yên Sơn, Tuyên Quang | J13: 1490000 | O13: =H13+J13+K13+L13+M13+N13 -> 1490000 | P13: 7500000 | Q13: =P13-O13 -> 6010000
A14: 6 | B14: 43014 | C14: Đóng hàng chè sáng 07/10 | D14: DRYU9693383 | E14: Mộc Châu, Sơn La | G14: 615 | H14: 8966700 | J14: 2700000 | O14: =H14+J14+K14+L14+M14+N14 -> 11666700 | P14: 12181818 | Q14: =P14-O14 -> 515118
A15: 7 | B15: 43026 | C15: Đóng hàng chè sáng 19/10 | D15: TCLU1773620 | E15: Mộc Châu, Sơn La | J15: 2700000 | O15: =H15+J15+K15+L15+M15+N15 -> 2700000 | P15: 12727273 | Q15: =P15-O15 -> 10027273
A16: 8 | B16: 43027 | C16: Trả hàng Vietsun sáng 20/10 | D16: TCNU4785535 | E16: KCN Tiên Sơn, Bắc Ninh | J16: 570000 | O16: =H16+J16+K16+L16+M16+N16 -> 570000 | P16: 3590909 | Q16: =P16-O16 -> 3020909
A17: 9 | B17: 43028 | C17: Trả hàng + đóng hàng KH 21/10 | D17: DRYU2852077 | E17: KCN Đại Đồng, Bắc Ninh - Ninh Bình | G17: 370 | H17: 5331700 | J17: 1380000 | O17: =H17+J17+K17+L17+M17+N17 -> 6711700 | P17: 5154545 | Q17: =P17-O17 -> -1557155
A18: 10 | B18: 43029 | C18: Đóng hàng chè sáng 23/10 | D18: DRYU6086642 | E18: Mỹ Bằng, Yên Sơn, Tuyên Quang | J18: 1480000 | O18: =H18+J18+K18+L18+M18+N18 -> 1480000 | P18: 7500000 | Q18: =P18-O18 -> 6020000
A19: 11 | B19: 43031 | C19: Đóng hàng sáng 24/10 | D19: GLDU7601133 | E19: Lập Thạch, Vĩnh Phúc | G19: 315 | H19: 4539150 | J19: 740000 | O19: =H19+J19+K19+L19+M19+N19 -> 5279150 | P19: 4500000 | Q19: =P19-O19 -> -779150
A20: 12 | B20: 43033 | C20: Trả hàng + đóng hàng KH 25/10 | D20: VSLU1042520 | E20: Bạch Sam, Hưng Yên - Hà Nam | J20: 1300000 | O20: =H20+J20+K20+L20+M20+N20 -> 1300000 | P20: 4770000 | Q20: =P20-O20 -> 3470000
A21: 13 | B21: 43034 | C21: Trả hàng NK sáng 27/10 | D21: MRKU0509265 | E21: Tiên Du, Bắc Ninh | G21: 232 | H21: 3343120 | J21: 570000 | O21: =H21+J21+K21+L21+M21+N21 -> 3913120 | P21: 3200000 | Q21: =P21-O21 -> -713120
A22: 14 | B22: 43036 | C22: Trả hàng sáng 28/10 | D22: YMLU8859589 | E22: KCN Ngọc Hồi, Thanh Trì, Hà Nội | J22: 930000 | O22: =H22+J22+K22+L22+M22+N22 -> 930000 | P22: 3700000 | Q22: =P22-O22 -> 2770000
A23: 15 | B23: 43038 | C23: Trả hàng sáng 30/10 | D23: TLLU4412173 | E23: KCN Ngọc Hồi, Thanh Trì, Hà Nội | J23: 930000 | O23: =H23+J23+K23+L23+M23+N23 -> 930000 | P23: 3700000 | Q23: =P23-O23 -> 2770000
A24: 16 | B24: 43038 | C24: Đóng hàng chè sáng 31/10 | D24: SEGU4627913 | E24: Mỹ Bằng, Yên Sơn, Tuyên Quang | J24: 1480000 | O24: =H24+J24+K24+L24+M24+N24 -> 1480000 | P24: 7500000 | Q24: =P24-O24 -> 6020000
O25: =H25+J25+K25+L25+M25+N25 -> 0 | Q25: =P25-O25 -> 0
O26: =H26+J26+K26+L26+M26+N26 -> 0 | Q26: =P26-O26 -> 0
O27: =H27+J27+K27+L27+M27+N27 -> 0 | Q27: =P27-O27 -> 0
C28: Mua vé cao tốc T10 | L28: 5400000 | O28: =H28+J28+K28+L28+M28+N28 -> 5400000 | Q28: =P28-O28 -> -5400000
C29: Thanh toán tiền sửa xe 15C-139.82 (thay 1 bát phanh) | L29: 100000 | O29: =H29+J29+K29+L29+M29+N29 -> 100000 | Q29: =P29-O29 -> -100000
C30: Bơm mỡ xe | L30: 183000 | O30: =H30+J30+K30+L30+M30+N30 -> 183000 | Q30: =P30-O30 -> -183000
C31: Anh Háu mua ắc quy cho xe 15C-139.82 | L31: 5100000 | O31: =H31+J31+K31+L31+M31+N31 -> 5100000 | Q31: =P31-O31 -> -5100000
C32: Thanh toán tiền sửa xe 15C-139.82 ngày 30/9 (tán má phanh, mỡ bảo dưỡng, công bảo dưỡng, rẻ lau, dầu rửa) | L32: 3210000 | O32: =H32+J32+K32+L32+M32+N32 -> 3210000 | Q32: =P32-O32 -> -3210000
C33: Lương | K33: 6230769 | O33: =H33+J33+K33+M33+N33 -> 6230769 | Q33: =P33-O33 -> -6230769
C34: Phí gửi xe | K34: =1200000*1.1 -> 1320000 | O34: =H34+J34+K34+L34+M34+N34 -> 1320000 | Q34: =P34-O34 -> -1320000
A35: TỔNG CỘNG | G35: =SUM(G7:G34) -> 1837 | H35: =SUM(H7:H34) -> 26584870 | I35: =SUM(I7:I34) -> 0 | J35: =SUM(J7:J34) -> 19350000 | K35: =SUM(K7:K34) -> 7550769 | L35: =SUM(L7:L34) -> 13993000 | M35: =SUM(M7:M34) -> 0 | N35: =SUM(N7:N34) -> 0 | ... Q35: =SUM(Q7:Q34) -> 22064088
P37: LK = | Q37: ='09-2017'!Q38+'10-2017'!Q35 -> 1.9966486e+08

Sheet 11-2017
A1: Bảng theo dõi doanh thu/ chi phí theo phương tiện vận chuyển
A2: Biển số xe: 15C - 139.82
B3: THÁNG 11.2017
A5: STT | B5: Ngày tháng | C5: Diễn giải | D5: Số cont | E5: Tuyến đường vận chuyển | F5: Khoảng cách (km) | G5: Chi phí | O5: Tổng chi phí | P5: Cước vận chuyển | Q5: Lợi nhuận gộp
G6: Dầu (l) | H6: Dầu (đồng) | I6: Mức TTBQ | J6: Đi đường | K6: Lương lx | L6: Sửa chữa | M6: Lốp | N6: Dầu máy
A9: 1 | B9: 43039 | C9: Trả hàng NK sáng 01/11 | D9: TEMU8127091 | E9: KCN Ngọc Hồi, Thanh Trì, Hà Nội | J9: 930000 | O9: =H9+J9+K9+L9+M9+N9 -> 930000 | P9: 3700000 | Q9: =P9-O9 -> 2770000
A10: 2 | B10: 43040 | C10: Đóng hàng chè sáng 02/11 | D10: EITU1890582 | E10: Mỹ Bằng, Yên Sơn, Tuyên Quang | G10: 570 | H10: 8213000 | J10: 1480000 | O10: =H10+J10+K10+L10+M10+N10 -> 9693000 | P10: 7500000 | Q10: =P10-O10 -> -2193000
A11: 3 | B11: 43041 | C11: Trả hàng NK sáng 03/11 | D11: TCNU4739859 | E11: KCN Ngọc Hồi, Thanh Trì, Hà Nội | J11: 930000 | O11: =H11+J11+K11+L11+M11+N11 -> 930000 | P11: 3700000 | Q11: =P11-O11 -> 2770000
A12: 4 | B12: 43043 | C12: Trả hàng NK sáng 06/11 | D12: YMLU8798924 | E12: KCN Ngọc Hồi, Thanh Trì, Hà Nội | G12: 342 | H12: 4996620 | J12: 930000 | O12: =H12+J12+K12+L12+M12+N12 -> 5926620 | P12: 3700000 | Q12: =P12-O12 -> -2226620
A13: 5 | B13: 43043 | C13: Đóng hàng sáng 04/11 | D13: SNBU8225379 | E13: Làng Khoai, Như Quỳnh, Hưng yên | J13: 930000 | O13: =H13+J13+K13+L13+M13+N13 -> 930000 | P13: 3200000 | Q13: =P13-O13 -> 2270000
A14: 6 | B14: 43045 | C14: Đóng hàng chè sáng 07/11 | D14: CAIU7365018 | E14: Mộc Châu, Sơn La | J14: 2700000 | O14: =H14+J14+K14+L14+M14+N14 -> 2700000 | P14: 12181818 | Q14: =P14-O14 -> 9481818
A15: 7 | B15: 43047 | C15: Đóng hàng sáng 09/11 | D15: EMCU9832499 | E15: KCN Vân Trung, Việt Yên, Bắc Giang | G15: 350 | H15: 5113500 | J15: 570000 | O15: =H15+J15+K15+L15+M15+N15 -> 5683500 | P15: 3200000 | Q15: =P15-O15 -> -2483500
A16: 8 | B16: 43048 | C16: Trả hàng Vietsun sáng 10/11 | D16: DRYU9969698 | E16: Mỹ Hào, Hưng Yên | J16: 580000 | O16: =H16+J16+K16+L16+M16+N16 -> 580000 | P16: 2827273 | Q16: =P16-O16 -> 2247273
A17: 9 | B17: 43049 | C17: Đóng hàng chè sáng 11/11 | D17: TGBU5163768 | E17: Mộc Châu, Sơn La | J17: 2700000 | O17: =H17+J17+K17+L17+M17+N17 -> 2700000 | P17: 12181818 | Q17: =P17-O17 -> 9481818
A18: 10 | B18: 43052 | C18: Đóng hàng gỗ bóc sáng 14/11 | D18: CCLU7110465 | E18: Lập Thạch, Vĩnh Phúc | G18: 400 | H18: 5844000 | J18: 740000 | O18: =H18+J18+K18+L18+M18+N18 -> 6584000 | P18: 4500000 | Q18: =P18-O18 -> -2084000
A19: 11 | B19: 43053 | C19: Trả hàng Vietsun sáng 15/11 | D19: TCNU4785448 | E19: KCN Hà Bình Phương, Thường Tín, HN | J19: =930000+400000 -> 1330000 | O19: =H19+J19+K19+L19+M19+N19 -> 1330000 | P19: 3436364 | Q19: =P19-O19 -> 2106364
A20: 12 | B20: 43054 | C20: Đóng hàng KH chiều 15/11 | D20: TCNU4785448 | E20: NM Giấy An Hòa, Sơn Dương, TQ | J20: 0 | O20: =H20+J20+K20+L20+M20+N20 -> 0 | P20: 4790909 | Q20: =P20-O20 -> 4790909
A21: 13 | B21: 43054 | C21: Trả hàng NK 16/11 | D21: OOLU1408798 | E21: Đoan Hùng, Phú Thọ | J21: 1060000 | O21: =H21+J21+K21+L21+M21+N21 -> 1060000 | P21: 6500000 | Q21: =P21-O21 -> 5440000
A22: 14 | B22: 43056 | C22: Trả hàng Vietsun sáng 18/11 | D22: DRYU9593147 | E22: Ga Giáp Bát , Hà Nội | G22: 460 | H22: 6720600 | J22: 930000 | O22: =H22+J22+K22+L22+M22+N22 -> 7650600 | P22: 3781818 | Q22: =P22-O22 -> -3868782
A23: 15 | B23: 43057 | C23: Trả hàng + đóng hàng KH 20/11 | D23: GMDU2151483 | E23: KCN Tân Trường, Hải Dương - Hà Nam | J23: 1300000 | O23: =H23+J23+K23+L23+M23+N23 -> 1300000 | P23: 4800000 | Q23: =P23-O23 -> 3500000
A24: 16 | B24: 43060 | C24: Trả hàng Vietsun sáng 22/11 | D24: DRYU9589980 | E24: Duyên Thái , Thường Tín, Hà Nội | J24: =930000+400000 -> 1330000 | O24: =H24+J24+K24+L24+M24+N24 -> 1330000 | P24: 3500000 | Q24: =P24-O24 -> 2170000
A25: 17 | B25: 43061 | C25: Đóng hàng KH Vietsun chiều 22/11 | D25: DRYU9589980 | E25: NM Giấy An Hòa, Sơn Dương, TQ | J25: 0 | O25: =H25+J25+K25+L25+M25+N25 -> 0 | P25: 4790909 | Q25: =P25-O25 -> 4790909
A26: 18 | B26: 43062 | C26: Trả hàng + đóng hàng KH 24/11 | D26: GMDU2152896 | E26: Hà Đông, Hà Nội - Hà Nam | G26: 400 | H26: 6004000 | J26: 1560000 | O26: =H26+J26+K26+L26+M26+N26 -> 7564000 | P26: 5200000 | Q26: =P26-O26 -> -2364000
A27: 19 | B27: 43063 | C27: Trả hàng + đóng hàng KH 25/11 | D27: GMDU2140196 | E27: KCN Tân Trường, Hải Dương - Hà Nam | J27: 1300000 | O27: =H27+J27+K27+L27+M27+N27 -> 1300000 | P27: 4800000 | Q27: =P27-O27 -> 3500000
A28: 20 | B28: 43064 | C28: Trả hàng + đóng hàng KH 27/11 | D28: GMDU2151863 | E28: KCN Tân Trường, Hải Dương - Hà Nam | J28: 1300000 | O28: =H28+J28+K28+L28+M28+N28 -> 1300000 | P28: 4800000 | Q28: =P28-O28 -> 3500000
A29: 21 | B29: 43066 | C29: Trả hàng + đóng hàng KH 28/11 | D29: GMDU2151143 | E29: TP Hải Dương - Hà Nam | J29: 1300000 | O29: =H29+J29+K29+L29+M29+N29 -> 1300000 | P29: 4700000 | Q29: =P29-O29 -> 3400000
A30: 22 | B30: 43067 | C30: Trả hàng Vietsun sáng 29/11 | D30: DRYU9593471 | E30: Liên Phương, Hưng Yên | G30: 384 | H30: 5763840 | J30: 570000 | O30: =H30+J30+K30+L30+M30+N30 -> 6333840 | P30: 3309091 | Q30: =P30-O30 -> -3024749
O31: =H31+J31+K31+L31+M31+N31 -> 0 | Q31: =P31-O31 -> 0
O32: =H32+J32+K32+L32+M32+N32 -> 0 | Q32: =P32-O32 -> 0
O33: =H33+J33+K33+L33+M33+N33 -> 0 | Q33: =P33-O33 -> 0
C34: Mua vé cao tốc T11 | L34: 5400000 | O34: =H34+J34+K34+L34+M34+N34 -> 5400000 | Q34: =P34-O34 -> -5400000
C35: Thanh toán tiền sửa xe 15C-139.82 (thay 2 bát phanh, thay lò xo, công làm) | L35: 300000 | O35: =H35+J35+K35+L35+M35+N35 -> 300000 | Q35: =P35-O35 -> -300000
C36: Thanh toán tiền sửa xe 15C-139.82 (mua 1 bộ côn sửa bơm hơi cứu hộ trên Hải Dương...) | L36: 3600000 | O36: =H36+J36+K36+L36+M36+N36 -> 3600000 | Q36: =P36-O36 -> -3600000
C37: Thanh toán tiền sửa xe 15C-139.82 (sửa bóng tải, hàn bóng hơi) | L37: 850000 | O37: =H37+J37+K37+L37+M37+N37 -> 850000 | Q37: =P37-O37 -> -850000
C38: Thanh toán tiền mua dầu Total Rubia | L38: =11500000/4 -> 2875000 | O38: =H38+J38+K38+L38+M38+N38 -> 2875000 | Q38: =P38-O38 -> -2875000
C39: Thay lọc nhớt | L39: 1150000 | O39: =H39+J39+K39+L39+M39+N39 -> 1150000 | Q39: =P39-O39 -> -1150000
C40: Thanh toán tiền gia hạn giấy tờ xe 15C-139.82 cho Sacombank | L40: 1716000 | O40: =H40+J40+K40+L40+M40+N40 -> 1716000 | Q40: =P40-O40 -> -1716000
C41: Chi phí giả quyết xe tai 15C-139.82 đi đóng hàng Chè Mỹ Lâm | L41: 12000000 | O41: =H41+J41+K41+L41+M41+N41 -> 12000000 | Q41: =P41-O41 -> -12000000
C42: Bảo hiểm bồi thường xe tai nạn | O42: =H42+J42+K42+L42+M42+N42 -> 0 | P42: 13227500 | Q42: =P42-O42 -> 13227500
C43: VAT hóa đơn bảo hiểm xe tai nan | L43: 1200000 | O43: =H43+J43+K43+L43+M43+N43 -> 1200000 | Q43: =P43-O43 -> -1200000
C44: Thanh toán tiền lốp xe 15C-139.82 ngày 23/11 | M44: 11700000 | O44: =H44+J44+K44+L44+M44+N44 -> 11700000 | Q44: =P44-O44 -> -11700000
C45: Thanh toán tiền sửa xe 15C-139.82 ngày 18/10 | L45: 1100000 | O45: =H45+J45+K45+L45+M45+N45 -> 1100000 | Q45: =P45-O45 -> -1100000
C46: Lương | K46: 6230769 | O46: =H46+J46+K46+L46+M46+N46 -> 6230769 | Q46: =P46-O46 -> -6230769
C47: Phí gửi xe | K47: =1200000*1.1 -> 1320000 | O47: =H47+J47+K47+L47+M47+N47 -> 1320000 | Q47: =P47-O47 -> -1320000
A48: TỔNG CỘNG | G48: =SUM(G7:G47) -> 2906 | H48: =SUM(H7:H47) -> 42655560 | I48: =SUM(I7:I47) -> 0 | J48: =SUM(J7:J47) -> 24470000 | K48: =SUM(K7:K47) -> 7550769 | L48: =SUM(L7:L47) -> 30191000 | M48: =SUM(M7:M47) -> 11700000 | N48: =SUM(N7:N47) -> 0 | O48: =SUM(O9:O47) -> 116567329 | P48: =SUM(P7:P47) -> 124327500 | Q48: =SUM(Q9:Q47) -> 7760171
P50: LK = | Q50: ='10-2017'!Q37+'11-2017'!Q48 -> 2.0742503e+08

Sheet 12-2017
A1: Bảng theo dõi doanh thu/ chi phí theo phương tiện vận chuyển
A2: Biển số xe: 15C - 139.82
B3: THÁNG 12.2017
A5: STT | B5: Ngày tháng | C5: Diễn giải | D5: Số cont | E5: Tuyến đường vận chuyển | F5: Khoảng cách (km) | G5: Chi phí | O5: Tổng chi phí | P5: Cước vận chuyển | Q5: Lợi nhuận gộp
G6: Dầu (l) | H6: Dầu (đồng) | I6: Mức TTBQ | J6: Đi đường | K6: Lương lx | L6: Sửa chữa | M6: Lốp | N6: Dầu máy
A9: 1 | B9: 43069 | C9: Trả hàng NK sáng 01/12 | D9: TLLU2011778 | E9: Vân Hồ, Sơn La | J9: 2700000 | O9: =H9+J9+K9+L9+M9+N9 -> 2700000 | P9: 12272727 | Q9: =P9-O9 -> 9572727
A10: 2 | B10: 43070 | C10: Trả hàng + đóng hàng KH 02/12 | D10: DRYU3023770 | E10: Quốc Oai, Hà Nội - Hà Nam | J10: 1940000 | O10: =H10+J10+K10+L10+M10+N10 -> 1940000 | P10: 5500000 | Q10: =P10-O10 -> 3560000
A11: 3 | B11: 43073 | C11: Trả hàng + đóng hàng KH 04/12 | D11: DRYU2139317 | E11: Hòa Mạc, Duy Tiên, Hà Nam - Hà Nam | G11: 554 | H11: 8315540 | J11: 1240000 | O11: =H11+J11+K11+L11+M11+N11 -> 9555540 | P11: 4700000 | Q11: =P11-O11 -> -4855540
A12: 4 | B12: 43073 | C12: Trả hàng + đóng hàng KH 05/12 | D12: GMDU2152258 | E12: Cẩm Giàng, Hải Dương- Hà Nam | J12: 1160000 | O12: =H12+J12+K12+L12+M12+N12 -> 1160000 | P12: 4800000 | Q12: =P12-O12 -> 3640000
A13: 5 | B13: 43074 | C13: Trả hàng + đóng hàng KH 06/12 | D13: GMDU2142202 | E13: Cẩm Giàng, Hải Dương- Hà Nam | J13: 1160000 | O13: =H13+J13+K13+L13+M13+N13 -> 1160000 | P13: 4800000 | Q13: =P13-O13 -> 3640000
A14: 6 | B14: 43075 | C14: Trả hàng + đóng hàng KH 07/12 | D14: TRHU3295460 | E14: Phú Thị, Hà Nội - Hà Nam | J14: 1420000 | O14: =H14+J14+K14+L14+M14+N14 -> 1420000 | P14: 5000000 | Q14: =P14-O14 -> 3580000
A15: 7 | B15: 43076 | C15: Trả hàng NK sáng 08/12 | D15: BEAU4306819 | E15: Ngọc Hồi, Thanh Trì, Hà Nội | G15: 345 | H15: 5230200 | J15: 790000 | O15: =H15+J15+K15+L15+M15+N15 -> 6020200 | P15: 3700000 | Q15: =P15-O15 -> -2320200
B16: 43077 | C16: Trả hàng + đóng hàng KH 09/12 | D16: DRYU2923550 | E16: KCN Đại Đồng, Băc Ninh - Hà Nam | J16: 1420000 | O16: =H16+J16+K16+L16+M16+N16 -> 1420000 | P16: 5000000 | Q16: =P16-O16 -> 3580000
B17: 43079 | C17: Trả hàng NK sáng 11/12 | D17: WHLU5652933 | E17: KCN Đình Bảng, Bắc Ninh | G17: 340 | H17: 5154400 | J17: 430000 | O17: =H17+J17+K17+L17+M17+N17 -> 5584400 | P17: 3300000 | Q17: =P17-O17 -> -2284400
B18: 43080 | C18: Trả hàng + đóng hàng KH 12/12 | D18: GMDU2142408 | E18: Cẩm Giàng, Hải Dương - Hà Nam | J18: 1160000 | O18: =H18+J18+K18+L18+M18+N18 -> 1160000 | P18: 4800000 | Q18: =P18-O18 -> 3640000
B19: 43081 | C19: Trả hàng + đóng hàng KH 13/12 | D19: TCKU4319162 | E19: Phủ Lý , Hà Nam - Hà Nam | J19: 1100000 | O19: =H19+J19+K19+L19+M19+N19 -> 1100000 | P19: 4700000 | Q19: =P19-O19 -> 3600000
B20: 43082 | C20: Trả hàng + đóng hàng KH 14/12 | D20: DRYU2901886 | E20: Láng Hòa Lạc, Hà Nội - Hà Nam | J20: 1420000 | O20: =H20+J20+K20+L20+M20+N20 -> 1420000 | P20: 5300000 | Q20: =P20-O20 -> 3880000
B21: 43083 | C21: Trả hàng + đóng hàng KH 15/12 | D21: GMDU2151288 | E21: Cẩm Giàng, Hải Dương - Hà Nam | J21: 1160000 | O21: =H21+J21+K21+L21+M21+N21 -> 1160000 | P21: 4800000 | Q21: =P21-O21 -> 3640000
B22: 43084 | C22: Đóng hàng chè sáng 16/12 | D22: TCLU1740695 | E22: Mộc Châu, Sơn La | G22: 440 | H22: 6670400 | J22: 2560000 | O22: =H22+J22+K22+L22+M22+N22 -> 9230400 | P22: 12181818 | Q22: =P22-O22 -> 2951418
B23: 43087 | C23: Trả hàng + đóng hàng KH 18/12 | D23: WFHU1357861 | E23: Đồng Văn, Hà Nam - Hà Nam | J23: =1100000-180000 -> 920000 | O23: =H23+J23+K23+L23+M23+N23 -> 920000 | P23: 4700000 | Q23: =P23-O23 -> 3780000
B24: 43087 | C24: Trả hàng NK sáng 19/12 | D24: HAHU4034172 | E24: Hoàng Mai, Hà Nội | J24: =790000-90000 -> 700000 | O24: =H24+J24+K24+L24+M24+N24 -> 700000 | P24: 3600000 | Q24: =P24-O24 -> 2900000
B25: 43088 | C25: Trả hàng Vietsun tối 19/12 | D25: TCNU4785730 | E25: Đại Từ, Hoàng Mai, Hà Nội | G25: 455 | H25: 6897800 | J25: =790000+600000 -> 1390000 | O25: =H25+J25+K25+L25+M25+N25 -> 8287800 | P25: 3627273 | Q25: =P25-O25 -> -4660527
B26: 43089 | C26: Trả hàng Vietsun sáng 20/12 | D26: DRYU9592808 | E26: Vĩnh Bảo, Hải Phòng | J26: 200000 | O26: =H26+J26+K26+L26+M26+N26 -> 200000 | P26: 2145455 | Q26: =P26-O26 -> 1945455
A27: 8 | B27: 43089 | C27: Trả hàng NK sáng 21/12 | D27: BMOU6312245 | E27: Ngọc Hồi, Thanh Trì, Hà Nội | J27: =790000-180000 -> 610000 | O27: =H27+J27+K27+L27+M27+N27 -> 610000 | P27: 3700000 | Q27: =P27-O27 -> 3090000
A28: 9 | B28: 43090 | C28: Đóng hàng sáng 22/12 | D28: WSCU3876122 | E28: Tân Xuân, Từ Liêm, Hà Nội | G28: 400 | H28: =6064000+120000 -> 6184000 | J28: =790000-180000 -> 610000 | O28: =H28+J28+K28+L28+M28+N28 -> 6794000 | P28: 4000000 | Q28: =P28-O28 -> -2794000
A29: 10 | B29: 43092 | C29: Đóng hàng sáng 23/12 | D29: TCNU3948622 | E29: Phúc Yên, Vĩnh Phúc | J29: =600000+120000 -> 720000 | O29: =H29+J29+K29+L29+M29+N29 -> 720000 | P29: 3750000 | Q29: =P29-O29 -> 3030000
A30: 11 | B30: 43093 | C30: Trả hàng NK sáng 25/12 | D30: WHLU0672080 | E30: KCN Vân Trung, Việt Yên, Bắc Giang | J30: 430000 | O30: =H30+J30+K30+L30+M30+N30 -> 430000 | P30: 3200000 | Q30: =P30-O30 -> 2770000
A31: 12 | B31: 43094 | C31: Trả hàng Vietsun sáng 26/12 | D31: DRYU9592243 | E31: Đồng Văn, Hà Nam | G31: 81 | H31: 1227900 | J31: =790000-180000 -> 610000 | O31: =H31+J31+K31+L31+M31+N31 -> 1837900 | P31: 3545455 | Q31: =P31-O31 -> 1707555
A32: 13 | B32: 43095 | C32: Trả hàng NK sáng 27/12 | D32: UETU5311326 | E32: Đồng Văn, Hà Nam | G32: 150 | H32: 2274000 | J32: 610000 | O32: =H32+J32+K32+L32+M32+N32 -> 2884000 | P32: 3800000 | Q32: =P32-O32 -> 916000
A33: 14 | B33: 43096 | C33: Trả hàng NK sáng 28/12 | D33: TTNU5265660 | E33: Sóc Sơn, Hà Nội | J33: 450000 | O33: =H33+J33+K33+L33+M33+N33 -> 450000 | P33: 3750000 | Q33: =P33-O33 -> 3300000
A34: 15 | B34: 43097 | C34: Trả hàng + đóng hàng KH 29/12 | D34: CRSU1405210 | E34: Văn Giang, Hưng Yên - Hà Nam | J34: =1160000+90000 -> 1250000 | O34: =H34+J34+K34+L34+M34+N34 -> 1250000 | P34: 4700000 | Q34: =P34-O34 -> 3450000
A35: 16 | B35: 43102 | C35: Trả hàng Vietsun sáng 30/12 | D35: DRYU9961589 | E35: Văn Điển, Hà Nội | G35: 287 | H35: 4350920 | J35: =790000-180000 -> 610000 | O35: =H35+J35+K35+L35+M35+N35 -> 4960920 | P35: 3454545 | Q35: =P35-O35 -> -1506375
O36: =H36+J36+K36+L36+M36+N36 -> 0 | Q36: =P36-O36 -> 0
C37: Mua vé cao tốc | L37: 5400000 | O37: =H37+J37+K37+L37+M37+N37 -> 5400000 | Q37: =P37-O37 -> -5400000
C38: Thanh toán tiền mua nước làm mát | L38: =6160000/4 -> 1540000 | O38: =H38+J38+K38+L38+M38+N38 -> 1540000 | Q38: =P38-O38 -> -1540000
C39: Thanh toán tiền sửa xe 15C-139.82 | L39: 180000 | O39: =H39+J39+K39+L39+M39+N39 -> 180000 | Q39: =P39-O39 -> -180000
C40: Thanh toán tiền sửa xe 15C-139.82 (gạt mưa..) | L40: 170000 | O40: =H40+J40+K40+L40+M40+N40 -> 170000 | Q40: =P40-O40 -> -170000
C41: Thanh toán tiền sửa xe 15C-139.82 ngày 8/11 (công tháo lắp làm đường dầu diezen) | L41: 250000 | O41: =H41+J41+K41+L41+M41+N41 -> 250000 | Q41: =P41-O41 -> -250000
C42: Thanh toán tiền sửa xe ngày 3/12 (tán 4 bộ má phanh, công tháo lắp) | L42: 1440000 | O42: =H42+J42+K42+L42+M42+N42 -> 1440000 | Q42: =P42-O42 -> -1440000
C43: Lương | K43: 9692308 | O43: =H43+J43+K43+L43+M43+N43 -> 9692308 | Q43: =P43-O43 -> -9692308
C44: Chi thưởng tết dương lịch | K44: 300000 | O44: =H44+J44+K44+L44+M44+N44 -> 300000
C45: Phí gửi xe | K45: =1200000*1.1 -> 1320000 | O45: =H45+J45+K45+L45+M45+N45 -> 1320000 | Q45: =P45-O45 -> -1320000
A46: TỔNG CỘNG | G46: =SUM(G7:G45) -> 3052 | H46: =SUM(H7:H45) -> 46305160 | I46: =SUM(I7:I45) -> 0 | J46: =SUM(J7:J45) -> 28770000 | K46: =SUM(K7:K45) -> 11312308 | L46: =SUM(L7:L45) -> 8980000 | M46: =SUM(M7:M45) -> 0 | N46: =SUM(N7:N45) -> 0 | O46: =SUM(O9:O45) -> 95367468 | P46: =SUM(P7:P45) -> 128827273 | Q46: =SUM(Q9:Q45) -> 33759805
P48: LK = | Q48: ='11-2017'!Q50+'12-2017'!Q46 -> 2.4118484e+08
Q50: 25348000 | R50: chi LN cho Chị Thoa ngày 2/8

Sheet 01-2018
A1: Bảng theo dõi doanh thu/ chi phí theo phương tiện vận chuyển
A2: Biển số xe: 15C - 139.82
B3: THÁNG 01.2018
A5: STT | B5: Ngày tháng | C5: Diễn giải | D5: Số cont | E5: Tuyến đường vận chuyển | F5: Khoảng cách (km) | G5: Chi phí | O5: Tổng chi phí | P5: Cước vận chuyển | Q5: Lợi nhuận gộp
G6: Dầu (l) | H6: Dầu (đồng) | I6: Mức TTBQ | J6: Đi đường | K6: Lương lx | L6: Sửa chữa | M6: Lốp | N6: Dầu máy
A9: 1 | B9: 43102 | C9: Trả hàng + đóng hàng KH 02/01 | D9: DRYU3090891 | E9: Trôi, Hà Nội - Hà Nam | G9: 91 | H9: 1379560 | J9: =1600000-90000-90000 -> 1420000 | O9: =H9+J9+K9+L9+M9+N9 -> 2799560 | P9: 5200000 | Q9: =P9-O9 -> 2400440
A10: 2 | B10: 43102 | C10: Trả hàng NK sáng 03/01 | D10: TCNU4523495 | E10: KCN Đồng Văn, Hà Nam | J10: =790000-180000 -> 610000 | O10: =H10+J10+K10+L10+M10+N10 -> 610000 | P10: 3800000 | Q10: =P10-O10 -> 3190000
A11: 3 | B11: 43103 | C11: Trả hàng NK sáng 04/01 | D11: SEGU5476880 | E11: Ngọc Hồi, Thanh Trì, Hà Nội | J11: =790000-180000 -> 610000 | O11: =H11+J11+K11+L11+M11+N11 -> 610000 | P11: 3700000 | Q11: =P11-O11 -> 3090000
A12: 4 | B12: 43104 | C12: Trả hàng + đóng hàng KH 05/01 | D12: TCLU3106036 | E12: Phủ Lý , Hà Nam - Hà Nam | G12: 291 | H12: 4516320 | J12: 1100000 | O12: =H12+J12+K12+L12+M12+N12 -> 5616320 | P12: 4700000 | Q12: =P12-O12 -> -916320
A13: 5 | B13: 43105 | C13: Trả hàng + đóng hàng KH 06/01 | D13: TRHU2109448 | E13: Yên Mỹ, Hưng Yên - Hà Nam | J13: =1160000-90000 -> 1070000 | O13: =H13+J13+K13+L13+M13+N13 -> 1070000 | P13: 4700000 | Q13: =P13-O13 -> 3630000
A14: 6 | B14: 43107 | C14: Đóng hàng XK sáng 08/01 | D14: OOCU6876711 | E14: KCN Phố Nối, Hưng Yên | J14: 440000 | O14: =H14+J14+K14+L14+M14+N14 -> 440000 | P14: 2700000 | Q14: =P14-O14 -> 2260000
A15: 7 | B15: 43108 | C15: Trả hàng + đóng hàng KH 09/01 | D15: GMDU2140278 | E15: Cẩm Giàng, Hải Dương - Hà Nam | G15: 305 | H15: 4733600 | J15: =1160000-90000 -> 1070000 | O15: =H15+J15+K15+L15+M15+N15 -> 5803600 | P15: 4800000 | Q15: =P15-O15 -> -1003600
A16: 8 | B16: 43109 | C16: Trả hàng NK sáng 10/01 | D16: TEMU7636216 | E16: Ngọc Hồi, Thanh Trì, Hà Nội | J16: =790000-180000 -> 610000 | O16: =H16+J16+K16+L16+M16+N16 -> 610000 | P16: 3700000 | Q16: =P16-O16 -> 3090000
A17: 9 | B17: 43110 | C17: Trả hàng + đóng hàng KH 11/01 | D17: CRSU1273069 | E17: Mỹ Đình, Hà Nội - Hà Nam | J17: =1420000-90000 -> 1330000 | O17: =H17+J17+K17+L17+M17+N17 -> 1330000 | P17: 5200000 | Q17: =P17-O17 -> 3870000
A18: 10 | B18: 43111 | C18: Trả hàng + đóng hàng KH 12/01 | D18: GMDU2142054 | E18: Cẩm Giàng, Hải Dương - Hà Nam | G18: 300 | H18: 4656000 | J18: =1160000-90000 -> 1070000 | O18: =H18+J18+K18+L18+M18+N18 -> 5726000 | P18: 4800000 | Q18: =P18-O18 -> -926000
A19: 11 | B19: 43112 | C19: Trả hàng + đóng hàng KH 13/01 | D19: GMDU2153742 | E19: Cẩm Giàng, Hải Dương - Hà Nam | J19: =1160000-90000 -> 1070000 | O19: =H19+J19+K19+L19+M19+N19 -> 1070000 | P19: 4800000 | Q19: =P19-O19 -> 3730000
A20: 12 | B20: 43115 | C20: Trả hàng + đóng hàng KH 15/01 | D20: GMDU2142408 | E20: Cẩm Giàng, Hải Dương - Hà Nam | J20: 1160000 | O20: =H20+J20+K20+L20+M20+N20 -> 1160000 | P20: 4800000 | Q20: =P20-O20 -> 3640000
A21: 13 | B21: 43115 | C21: Trả hàng NK sáng 16/01 | D21: WHSU2126627 | E21: KCN VSIP, Bắc Ninh | J21: 830000 | O21: =H21+J21+K21+L21+M21+N21 -> 830000 | P21: 3000000 | Q21: =P21-O21 -> 2170000
A22: 14 | B22: 43115 | C22: Đóng hàng viên gỗ nén chiều 16/01 | D22: TCKU2286677 | E22: TT Cầu Gồ, Yên Thế, Bắc Giang | J22: 0 | O22: =H22+J22+K22+L22+M22+N22 -> 0 | P22: 2500000 | Q22: =P22-O22 -> 2500000
A23: 15 | B23: 43116 | C23: Trả hàng + đóng hàng KH 17/01 | D23: GMDU2151420 | E23: Cẩm Giàng, Hải Dương - Hà Nam | J23: =1160000-90000-90000 -> 980000 | O23: =H23+J23+K23+L23+M23+N23 -> 980000 | P23: 4800000 | Q23: =P23-O23 -> 3820000
A24: 16 | B24: 43117 | C24: Trả hàng NK sáng 18/01 | D24: MAGU5761244 | E24: Ngọc Hồi, Thanh Trì, Hà Nội | G24: 450 | H24: 6984000 | J24: =790000-180000 -> 610000 | O24: =H24+J24+K24+L24+M24+N24 -> 7594000 | P24: 3700000 | Q24: =P24-O24 -> -3894000
A25: 17 | B25: 43118 | C25: Trả hàng + đóng hàng KH 19/01 | D25: GMDU2152875 | E25: Văn Giang, Hưng Yên - Hà Nam | J25: 1340000 | O25: =H25+J25+K25+L25+M25+N25 -> 1340000 | P25: 4700000 | Q25: =P25-O25 -> 3360000
A26: 18 | B26: 43120 | C26: Đóng hàng chè sáng 22/01 | D26: TCNU3746848 | E26: Mỹ Bằng, Yên Sơn, Tuyên Quang | J26: 1350000 | O26: =H26+J26+K26+L26+M26+N26 -> 1350000 | P26: 7500000 | Q26: =P26-O26 -> 6150000
A27: 19 | B27: 43122 | C27: Trả hàng + đóng hàng KH 23/01 | D27: GMDU2153444 | E27: Cẩm Giàng, Hải Dương - Hà Nam | G27: 500 | H27: 7975000 | J27: 1070000 | O27: =H27+J27+K27+L27+M27+N27 -> 9045000 | P27: 4800000 | Q27: =P27-O27 -> -4245000
A28: 20 | B28: 43123 | C28: Trả hàng + đóng hàng KH 24/01 | D28: GMDU2151204 | E28: Cẩm Giàng, Hải Dương - Hà Nam | J28: 1070000 | O28: =H28+J28+K28+L28+M28+N28 -> 1070000 | P28: 4800000 | Q28: =P28-O28 -> 3730000
A29: 21 | B29: 43124 | C29: Trả hàng + đóng hàng KH 25/01 | D29: HJMU2127342 | E29: Văn Giang, Hưng Yên - Hà Nam | J29: =1250000-180000 -> 1070000 | O29: =H29+J29+K29+L29+M29+N29 -> 1070000 | P29: 4700000 | Q29: =P29-O29 -> 3630000
A30: 22 | B30: 43125 | C30: Trả hàng + đóng hàng KH 26/01 | D30: TCKU2135264 | E30: Lim, Bắc Ninh - Hà Nam | J30: 1330000 | O30: =H30+J30+K30+L30+M30+N30 -> 1330000 | P30: 5000000 | Q30: =P30-O30 -> 3670000
A31: 23 | B31: 43126 | C31: Trả hàng NK sáng 27/01 | D31: SEGU5147061 | E31: Quốc Oai, Hà Nội | J31: =610000+90000 -> 700000 | O31: =H31+J31+K31+L31+M31+N31 -> 700000 | P31: 3700000 | Q31: =P31-O31 -> 3000000
A32: 24 | B32: 43129 | C32: Trả hàng + đóng hàng KH 29/01 | D32: GMDU2140576 | E32: Dị Sử, Hưng Yên - Hà Nam | G32: 570 | H32: 9091500 | J32: 1070000 | O32: =H32+J32+K32+L32+M32+N32 -> 10161500 | P32: 4700000 | Q32: =P32-O32 -> -5461500
A33: 25 | B33: 43129 | C33: Trả hàng + đóng hàng KH 30/01 | D33: WFHU1352026 | E33: Gia Lâm, Hà Nội - Hà Nam | J33: 1240000 | O33: =H33+J33+K33+L33+M33+N33 -> 1240000 | P33: 5000000 | Q33: =P33-O33 -> 3760000
A34: 26 | B34: 43130 | C34: Trả hàng + đóng hàng KH 31/01 | D34: DRYU2853598 | E34: Hoài Đức, Hà Nội - Hà Nam | J34: =1240000+180000 -> 1420000 | O34: =H34+J34+K34+L34+M34+N34 -> 1420000 | P34: 5200000 | Q34: =P34-O34 -> 3780000
O35: =H35+J35+K35+L35+M35+N35 -> 0 | Q35: =P35-O35 -> 0
C36: Mua vé cao tốc | L36: 5400000 | O36: =H36+J36+K36+L36+M36+N36 -> 5400000 | Q36: =P36-O36 -> -5400000
C37: Thanh toán tiền sửa xe 15C-139.82 (thay đèn hậu mooc) | L37: 100000 | O37: =H37+J37+K37+L37+M37+N37 -> 100000 | Q37: =P37-O37 -> -100000
C38: Lương | K38: 8653846 | O38: =H38+J38+K38+L38+M38+N38 -> 8653846 | Q38: =P38-O38 -> -8653846
C39: Phí gửi xe | K39: =1200000*1.1 -> 1320000 | O39: =H39+J39+K39+L39+M39+N39 -> 1320000 | Q39: =P39-O39 -> -1320000
A40: TỔNG CỘNG | G40: =SUM(G7:G39) -> 2507 | H40: =SUM(H7:H39) -> 39335980 | I40: =SUM(I7:I39) -> 0 | J40: =SUM(J7:J39) -> 25640000 | K40: =SUM(K7:K39) -> 9973846 | L40: =SUM(L7:L39) -> 5500000 | M40: =SUM(M7:M39) -> 0 | N40: =SUM(N7:N39) -> 0 | O40: =SUM(O9:O39) -> 80449826 | P40: =SUM(P7:P39) -> 117000000 | Q40: =SUM(Q9:Q39) -> 36550174
P42: LK = | Q42: =Q40 -> 36550174

Sheet 02-2018
A1: Bảng theo dõi doanh thu/ chi phí theo phương tiện vận chuyển
A2: Biển số xe: 15C - 139.82
B3: THÁNG 02.2018
A5: STT | B5: Ngày tháng | C5: Diễn giải | D5: Số cont | E5: Tuyến đường vận chuyển | F5: Khoảng cách (km) | G5: Chi phí | O5: Tổng chi phí | P5: Cước vận chuyển | Q5: Lợi nhuận gộp
G6: Dầu (l) | H6: Dầu (đồng) | I6: Mức TTBQ | J6: Đi đường | K6: Lương lx | L6: Sửa chữa | M6: Lốp | N6: Dầu máy
A7: 1 | B7: 43131 | C7: Trả hàng + đóng hàng KH 01/02 | D7: DRYU2902223 | E7: Trôi, Hà Nội - Hà Nam | J7: =1240000+180000 -> 1420000 | O7: =H7+J7+K7+L7+M7+N7 -> 1420000 | P7: 5200000 | Q7: =P7-O7 -> 3780000
A8: 2 | B8: 43132 | C8: Trả hàng NK sáng 02/02 | D8: YMLU8831684 | E8: Ngọc Hồi, Thanh Trì, Hà Nội | J8: 970000 | O8: =H8+J8+K8+L8+M8+N8 -> 970000 | P8: 3700000 | Q8: =P8-O8 -> 2730000
A9: 3 | B9: 43133 | C9: Trả hàng + đóng hàng KH 03/02 | D9: DRYU2923761 | E9: Văn Điển, Hà Nôi - Hà Nam | G9: 514 | H9: 8198300 | J9: 1420000 | O9: =H9+J9+K9+L9+M9+N9 -> 9618300 | P9: 5200000 | Q9: =P9-O9 -> -4418300
A10: 4 | B10: 43134 | C10: Trả hàng NK sáng 05/02 | D10: TCNU4771064 | E10: Ngọc Hồi, Thanh Trì, Hà Nội | J10: =610000+360000 -> 970000 | O10: =H10+J10+K10+L10+M10+N10 -> 970000 | P10: 3700000 | Q10: =P10-O10 -> 2730000
A11: 5 | B11: 43136 | C11: Trả hàng + đóng hàng KH 06/02 | D11: DRYU3090016 | E11: Phủ Lý , Hà Nam - Hà Nam | G11: 320 | H11: 5104000 | J11: 920000 | O11: =H11+J11+K11+L11+M11+N11 -> 6024000 | P11: 4700000 | Q11: =P11-O11 -> -1324000
A12: 6 | B12: 43137 | C12: Trả hàng NK sáng 07/02 | D12: BMOU5686615 | E12: Ngọc Hồi, Thanh Trì, Hà Nội | J12: 970000 | O12: =H12+J12+K12+L12+M12+N12 -> 970000 | P12: 3700000 | Q12: =P12-O12 -> 2730000
A13: 7 | B13: 43138 | C13: Trả hàng NK sáng 08/02 | D13: YMMU6030632 | E13: Ngọc Hồi, Thanh Trì, Hà Nội | J13: 970000 | O13: =H13+J13+K13+L13+M13+N13 -> 970000 | P13: 3700000 | Q13: =P13-O13 -> 2730000
A14: 8 | B14: 43139 | C14: Trả hàng + đóng hàng KH 09/02 | D14: WFHU1351729 | E14: Phùng, Hà Nội - Hà Nam | J14: 1420000 | O14: =H14+J14+K14+L14+M14+N14 -> 1420000 | P14: 5700000 | Q14: =P14-O14 -> 4280000
A15: 9 | B15: 43140 | C15: Trả hàng + đóng hàng KH 10/02 | D15: NPLU2213338 | E15: Chương Mỹ, Hà Nội - Hà Nam | J15: 1420000 | O15: =H15+J15+K15+L15+M15+N15 -> 1420000 | P15: 5300000 | Q15: =P15-O15 -> 3880000
A16: 10 | B16: 43152 | C16: Trả hàng NK sáng 23/02 | D16: BSIU9773400 | E16: Ngọc Hồi, Thanh Trì, Hà Nội | J16: 970000 | O16: =H16+J16+K16+L16+M16+N16 -> 970000 | P16: 3700000 | Q16: =P16-O16 -> 2730000
A17: 11 | B17: 43153 | C17: Trả hàng + đóng hàng KH 22/02 | D17: GMDU2152849 | E17: Thanh Trì , Hà Nội - Hà Nam | G17: 575 | H17: 9033250 | J17: 1420000 | O17: =H17+J17+K17+L17+M17+N17 -> 10453250 | P17: 5200000 | Q17: =P17-O17 -> -5253250
A18: 12 | B18: 43154 | C18: Trả hàng + đóng hàng KH 24/02 | D18: GMDU2150640 | E18: Cẩm Giàng, Hải Dương - Hà Nam | J18: 1250000 | O18: =H18+J18+K18+L18+M18+N18 -> 1250000 | P18: 4800000 | Q18: =P18-O18 -> 3550000
A19: 13 | B19: 43155 | C19: Đóng hàng chè sáng 25/02 | D19: BMOU4876185 | E19: Mỹ Bằng, Yên Sơn, Tuyên Quang | J19: 1710000 | O19: =H19+J19+K19+L19+M19+N19 -> 1710000 | P19: 7500000 | Q19: =P19-O19 -> 5790000
C20: Thanh toán tiền mua 2 lốp xe Otani 295/75R22.5 | M20: 9400000 | O20: =H20+J20+K20+L20+M20+N20 -> 9400000 | Q20: =P20-O20 -> -9400000
C21: Lương | K21: 4875000 | O21: =H21+J21+K21+L21+M21+N21 -> 4875000 | Q21: =P21-O21 -> -4875000
C22: Thưởng Tết AL | K22: 3000000 | O22: =H22+J22+K22+L22+M22+N22 -> 3000000 | Q22: =P22-O22 -> -3000000
C23: Phí gửi xe | K23: =1200000*1.1 -> 1320000 | O23: =H23+J23+K23+L23+M23+N23 -> 1320000 | Q23: =P23-O23 -> -1320000
A24: TỔNG CỘNG | G24: =SUM(G7:G23) -> 1409 | H24: =SUM(H7:H23) -> 22335550 | I24: =SUM(I7:I23) -> 0 | J24: =SUM(J7:J23) -> 15830000 | K24: =SUM(K7:K23) -> 9195000 | L24: =SUM(L7:L23) -> 0 | M24: =SUM(M7:M23) -> 9400000 | N24: =SUM(N7:N23) -> 0 | ... Q24: =SUM(Q7:Q23) -> 5339450
P26: LK = | Q26: ='01-2018'!Q42+'02-2018'!Q24 -> 41889624
P27: chi phí QL T1+2/18 | Q27: 4000000
P28: LN chia | Q28: =Q26-Q27 -> 37889624
P29: Mr. Huấn 47.08% | Q29: =Q28*47.08% -> 17838435

Sheet 03-2018
A1: Bảng theo dõi doanh thu/ chi phí theo phương tiện vận chuyển
A2: Biển số xe: 15C - 139.82
B3: THÁNG 03.2018
A5: STT | B5: Ngày tháng | C5: Diễn giải | D5: Số cont | E5: Tuyến đường vận chuyển | F5: Khoảng cách (km) | G5: Chi phí | O5: Tổng chi phí | P5: Cước vận chuyển | Q5: Lợi nhuận gộp
G6: Dầu (l) | H6: Dầu (đồng) | I6: Mức TTBQ | J6: Đi đường | K6: Lương lx | L6: Sửa chữa | M6: Lốp | N6: Dầu máy
A7: 1 | B7: 43164 | C7: Trả hàng NK sáng 06/03 | D7: BEAU4478926 | E7: Ngọc Hồi, Thanh Trì, Hà Nội | J7: 970000 | O7: =H7+J7+K7+L7+M7+N7 -> 970000 | P7: 3700000 | Q7: =P7-O7 -> 2730000
B8: 43165 | C8: Trả hàng NK sáng 07/03 | D8: YMMU6027156 | E8: Ngọc Hồi, Thanh Trì, Hà Nội | J8: 970000 | O8: =H8+J8+K8+L8+M8+N8 -> 970000 | P8: 3700000 | Q8: =P8-O8 -> 2730000
B9: 43166 | C9: Trả hàng + đóng hàng KH 08/03 | D9: TRHU3295408 | E9: TP. Thanh Hóa - Hà Nam | J9: 1150000 | O9: =H9+J9+K9+L9+M9+N9 -> 1150000 | P9: 6000000 | Q9: =P9-O9 -> 4850000
B10: 43167 | C10: Trả hàng + đóng hàng KH 09/03 | D10: GMDU2141588 | E10: Cẩm Giàng, Hải Dương - Hà Nam | G10: 300 | H10: 4713000 | J10: 1250000 | O10: =H10+J10+K10+L10+M10+N10 -> 5963000 | P10: 4800000 | Q10: =P10-O10 -> -1163000
B11: 43168 | C11: Trả hàng + đóng hàng KH 10/03 | D11: WFHU1364860 | E11: Văn Lâm, Hưng Yên - Hà Nam | J11: 1420000 | O11: =H11+J11+K11+L11+M11+N11 -> 1420000 | P11: 5000000 | Q11: =P11-O11 -> 3580000
B12: 43171 | C12: Trả hàng + đóng hàng KH 12/03 | D12: GMDU2153465 | E12: Cẩm Giàng, Hải Dương - Hà Nam | G12: 450 | H12: 7069500 | J12: 1250000 | O12: =H12+J12+K12+L12+M12+N12 -> 8319500 | P12: 4800000 | Q12: =P12-O12 -> -3519500
B13: 43171 | C13: Trả hàng + đóng hàng KH 13/03 | D13: GMDU2152812 | E13: Cẩm Giàng, Hải Dương - Hà Nam | J13: 1250000 | O13: =H13+J13+K13+L13+M13+N13 -> 1250000 | P13: 4800000 | Q13: =P13-O13 -> 3550000
B14: 43172 | C14: Đóng hàng tro bay sáng 14/03 | D14: TCKU2739480 | E14: Phả Lại, Hải Dương | J14: 650000 | O14: =H14+J14+K14+L14+M14+N14 -> 650000 | P14: 3000000 | Q14: =P14-O14 -> 2350000
B15: 43173 | C15: Trả hàng + đóng hàng KH 15/03 | D15: GMDU2150738 | E15: Cẩm Giàng, Hải Dương - Hà Nam | G15: 290 | H15: 4555900 | J15: 1250000 | O15: =H15+J15+K15+L15+M15+N15 -> 5805900 | P15: 4800000 | Q15: =P15-O15 -> -1005900
B16: 43174 | C16: Trả hàng + đóng hàng KH 16/03 | D16: GMDU2151204 | E16: Cẩm Giàng, Hải Dương - Hà Nam | J16: 1250000 | O16: =H16+J16+K16+L16+M16+N16 -> 1250000 | P16: 4800000 | Q16: =P16-O16 -> 3550000
B17: 43175 | C17: Trả hàng + đóng hàng KH 17/03 | D17: WFHU1365126 | E17: Long Biên, Hà Nội - Hà Nam | G17: 240 | H17: 3770400 | J17: 1420000 | O17: =H17+J17+K17+L17+M17+N17 -> 5190400 | P17: 5200000 | Q17: =P17-O17 -> 9600
B18: 43178 | C18: Trả hàng + đóng hàng KH 19/03 | D18: GMDU2140196 | E18: Cẩm Giàng, Hải Dương - Hà Nam | J18: 1250000 | O18: =H18+J18+K18+L18+M18+N18 -> 1250000 | P18: 4800000 | Q18: =P18-O18 -> 3550000
B19: 43179 | C19: Trả hàng NK sáng 21/03 | D19: SEGU4258327 | E19: KCN Vân Trung, Việt Yên, Bắc Giang | G19: 240 | H19: 3770400 | J19: 790000 | O19: =H19+J19+K19+L19+M19+N19 -> 4560400 | P19: 3300000 | Q19: =P19-O19 -> -1260400
A20: 2 | B20: 43180 | C20: Trả hàng NK tối 21/03 | D20: SEGU9561568 | E20: Quảng Hà, Quảng Yên, Quảng Ninh | J20: 600000 | O20: =H20+J20+K20+L20+M20+N20 -> 600000 | P20: 2900000 | Q20: =P20-O20 -> 2300000
A21: 3 | B21: 43180 | C21: Đóng hàng cốp pha sáng 22/03 | D21: TRLU5007685 | E21: TT Đức Hòa, huyện Đức Hòa, Long An | J21: 1200000 | O21: =H21+J21+K21+L21+M21+N21 -> 1200000 | P21: 4500000 | Q21: =P21-O21 -> 3300000
A22: 4 | B22: 43181 | C22: Trả hàng + đóng hàng KH 23/03 | D22: GMDU2418435 | E22: Hoàng Mai, Hà Nội - Hà Nam | G22: 265 | H22: 4163150 | J22: 1420000 | O22: =H22+J22+K22+L22+M22+N22 -> 5583150 | P22: 5200000 | Q22: =P22-O22 -> -383150
A23: 5 | B23: 43182 | C23: Trả hàng + đóng hàng KH 24/03 | D23: WFHU1358657 | E23: Gia Thụy, Hà Nội - Hà Nam | J23: 1420000 | O23: =H23+J23+K23+L23+M23+N23 -> 1420000 | P23: 5200000 | Q23: =P23-O23 -> 3780000
A24: 6 | B24: 43184 | C24: Trả hàng + đóng hàng KH 26/03 | D24: GMDU2141504 | E24: Cẩm Giàng, Hải Dương - Hà Nam | G24: 275 | H24: 4320250 | J24: 1250000 | O24: =H24+J24+K24+L24+M24+N24 -> 5570250 | P24: 4800000 | Q24: =P24-O24 -> -770250
A25: 7 | B25: 43185 | C25: Trả hàng + đóng hàng KH 27/03 | D25: GMDU2150466 | E25: Cẩm Giàng, Hải Dương - Hà Nam | J25: 1250000 | O25: =H25+J25+K25+L25+M25+N25 -> 1250000 | P25: 4800000 | Q25: =P25-O25 -> 3550000
A26: 8 | B26: 43186 | C26: Đóng hàng sáng 28/03 | D26: EISU9048469 | E26: KCN Vân Trung, Bắc Giang | G26: 230 | H26: 3613300 | J26: 790000 | O26: =H26+J26+K26+L26+M26+N26 -> 4403300 | P26: 3200000 | Q26: =P26-O26 -> -1203300
A27: 9 | B27: 43187 | C27: Trả hàng NK sáng 29/03 | D27: BMOU6204636 | E27: Ngọc Hồi, Thanh Trì, Hà Nội | J27: 970000 | O27: =H27+J27+K27+L27+M27+N27 -> 970000 | P27: 3700000 | Q27: =P27-O27 -> 2730000
A28: 10 | B28: 43188 | C28: Trả hàng + đóng hàng KH 30/03 | D28: GMDU2413367 | E28: Yên Mỹ, Hưng Yên - Hà Nam | J28: 1250000 | O28: =H28+J28+K28+L28+M28+N28 -> 1250000 | P28: 4700000 | Q28: =P28-O28 -> 3450000
A29: 11 | B29: 43189 | C29: Trả hàng + đóng hàng KH 31/03 | D29: GMDU2150403 | E29: Cẩm Giàng, Hải Dương - Hà Nam | G29: 300 | H29: 4713000 | J29: 1250000 | O29: =H29+J29+K29+L29+M29+N29 -> 5963000 | P29: 4800000 | Q29: =P29-O29 -> -1163000
A30: 12 | O30: =H30+J30+K30+L30+M30+N30 -> 0 | Q30: =P30-O30 -> 0
A31: 13 | O31: =H31+J31+K31+L31+M31+N31 -> 0 | Q31: =P31-O31 -> 0
C32: Thanh toán tiền sửa xe 15C-139.82 (thay 4 đèn led, công thay) | L32: 430000 | O32: =H32+J32+K32+L32+M32+N32 -> 430000 | Q32: =P32-O32 -> -430000
C33: Lương | K33: 7615385 | O33: =H33+J33+K33+L33+M33+N33 -> 7615385 | Q33: =P33-O33 -> -7615385
C34: Thanh toán tiền mua 02 lốp cho xe 15C-139.82 | M34: 9600000 | O34: =H34+J34+K34+L34+M34+N34 -> 9600000 | Q34: =P34-O34 -> -9600000
C35: Thanh toán tiền sửa xe 15C-139.82 (bơm mỡ, đảo lốp, đảo cần) | L35: 280000 | O35: =H35+J35+K35+L35+M35+N35 -> 280000 | Q35: =P35-O35 -> -280000
C36: Phí gửi xe | K36: =1200000*1.1 -> 1320000 | O36: =H36+J36+K36+L36+M36+N36 -> 1320000 | Q36: =P36-O36 -> -1320000
A37: TỔNG CỘNG | G37: =SUM(G7:G36) -> 2590 | H37: =SUM(H7:H36) -> 40688900 | I37: =SUM(I7:I36) -> 0 | J37: =SUM(J7:J36) -> 26270000 | K37: =SUM(K7:K36) -> 8935385 | L37: =SUM(L7:L36) -> 710000 | M37: =SUM(M7:M36) -> 9600000 | N37: =SUM(N7:N36) -> 0 | ... Q37: =SUM(Q7:Q36) -> 16295715
P39: LK = | Q39: ='02-2018'!Q26+'03-2018'!Q37 -> 58185339

Sheet 04-2018
A1: Bảng theo dõi doanh thu/ chi phí theo phương tiện vận chuyển
A2: Biển số xe: 15C - 139.82
B3: THÁNG 04.2018
A5: STT | B5: Ngày tháng | C5: Diễn giải | D5: Số cont | E5: Tuyến đường vận chuyển | F5: Khoảng cách (km) | G5: Chi phí | O5: Tổng chi phí | P5: Cước vận chuyển | Q5: Lợi nhuận gộp
G6: Dầu (l) | H6: Dầu (đồng) | I6: Mức TTBQ | J6: Đi đường | K6: Lương lx | L6: Sửa chữa | M6: Lốp | N6: Dầu máy
A7: 1 | B7: 43192 | C7: Trả hàng + đóng hàng KH 02/04 | D7: DRYU3027585 | E7: KCN Đại Đồng, Bắc Ninh - Hà Nam | G7: 245 | H7: 3848950 | J7: 1510000 | O7: =H7+J7+K7+L7+M7+N7 -> 5358950 | P7: 5200000 | Q7: =P7-O7 -> -158950
B8: 43192 | C8: Trả hàng + đóng hàng KH 03/04 | D8: WFHU1351740 | E8: Hoài Đức, Hà Nôi - Hà Nam | J8: 1420000 | O8: =H8+J8+K8+L8+M8+N8 -> 1420000 | P8: 5200000 | Q8: =P8-O8 -> 3780000
B9: 43193 | C9: Trả hàng + đóng hàng KH 04/04 | D9: BISU2834674 | E9: Trôi, Hà Nội - Hà Nam | J9: 1420000 | O9: =H9+J9+K9+L9+M9+N9 -> 1420000 | P9: 5200000 | Q9: =P9-O9 -> 3780000
B10: 43194 | C10: Đóng hàng chè sáng 05/04 | D10: WHSU5093595 | E10: Mộc Châu, Sơn La | G10: 285 | H10: 4477350 | J10: =2920000-180000 -> 2740000 | O10: =H10+J10+K10+L10+M10+N10 -> 7217350 | P10: 12727273 | Q10: =P10-O10 -> 5509923
B11: 43196 | C11: Đóng hàng chè sáng 07/04 | D11: OOLU9175943 | E11: Mộc Châu, Sơn La | G11: 245 | H11: 3848950 | J11: =2920000-180000 -> 2740000 | O11: =H11+J11+K11+L11+M11+N11 -> 6588950 | P11: 12181818 | Q11: =P11-O11 -> 5592868
B12: 43199 | C12: Trả háng sáng 09/04 | D12: DRYU9590343 | E12: TP Hải Dương | G12: 300 | H12: 4905000 | J12: 850000 | O12: =H12+J12+K12+L12+M12+N12 -> 5755000 | P12: 2409091 | Q12: =P12-O12 -> -3345909
B13: 43199 | C13: Đóng hàng cốp pha chiều 09/04 | D13: DRYU9590343 | E13: TT Đức Hòa, huyện Đức Hòa, Long An | J13: 0 | O13: =H13+J13+K13+L13+M13+N13 -> 0 | P13: 1500000 | Q13: =P13-O13 -> 1500000
B14: 43199 | C14: Trả hàng + đóng hàng KH 10/04 | D14: DRYU2902408 | E14: KCN Đại Đồng, Bắc Ninh - Hà Nam | J14: 1510000 | O14: =H14+J14+K14+L14+M14+N14 -> 1510000 | P14: 5200000 | Q14: =P14-O14 -> 3690000
B15: 43200 | C15: Trả hàng + đóng hàng KH 11/04 | D15: TCLU2355857 | E15: Cẩm Giàng, Hải Dương - Hà Nam | J15: 1250000 | O15: =H15+J15+K15+L15+M15+N15 -> 1250000 | P15: 4800000 | Q15: =P15-O15 -> 3550000
B16: 43201 | C16: Trả hàng + đóng hàng KH 12/04 | D16: TRHU1343852 | E16: Yên Mỹ, Hưng Yên - Hà Nam | J16: 1250000 | O16: =H16+J16+K16+L16+M16+N16 -> 1250000 | P16: 4700000 | Q16: =P16-O16 -> 3450000
B17: 43202 | C17: Đóng hàng chè sáng 13/04 | D17: OOLU8520095 | E17: Mộc Châu, Sơn La | G17: 240 | H17: 3924000 | J17: 2740000 | O17: =H17+J17+K17+L17+M17+N17 -> 6664000 | P17: 12181818 | Q17: =P17-O17 -> 5517818
B18: 43203 | C18: Trả hàng + đóng hàng KH 14/04 | D18: DRYU3010242 | E18: Cẩm Giàng, Hải Dương - Hà Nam | G18: 365 | H18: 5967750 | J18: 1250000 | O18: =H18+J18+K18+L18+M18+N18 -> 7217750 | P18: 4800000 | Q18: =P18-O18 -> -2417750
B19: 43206 | C19: Trả hàng sáng 16/04 | D19: GMTU7030613 | E19: KCN VSIP Bắc Ninh | G19: 200 | H19: 3270000 | J19: 790000 | O19: =H19+J19+K19+L19+M19+N19 -> 4060000 | P19: 3300000 | Q19: =P19-O19 -> -760000
A20: 2 | B20: 43206 | C20: Đóng háng sáng 17/04 | D20: BSIU2985829 | E20: KCN Thụy Vân, Việt Trì | J20: 1460000 | O20: =H20+J20+K20+L20+M20+N20 -> 1460000 | P20: 5000000 | Q20: =P20-O20 -> 3540000
A21: 3 | B21: 43207 | C21: Trả hàng + đóng hàng KH 18/04 | D21: DRYU3094990 | E21: Cẩm Giàng, Hải Dương - Hà Nam | J21: 1250000 | O21: =H21+J21+K21+L21+M21+N21 -> 1250000 | P21: 4800000 | Q21: =P21-O21 -> 3550000
A22: 4 | B22: 43208 | C22: Trả hàng + đóng hàng KH 19/04 | D22: TCLU2338891 | E22: Cẩm Giàng, Hải Dương - Hà Nam | G22: 260 | H22: 4251000 | J22: 1250000 | O22: =H22+J22+K22+L22+M22+N22 -> 5501000 | P22: 4800000 | Q22: =P22-O22 -> -701000
A23: 5 | B23: 43209 | C23: Đóng hàng chè sáng 20/04 | D23: WHSU2131900 | E23: TT Trần Phú, Văn Chấn, Yên Bái | J23: =2070000-180000+360000 -> 2250000 | O23: =H23+J23+K23+L23+M23+N23 -> 2250000 | P23: 9090909 | Q23: =P23-O23 -> 6840909
A24: 6 | B24: 43210 | C24: Trả hàng NK sáng 21/04 | D24: BMOU6463679 | E24: Tam Dương, Vĩnh Phúc | G24: 300 | H24: 4905000 | J24: 1200000 | O24: =H24+J24+K24+L24+M24+N24 -> 6105000 | P24: 4600000 | Q24: =P24-O24 -> -1505000
A25: 7 | B25: 43213 | C25: Đóng hàng sáng 23/04 | D25: WHLU0525052 | E25: KCN Song Khê, Bắc Giang | G25: 220 | H25: 3680000 | J25: 790000 | O25: =H25+J25+K25+L25+M25+N25 -> 4470000 | P25: 3200000 | Q25: =P25-O25 -> -1270000
A26: 8 | B26: 43213 | C26: Trả hàng + đóng hàng KH 24/04 | D26: DRYU2853540 | E26: Hoài Đức, Hà Nội - Hà Nam | J26: 1420000 | O26: =H26+J26+K26+L26+M26+N26 -> 1420000 | P26: 5200000 | Q26: =P26-O26 -> 3780000
A27: 9 | B27: 43214 | C27: Trả hàng NK sáng 25/04 | D27: PCLU5153007 | E27: TP. Bắc Ninh | J27: 790000 | O27: =H27+J27+K27+L27+M27+N27 -> 790000 | P27: 3200000 | Q27: =P27-O27 -> 2410000
A28: 10 | B28: 43215 | C28: Trả hàng + đóng hàng KH 26/04 | D28: HJMU2110720 | E28: Vĩnh Yên, Vĩnh Phúc - Hà Nam | J28: 1510000 | O28: =H28+J28+K28+L28+M28+N28 -> 1510000 | P28: 6100000 | Q28: =P28-O28 -> 4590000
A29: 11 | B29: 43216 | C29: Trả hàng + đóng hàng KH 27/04 | D29: CRSU1095239 | E29: Vĩnh Yên, Vĩnh Phúc - Hà Nam | G29: 400 | H29: 6692000 | J29: 1510000 | O29: =H29+J29+K29+L29+M29+N29 -> 8202000 | P29: 6100000 | Q29: =P29-O29 -> -2102000
A30: 12 | B30: 43217 | C30: Trả hàng NK sáng 28/04 | D30: TEMU6138055 | E30: Thạch Thất, Quốc Oai, Hà Nội | G30: 270 | H30: =G30*16730 -> 4517100 | J30: 970000 | O30: =H30+J30+K30+L30+M30+N30 -> 5487100 | P30: 3900000 | Q30: =P30-O30 -> -1587100
A31: 13 | O31: =H31+J31+K31+L31+M31+N31 -> 0 | Q31: =P31-O31 -> 0
C32: Thanh toán tiền lọc nhớt xe 15C-139.82 | L32: 850000 | O32: =H32+J32+K32+L32+M32+N32 -> 850000 | Q32: =P32-O32 -> -850000
C33: Thay dầu nhớt 40l + 10l dự phòng = 50l | N33: =11500000/4 -> 2875000 | O33: =H33+J33+K33+L33+M33+N33 -> 2875000 | Q33: =P33-O33 -> -2875000
C34: Lương | K34: =8653846-1500000 -> 7153846 | O34: =H34+J34+K34+L34+M34+N34 -> 7153846 | Q34: =P34-O34 -> -7153846
C35: Thưởng 1.5 | K35: 500000 | O35: =H35+J35+K35+L35+M35+N35 -> 500000 | Q35: =P35-O35 -> -500000
C36: Thanh toán tiền định vị bách khoa xe | L36: =2508000/2 -> 1254000 | O36: =H36+J36+K36+L36+M36+N36 -> 1254000 | Q36: =P36-O36 -> -1254000
C37: Mua dây curoa dự phòng cho xe 15C-139.82 | L37: 250000 | O37: =H37+J37+K37+L37+M37+N37 -> 250000 | Q37: =P37-O37 -> -250000
C38: Thanh toán tiền sửa xe 15C-139.82 (lắp bóng tải hơi, thay bát phanh lốc kê..) | L38: 700000 | O38: =H38+J38+K38+L38+M38+N38 -> 700000 | Q38: =P38-O38 -> -700000
C39: Thanh toán tiền sửa xe 15C-139.82 (bạc nhíp) | L39: 600000 | O39: =H39+J39+K39+L39+M39+N39 -> 600000 | Q39: =P39-O39 -> -600000
C40: Thanh toán tiền sửa xe 15C-139.82 (bóng tải) | L40: 2400000 | O40: =H40+J40+K40+L40+M40+N40 -> 2400000 | Q40: =P40-O40 -> -2400000
C41: Phí kiểm định xe 15C-139.82 | L41: 840000 | O41: =H41+J41+K41+L41+M41+N41 -> 840000 | Q41: =P41-O41 -> -840000
C42: Phí sử dụng đường bộ xe 15C-139.82 | L42: 8485000 | O42: =H42+J42+K42+L42+M42+N42 -> 8485000 | Q42: =P42-O42 -> -8485000
C43: Phí dịch vụ đăng kiểm xe 15C-139.82 | L43: 300000 | O43: =H43+J43+K43+L43+M43+N43 -> 300000 | Q43: =P43-O43 -> -300000
C44: Sửa hơi xe 15C-139.82 | L44: 150000 | O44: =H44+J44+K44+L44+M44+N44 -> 150000 | Q44: =P44-O44 -> -150000
C45: Thanh toán 1/2 tiền lốp xe 15C-139.82 | M45: =1/2*6000000 -> 3000000 | O45: =H45+J45+K45+L45+M45+N45 -> 3000000 | Q45: =P45-O45 -> -3000000
C46: Phí gửi xe | K46: =1200000*1.1 -> 1320000 | O46: =H46+J46+K46+L46+M46+N46 -> 1320000 | Q46: =P46-O46 -> -1320000
A47: TỔNG CỘNG | G47: =SUM(G7:G46) -> 3330 | H47: =SUM(H7:H46) -> 54287100 | I47: =SUM(I7:I46) -> 0 | J47: =SUM(J7:J46) -> 33870000 | K47: =SUM(K7:K46) -> 8973846 | L47: =SUM(L7:L46) -> 15829000 | M47: =SUM(M7:M46) -> 3000000 | N47: =SUM(N7:N46) -> 2875000 | ... Q47: =SUM(Q7:Q46) -> 16555963
P49: LK = | Q49: ='03-2018'!Q39+'04-2018'!Q47 -> 74741302

Sheet 05-2018
A1: Bảng theo dõi doanh thu/ chi phí theo phương tiện vận chuyển
A2: Biển số xe: 15C - 139.82
B3: THÁNG 05.2018
A5: STT | B5: Ngày tháng | C5: Diễn giải | D5: Số cont | E5: Tuyến đường vận chuyển | F5: Khoảng cách (km) | G5: Chi phí | O5: Tổng chi phí | P5: Cước vận chuyển | Q5: Lợi nhuận gộp
G6: Dầu (l) | H6: Dầu (đồng) | I6: Mức TTBQ | J6: Đi đường | K6: Lương lx | L6: Sửa chữa | M6: Lốp | N6: Dầu máy
A7: 1 | B7: 43218 | C7: Trả hàng NK sáng 02/05 | D7: BMOU6189207 | E7: Ngọc Hồi, Thanh Trì, Hà Nội | J7: 970000 | O7: =H7+J7+K7+L7+M7+N7 -> 970000 | P7: 3700000 | Q7: =P7-O7 -> 2730000
A8: 2 | B8: 43222 | C8: Đóng hàng chè sáng 03/05 | D8: WHLU4251495 | E8: Mộc Châu, Sơn La | J8: 2740000 | O8: =H8+J8+K8+L8+M8+N8 -> 2740000 | P8: 14090909 | Q8: =P8-O8 -> 11350909
A9: 3 | B9: 43223 | C9: Trả hàng NK sáng 04/05 | D9: TEMU7713708 | E9: Ngọc Hồi, Thanh Trì, Hà Nội | J9: 970000 | O9: =H9+J9+K9+L9+M9+N9 -> 970000 | P9: 3700000 | Q9: =P9-O9 -> 2730000
A10: 4 | B10: 43223 | C10: Trả hàng NK sáng 05/05 | D10: SEGU4531030 | E10: Ngọc Hồi, Thanh Trì, Hà Nội | G10: 350 | H10: 5855500 | J10: 970000 | O10: =H10+J10+K10+L10+M10+N10 -> 6825500 | P10: 3700000 | Q10: =P10-O10 -> -3125500
A11: 5 | B11: 43225 | C11: Trả hàng NK sáng 07/05 | D11: DFSU6738660 | E11: Ngọc Hồi, Thanh Trì, Hà Nội | J11: =970000+90000-90000 -> 970000 | O11: =H11+J11+K11+L11+M11+N11 -> 970000 | P11: 3700000 | Q11: =P11-O11 -> 2730000
A12: 6 | B12: 43227 | C12: Trả hàng NK sáng 08/05 | D12: UETU5544884 | E12: Thường Tín, Hà Nội | J12: 970000 | O12: =H12+J12+K12+L12+M12+N12 -> 970000 | P12: 3600000 | Q12: =P12-O12 -> 2630000
A13: 7 | B13: 43228 | C13: Trả hàng NK đêm 08/05 | D13: OOLU8886382 | E13: La Khê, Hà Đông, Hà Nội | G13: 300 | H13: 5019000 | J13: =970000+600000+400000 -> 1970000 | O13: =H13+J13+K13+L13+M13+N13 -> 6989000 | P13: 4400000 | Q13: =P13-O13 -> -2589000
A14: 8 | B14: 43229 | C14: Đóng hàng KH sáng 09/05 | D14: OOLU8886382 | E14: Mạo Khê, Quảng Ninh | J14: 0 | O14: =H14+J14+K14+L14+M14+N14 -> 0 | P14: 4000000 | Q14: =P14-O14 -> 4000000
A15: 9 | B15: 43230 | C15: Trả hàng + đóng hàng KH 11/05 | D15: SEGU2122795 | E15: Việt Yên, Bắc Giang - Hà Nam | G15: 220 | H15: 3762000 | J15: 1510000 | O15: =H15+J15+K15+L15+M15+N15 -> 5272000 | P15: 5200000 | Q15: =P15-O15 -> -72000
A16: 10 | B16: 43231 | C16: Trả hàng + đóng hàng KH 12/05 | D16: DRYU3094808 | E16: Hưng Yên - TP, Bắc Giang - Hà Nam | J16: =1250000+440000 -> 1690000 | O16: =H16+J16+K16+L16+M16+N16 -> 1690000 | P16: =5200000+520000 -> 5720000 | Q16: =P16-O16 -> 4030000
A17: 11 | B17: 43232 | C17: Trả hàng Vietsun sáng 14/05 | D17: TCNU4785089 | E17: KCN Đồng Văn, Hà Nam | J17: =790000-180000 -> 610000 | O17: =H17+J17+K17+L17+M17+N17 -> 610000 | P17: 3718182 | Q17: =P17-O17 -> 3108182
A18: 12 | B18: 43234 | C18: Trả hàng + đóng hàng KH 15/05 | D18: CRSU1252662 | E18: Vĩnh Yên, Vĩnh Phúc - Hà Nam | G18: 320 | H18: 5472000 | J18: 1510000 | O18: =H18+J18+K18+L18+M18+N18 -> 6982000 | P18: 6100000 | Q18: =P18-O18 -> -882000
A19: 13 | B19: 43235 | C19: Trả hàng NK sáng 16/05 | D19: YMLU6092552 | E19: Ngọc Hồi, Thanh Trì, Hà Nội | J19: 970000 | O19: =H19+J19+K19+L19+M19+N19 -> 970000 | P19: 3700000 | Q19: =P19-O19 -> 2730000
A20: 14 | B20: 43235 | C20: Trả hàng NK sáng 17/05 | D20: SEGU5397409 | E20: Ngọc Hồi, Thanh Trì, Hà Nội | G20: 350 | H20: 5985000 | J20: 970000 | O20: =H20+J20+K20+L20+M20+N20 -> 6955000 | P20: 3700000 | Q20: =P20-O20 -> -3255000
A21: 15 | B21: 43237 | C21: Trả hàng Vietsun sáng 18/05 | D21: TCNU4595664 | E21: Dị Sử, Mỹ Hào, Hưng Yên | J21: 790000 | O21: =H21+J21+K21+L21+M21+N21 -> 790000 | P21: 2809091 | Q21: =P21-O21 -> 2019091
A22: 16 | B22: 43238 | C22: Trả hàng NK sáng 19/05 | D22: NSSU7066457 | E22: Phố Nối A, Văn Lâm, Hưng Yên | J22: 790000 | O22: =H22+J22+K22+L22+M22+N22 -> 790000 | P22: 2800000 | Q22: =P22-O22 -> 2010000
A23: 17 | B23: 43239 | C23: Đóng hàng kết hợp chiều 19/05 | D23: NSSU7066457 | E23: KCN Quế Võ, Bắc Ninh | J23: 0 | O23: =H23+J23+K23+L23+M23+N23 -> 0 | P23: 1100000 | Q23: =P23-O23 -> 1100000
A24: 18 | B24: 43239 | C24: Trả hàng + đóng hàng KH 21/05 | D24: DRYU2902331 | E24: Vĩnh Yên - Vĩnh Tường, VP - Hà Nam | G24: 290 | H24: 4959000 | J24: 1510000 | O24: =H24+J24+K24+L24+M24+N24 -> 6469000 | P24: 6100000 | Q24: =P24-O24 -> -369000
A25: 19 | B25: 43242 | C25: Trả hàng NK sáng 22/05 | D25: CCLU3302011 | E25: KCN VSIP Bắc Ninh | G25: 250 | H25: 4275000 | J25: 790000 | O25: =H25+J25+K25+L25+M25+N25 -> 5065000 | P25: 3200000 | Q25: =P25-O25 -> -1865000
A26: 20 | B26: 43242 | C26: Đóng hàng chè sáng 23/05 | D26: WHSU2331473 | E26: TT Trần Phú, Văn Chấn, Yên Bái | J26: 2750000 | O26: =H26+J26+K26+L26+M26+N26 -> 2750000 | P26: 6500000 | Q26: =P26-O26 -> 3750000
A27: 21 | B27: 43242 | C27: Đóng hàng chè sáng 23/05 | D27: WHSU2330902 | E27: TT Trần Phú, Văn Chấn, Yên Bái | J27: 0 | O27: =H27+J27+K27+L27+M27+N27 -> 0 | P27: 6500000 | Q27: =P27-O27 -> 6500000
